Feedstock_Type,Initial_Mass_kg,Initial_Moisture_Pct,Initial_Motor_Load_A,Target_Batch_Time_Min,Target_Final_Mass_kg,Projected_NPK_Profile
"Standard PH Household Waste (74% Rice, 11% Meat, 10% Veg)",2.05,77.72,3.13,164.2,0.69,Balanced Organic (High C / Moderate K)
Pure Carbohydrate / Grain Waste (90%+ Rice/Bread),1.99,75.6,2.38,160.0,0.73,Organic Soil Conditioner (High Carbon)
"High-Vegetable / Market Scraps (40% Veg, 40% Rice, 20% Fruit)",4.63,79.49,1.41,264.3,1.39,High Nitrogen & Fiber (N-Rich)
"High-Vegetable / Market Scraps (40% Veg, 40% Rice, 20% Fruit)",2.0,81.61,1.53,166.2,0.56,High Nitrogen & Fiber (N-Rich)
"Standard PH Household Waste (74% Rice, 11% Meat, 10% Veg)",2.09,78.8,1.71,166.8,0.67,Balanced Organic (High C / Moderate K)
"Standard PH Household Waste (74% Rice, 11% Meat, 10% Veg)",4.04,72.35,2.34,228.1,1.63,Balanced Organic (High C / Moderate K)
"Standard PH Household Waste (74% Rice, 11% Meat, 10% Veg)",2.8,78.97,1.97,194.0,0.87,Balanced Organic (High C / Moderate K)
"High-Protein / Meat Scraps (40% Meat, 45% Rice, 15% Veg)",4.11,72.06,2.11,229.9,1.67,High Phosphorus & Nitrogen (P-N Rich)
"High-Vegetable / Market Scraps (40% Veg, 40% Rice, 20% Fruit)",1.26,86.86,1.92,140.5,0.27,High Nitrogen & Fiber (N-Rich)
"High-Vegetable / Market Scraps (40% Veg, 40% Rice, 20% Fruit)",2.95,80.97,1.38,202.5,0.84,High Nitrogen & Fiber (N-Rich)
"Standard PH Household Waste (74% Rice, 11% Meat, 10% Veg)",1.13,76.11,2.06,129.3,0.42,Balanced Organic (High C / Moderate K)
Pure Carbohydrate / Grain Waste (90%+ Rice/Bread),1.25,74.72,4.07,132.7,0.49,Organic Soil Conditioner (High Carbon)
"High-Protein / Meat Scraps (40% Meat, 45% Rice, 15% Veg)",4.63,72.4,2.79,248.6,1.86,High Phosphorus & Nitrogen (P-N Rich)
"Standard PH Household Waste (74% Rice, 11% Meat, 10% Veg)",1.56,75.97,1.9,144.7,0.57,Balanced Organic (High C / Moderate K)
"Standard PH Household Waste (74% Rice, 11% Meat, 10% Veg)",3.13,79.38,2.28,207.1,0.96,Balanced Organic (High C / Moderate K)
"Standard PH Household Waste (74% Rice, 11% Meat, 10% Veg)",2.64,78.71,2.11,187.8,0.84,Balanced Organic (High C / Moderate K)
"Standard PH Household Waste (74% Rice, 11% Meat, 10% Veg)",2.39,72.81,3.49,171.4,0.96,Balanced Organic (High C / Moderate K)
"Standard PH Household Waste (74% Rice, 11% Meat, 10% Veg)",4.6,73.56,3.48,250.3,1.77,Balanced Organic (High C / Moderate K)
"Standard PH Household Waste (74% Rice, 11% Meat, 10% Veg)",1.09,81.77,3.11,130.6,0.32,Balanced Organic (High C / Moderate K)
"Standard PH Household Waste (74% Rice, 11% Meat, 10% Veg)",3.66,78.59,2.7,225.8,1.15,Balanced Organic (High C / Moderate K)
"High-Vegetable / Market Scraps (40% Veg, 40% Rice, 20% Fruit)",4.85,86.66,1.43,289.8,0.96,High Nitrogen & Fiber (N-Rich)
"Standard PH Household Waste (74% Rice, 11% Meat, 10% Veg)",3.24,76.68,2.78,207.2,1.11,Balanced Organic (High C / Moderate K)
"Standard PH Household Waste (74% Rice, 11% Meat, 10% Veg)",4.75,76.11,2.41,261.3,1.65,Balanced Organic (High C / Moderate K)
"Standard PH Household Waste (74% Rice, 11% Meat, 10% Veg)",1.21,75.3,2.67,131.6,0.46,Balanced Organic (High C / Moderate K)
"Standard PH Household Waste (74% Rice, 11% Meat, 10% Veg)",2.68,80.51,1.98,191.3,0.78,Balanced Organic (High C / Moderate K)
"High-Protein / Meat Scraps (40% Meat, 45% Rice, 15% Veg)",2.04,75.28,2.63,161.6,0.75,High Phosphorus & Nitrogen (P-N Rich)
"Standard PH Household Waste (74% Rice, 11% Meat, 10% Veg)",3.92,80.23,2.66,239.0,1.14,Balanced Organic (High C / Moderate K)
"Standard PH Household Waste (74% Rice, 11% Meat, 10% Veg)",4.93,79.8,1.63,276.5,1.46,Balanced Organic (High C / Moderate K)
"High-Vegetable / Market Scraps (40% Veg, 40% Rice, 20% Fruit)",2.03,86.18,1.23,171.7,0.43,High Nitrogen & Fiber (N-Rich)
"Standard PH Household Waste (74% Rice, 11% Meat, 10% Veg)",3.62,80.9,3.48,228.3,1.02,Balanced Organic (High C / Moderate K)
"High-Vegetable / Market Scraps (40% Veg, 40% Rice, 20% Fruit)",1.79,80.94,1.37,157.5,0.52,High Nitrogen & Fiber (N-Rich)
"Standard PH Household Waste (74% Rice, 11% Meat, 10% Veg)",3.26,79.65,2.08,212.6,0.98,Balanced Organic (High C / Moderate K)
"Standard PH Household Waste (74% Rice, 11% Meat, 10% Veg)",2.86,80.66,1.8,198.4,0.82,Balanced Organic (High C / Moderate K)
Pure Carbohydrate / Grain Waste (90%+ Rice/Bread),4.89,69.26,4.45,250.4,2.18,Organic Soil Conditioner (High Carbon)
Pure Carbohydrate / Grain Waste (90%+ Rice/Bread),3.43,74.74,4.12,211.1,1.27,Organic Soil Conditioner (High Carbon)
"High-Protein / Meat Scraps (40% Meat, 45% Rice, 15% Veg)",2.4,68.57,2.61,166.8,1.11,High Phosphorus & Nitrogen (P-N Rich)
"Standard PH Household Waste (74% Rice, 11% Meat, 10% Veg)",1.46,77.94,2.75,142.4,0.49,Balanced Organic (High C / Moderate K)
"Standard PH Household Waste (74% Rice, 11% Meat, 10% Veg)",1.6,78.83,2.69,148.6,0.52,Balanced Organic (High C / Moderate K)
"High-Vegetable / Market Scraps (40% Veg, 40% Rice, 20% Fruit)",1.9,82.29,1.42,163.0,0.51,High Nitrogen & Fiber (N-Rich)
"Standard PH Household Waste (74% Rice, 11% Meat, 10% Veg)",2.0,79.69,2.03,164.5,0.62,Balanced Organic (High C / Moderate K)
"Standard PH Household Waste (74% Rice, 11% Meat, 10% Veg)",4.4,78.92,2.04,254.6,1.36,Balanced Organic (High C / Moderate K)
"Standard PH Household Waste (74% Rice, 11% Meat, 10% Veg)",3.24,78.25,3.02,209.8,1.04,Balanced Organic (High C / Moderate K)
"Standard PH Household Waste (74% Rice, 11% Meat, 10% Veg)",3.09,74.19,1.71,198.0,1.17,Balanced Organic (High C / Moderate K)
Pure Carbohydrate / Grain Waste (90%+ Rice/Bread),1.46,69.31,3.51,136.4,0.67,Organic Soil Conditioner (High Carbon)
"Standard PH Household Waste (74% Rice, 11% Meat, 10% Veg)",4.44,80.49,1.69,259.4,1.27,Balanced Organic (High C / Moderate K)
"High-Vegetable / Market Scraps (40% Veg, 40% Rice, 20% Fruit)",3.89,85.34,1.47,247.3,0.85,High Nitrogen & Fiber (N-Rich)
"Standard PH Household Waste (74% Rice, 11% Meat, 10% Veg)",1.27,76.79,3.36,134.7,0.46,Balanced Organic (High C / Moderate K)
"Standard PH Household Waste (74% Rice, 11% Meat, 10% Veg)",3.83,75.32,2.48,226.4,1.38,Balanced Organic (High C / Moderate K)
"Standard PH Household Waste (74% Rice, 11% Meat, 10% Veg)",3.17,72.14,1.76,197.8,1.3,Balanced Organic (High C / Moderate K)
"Standard PH Household Waste (74% Rice, 11% Meat, 10% Veg)",1.33,74.59,1.65,135.4,0.52,Balanced Organic (High C / Moderate K)
Pure Carbohydrate / Grain Waste (90%+ Rice/Bread),2.83,74.31,3.07,188.9,1.07,Organic Soil Conditioner (High Carbon)
"High-Protein / Meat Scraps (40% Meat, 45% Rice, 15% Veg)",2.94,71.03,2.01,188.1,1.25,High Phosphorus & Nitrogen (P-N Rich)
Pure Carbohydrate / Grain Waste (90%+ Rice/Bread),1.66,70.96,3.66,144.5,0.72,Organic Soil Conditioner (High Carbon)
"High-Protein / Meat Scraps (40% Meat, 45% Rice, 15% Veg)",4.78,75.62,1.86,261.5,1.7,High Phosphorus & Nitrogen (P-N Rich)
"High-Vegetable / Market Scraps (40% Veg, 40% Rice, 20% Fruit)",4.4,86.9,1.66,271.4,0.86,High Nitrogen & Fiber (N-Rich)
Pure Carbohydrate / Grain Waste (90%+ Rice/Bread),3.68,73.64,3.25,217.8,1.42,Organic Soil Conditioner (High Carbon)
"Standard PH Household Waste (74% Rice, 11% Meat, 10% Veg)",2.85,72.69,1.77,187.3,1.15,Balanced Organic (High C / Moderate K)
"Standard PH Household Waste (74% Rice, 11% Meat, 10% Veg)",2.65,78.01,2.25,187.0,0.87,Balanced Organic (High C / Moderate K)
"Standard PH Household Waste (74% Rice, 11% Meat, 10% Veg)",3.6,81.17,2.37,228.3,1.0,Balanced Organic (High C / Moderate K)
"Standard PH Household Waste (74% Rice, 11% Meat, 10% Veg)",3.18,73.43,2.96,200.0,1.24,Balanced Organic (High C / Moderate K)
"Standard PH Household Waste (74% Rice, 11% Meat, 10% Veg)",1.25,74.93,2.6,132.8,0.48,Balanced Organic (High C / Moderate K)
"Standard PH Household Waste (74% Rice, 11% Meat, 10% Veg)",3.05,78.98,3.31,203.5,0.95,Balanced Organic (High C / Moderate K)
"High-Protein / Meat Scraps (40% Meat, 45% Rice, 15% Veg)",4.23,73.71,2.61,237.4,1.62,High Phosphorus & Nitrogen (P-N Rich)
"Standard PH Household Waste (74% Rice, 11% Meat, 10% Veg)",2.84,78.8,3.4,195.2,0.89,Balanced Organic (High C / Moderate K)
"Standard PH Household Waste (74% Rice, 11% Meat, 10% Veg)",1.21,74.96,1.6,131.3,0.47,Balanced Organic (High C / Moderate K)
"Standard PH Household Waste (74% Rice, 11% Meat, 10% Veg)",4.15,74.72,2.01,236.5,1.53,Balanced Organic (High C / Moderate K)
"Standard PH Household Waste (74% Rice, 11% Meat, 10% Veg)",1.81,78.62,2.8,156.0,0.59,Balanced Organic (High C / Moderate K)
"High-Protein / Meat Scraps (40% Meat, 45% Rice, 15% Veg)",2.03,71.53,1.82,157.7,0.86,High Phosphorus & Nitrogen (P-N Rich)
"Standard PH Household Waste (74% Rice, 11% Meat, 10% Veg)",1.66,79.29,2.21,151.0,0.52,Balanced Organic (High C / Moderate K)
Pure Carbohydrate / Grain Waste (90%+ Rice/Bread),2.32,74.65,3.39,171.0,0.87,Organic Soil Conditioner (High Carbon)
"High-Protein / Meat Scraps (40% Meat, 45% Rice, 15% Veg)",4.03,68.77,1.96,220.8,1.83,High Phosphorus & Nitrogen (P-N Rich)
"Standard PH Household Waste (74% Rice, 11% Meat, 10% Veg)",3.08,72.94,3.18,195.6,1.22,Balanced Organic (High C / Moderate K)
"Standard PH Household Waste (74% Rice, 11% Meat, 10% Veg)",1.82,81.18,2.83,158.8,0.52,Balanced Organic (High C / Moderate K)
"High-Protein / Meat Scraps (40% Meat, 45% Rice, 15% Veg)",4.51,66.14,2.28,231.1,2.22,High Phosphorus & Nitrogen (P-N Rich)
"High-Vegetable / Market Scraps (40% Veg, 40% Rice, 20% Fruit)",4.52,85.29,1.82,272.9,0.98,High Nitrogen & Fiber (N-Rich)
"High-Vegetable / Market Scraps (40% Veg, 40% Rice, 20% Fruit)",4.48,79.18,1.2,258.2,1.37,High Nitrogen & Fiber (N-Rich)
"High-Protein / Meat Scraps (40% Meat, 45% Rice, 15% Veg)",1.96,72.83,2.23,156.2,0.79,High Phosphorus & Nitrogen (P-N Rich)
"Standard PH Household Waste (74% Rice, 11% Meat, 10% Veg)",2.8,74.54,1.62,188.2,1.05,Balanced Organic (High C / Moderate K)
"Standard PH Household Waste (74% Rice, 11% Meat, 10% Veg)",4.94,77.4,3.22,271.4,1.63,Balanced Organic (High C / Moderate K)
"Standard PH Household Waste (74% Rice, 11% Meat, 10% Veg)",4.09,81.58,2.67,248.0,1.11,Balanced Organic (High C / Moderate K)
"High-Protein / Meat Scraps (40% Meat, 45% Rice, 15% Veg)",1.11,70.66,1.9,125.5,0.5,High Phosphorus & Nitrogen (P-N Rich)
"High-Vegetable / Market Scraps (40% Veg, 40% Rice, 20% Fruit)",1.26,83.49,1.5,138.4,0.33,High Nitrogen & Fiber (N-Rich)
"Standard PH Household Waste (74% Rice, 11% Meat, 10% Veg)",2.86,78.07,2.34,194.9,0.93,Balanced Organic (High C / Moderate K)
"Standard PH Household Waste (74% Rice, 11% Meat, 10% Veg)",4.64,74.4,1.78,253.5,1.73,Balanced Organic (High C / Moderate K)
"Standard PH Household Waste (74% Rice, 11% Meat, 10% Veg)",3.15,75.15,1.78,201.7,1.15,Balanced Organic (High C / Moderate K)
"Standard PH Household Waste (74% Rice, 11% Meat, 10% Veg)",2.99,73.77,3.48,193.8,1.15,Balanced Organic (High C / Moderate K)
"High-Vegetable / Market Scraps (40% Veg, 40% Rice, 20% Fruit)",1.42,82.44,1.63,144.1,0.39,High Nitrogen & Fiber (N-Rich)
"High-Vegetable / Market Scraps (40% Veg, 40% Rice, 20% Fruit)",3.63,86.74,2.0,238.9,0.72,High Nitrogen & Fiber (N-Rich)
"High-Protein / Meat Scraps (40% Meat, 45% Rice, 15% Veg)",4.29,71.41,2.77,234.9,1.79,High Phosphorus & Nitrogen (P-N Rich)
"Standard PH Household Waste (74% Rice, 11% Meat, 10% Veg)",2.52,75.27,2.18,179.0,0.92,Balanced Organic (High C / Moderate K)
"Standard PH Household Waste (74% Rice, 11% Meat, 10% Veg)",4.1,76.03,2.88,237.6,1.44,Balanced Organic (High C / Moderate K)
"High-Vegetable / Market Scraps (40% Veg, 40% Rice, 20% Fruit)",4.86,84.82,1.45,285.7,1.09,High Nitrogen & Fiber (N-Rich)
"High-Protein / Meat Scraps (40% Meat, 45% Rice, 15% Veg)",1.82,66.47,2.56,145.8,0.9,High Phosphorus & Nitrogen (P-N Rich)
"High-Vegetable / Market Scraps (40% Veg, 40% Rice, 20% Fruit)",3.09,79.28,1.66,205.6,0.95,High Nitrogen & Fiber (N-Rich)
"High-Protein / Meat Scraps (40% Meat, 45% Rice, 15% Veg)",2.15,72.63,2.64,162.8,0.87,High Phosphorus & Nitrogen (P-N Rich)
"Standard PH Household Waste (74% Rice, 11% Meat, 10% Veg)",4.17,79.53,3.26,247.1,1.25,Balanced Organic (High C / Moderate K)
"Standard PH Household Waste (74% Rice, 11% Meat, 10% Veg)",3.31,77.0,2.99,210.2,1.12,Balanced Organic (High C / Moderate K)
"Standard PH Household Waste (74% Rice, 11% Meat, 10% Veg)",3.54,78.19,1.95,220.7,1.14,Balanced Organic (High C / Moderate K)
"Standard PH Household Waste (74% Rice, 11% Meat, 10% Veg)",4.19,72.26,2.14,233.3,1.69,Balanced Organic (High C / Moderate K)
"Standard PH Household Waste (74% Rice, 11% Meat, 10% Veg)",2.58,76.43,2.77,182.7,0.9,Balanced Organic (High C / Moderate K)
"Standard PH Household Waste (74% Rice, 11% Meat, 10% Veg)",4.66,80.5,1.97,268.0,1.33,Balanced Organic (High C / Moderate K)
"High-Vegetable / Market Scraps (40% Veg, 40% Rice, 20% Fruit)",3.13,79.26,1.97,207.0,0.96,High Nitrogen & Fiber (N-Rich)
"Standard PH Household Waste (74% Rice, 11% Meat, 10% Veg)",1.63,73.08,2.51,145.1,0.66,Balanced Organic (High C / Moderate K)
"Standard PH Household Waste (74% Rice, 11% Meat, 10% Veg)",3.78,77.86,2.63,229.3,1.23,Balanced Organic (High C / Moderate K)
Pure Carbohydrate / Grain Waste (90%+ Rice/Bread),4.17,68.86,2.14,225.8,1.89,Organic Soil Conditioner (High Carbon)
"Standard PH Household Waste (74% Rice, 11% Meat, 10% Veg)",2.27,73.05,2.71,167.4,0.91,Balanced Organic (High C / Moderate K)
"Standard PH Household Waste (74% Rice, 11% Meat, 10% Veg)",4.43,77.44,2.04,252.5,1.46,Balanced Organic (High C / Moderate K)
"High-Protein / Meat Scraps (40% Meat, 45% Rice, 15% Veg)",4.62,72.02,2.78,247.7,1.88,High Phosphorus & Nitrogen (P-N Rich)
"Standard PH Household Waste (74% Rice, 11% Meat, 10% Veg)",2.11,72.42,2.55,161.1,0.86,Balanced Organic (High C / Moderate K)
"Standard PH Household Waste (74% Rice, 11% Meat, 10% Veg)",4.93,78.89,2.08,274.7,1.52,Balanced Organic (High C / Moderate K)
"Standard PH Household Waste (74% Rice, 11% Meat, 10% Veg)",1.56,75.08,2.77,144.2,0.59,Balanced Organic (High C / Moderate K)
"Standard PH Household Waste (74% Rice, 11% Meat, 10% Veg)",1.81,80.98,3.14,158.2,0.53,Balanced Organic (High C / Moderate K)
Pure Carbohydrate / Grain Waste (90%+ Rice/Bread),1.74,73.83,3.83,149.4,0.68,Organic Soil Conditioner (High Carbon)
"High-Protein / Meat Scraps (40% Meat, 45% Rice, 15% Veg)",4.58,69.01,2.57,239.5,2.06,High Phosphorus & Nitrogen (P-N Rich)
"High-Vegetable / Market Scraps (40% Veg, 40% Rice, 20% Fruit)",3.62,82.66,1.35,231.4,0.93,High Nitrogen & Fiber (N-Rich)
"High-Protein / Meat Scraps (40% Meat, 45% Rice, 15% Veg)",1.61,72.72,2.47,144.0,0.66,High Phosphorus & Nitrogen (P-N Rich)
"High-Protein / Meat Scraps (40% Meat, 45% Rice, 15% Veg)",2.76,68.94,2.89,179.3,1.26,High Phosphorus & Nitrogen (P-N Rich)
"Standard PH Household Waste (74% Rice, 11% Meat, 10% Veg)",3.46,72.21,2.2,207.8,1.41,Balanced Organic (High C / Moderate K)
"High-Protein / Meat Scraps (40% Meat, 45% Rice, 15% Veg)",1.33,65.63,2.72,129.9,0.69,High Phosphorus & Nitrogen (P-N Rich)
"Standard PH Household Waste (74% Rice, 11% Meat, 10% Veg)",4.53,79.02,2.23,259.7,1.39,Balanced Organic (High C / Moderate K)
"High-Protein / Meat Scraps (40% Meat, 45% Rice, 15% Veg)",4.21,72.43,2.28,234.4,1.69,High Phosphorus & Nitrogen (P-N Rich)
"High-Protein / Meat Scraps (40% Meat, 45% Rice, 15% Veg)",3.02,73.32,2.35,194.2,1.19,High Phosphorus & Nitrogen (P-N Rich)
"Standard PH Household Waste (74% Rice, 11% Meat, 10% Veg)",4.87,76.12,3.38,265.8,1.69,Balanced Organic (High C / Moderate K)
"Standard PH Household Waste (74% Rice, 11% Meat, 10% Veg)",2.67,74.51,1.83,183.4,1.01,Balanced Organic (High C / Moderate K)
"Standard PH Household Waste (74% Rice, 11% Meat, 10% Veg)",4.94,77.85,3.44,272.3,1.6,Balanced Organic (High C / Moderate K)
"Standard PH Household Waste (74% Rice, 11% Meat, 10% Veg)",3.67,75.78,1.72,221.4,1.3,Balanced Organic (High C / Moderate K)
"High-Protein / Meat Scraps (40% Meat, 45% Rice, 15% Veg)",3.54,68.73,2.41,204.6,1.61,High Phosphorus & Nitrogen (P-N Rich)
"High-Protein / Meat Scraps (40% Meat, 45% Rice, 15% Veg)",1.66,66.78,2.59,141.2,0.82,High Phosphorus & Nitrogen (P-N Rich)
"Standard PH Household Waste (74% Rice, 11% Meat, 10% Veg)",4.53,81.98,2.46,266.0,1.2,Balanced Organic (High C / Moderate K)
"Standard PH Household Waste (74% Rice, 11% Meat, 10% Veg)",2.71,75.55,2.36,186.2,0.98,Balanced Organic (High C / Moderate K)
"Standard PH Household Waste (74% Rice, 11% Meat, 10% Veg)",1.65,73.15,3.28,145.8,0.67,Balanced Organic (High C / Moderate K)
"Standard PH Household Waste (74% Rice, 11% Meat, 10% Veg)",1.05,76.15,2.34,126.3,0.39,Balanced Organic (High C / Moderate K)
"Standard PH Household Waste (74% Rice, 11% Meat, 10% Veg)",3.24,78.6,2.44,210.1,1.02,Balanced Organic (High C / Moderate K)
"Standard PH Household Waste (74% Rice, 11% Meat, 10% Veg)",3.11,78.48,1.72,205.0,0.99,Balanced Organic (High C / Moderate K)
Pure Carbohydrate / Grain Waste (90%+ Rice/Bread),3.88,76.14,4.35,229.6,1.36,Organic Soil Conditioner (High Carbon)
"Standard PH Household Waste (74% Rice, 11% Meat, 10% Veg)",4.56,78.49,3.41,259.7,1.44,Balanced Organic (High C / Moderate K)
"Standard PH Household Waste (74% Rice, 11% Meat, 10% Veg)",1.32,73.51,2.51,134.4,0.53,Balanced Organic (High C / Moderate K)
"High-Vegetable / Market Scraps (40% Veg, 40% Rice, 20% Fruit)",3.93,84.02,1.67,246.2,0.93,High Nitrogen & Fiber (N-Rich)
"Standard PH Household Waste (74% Rice, 11% Meat, 10% Veg)",1.75,76.01,2.24,151.7,0.63,Balanced Organic (High C / Moderate K)
Pure Carbohydrate / Grain Waste (90%+ Rice/Bread),4.43,69.27,2.98,235.3,1.98,Organic Soil Conditioner (High Carbon)
Pure Carbohydrate / Grain Waste (90%+ Rice/Bread),4.28,69.63,3.84,230.8,1.89,Organic Soil Conditioner (High Carbon)
"Standard PH Household Waste (74% Rice, 11% Meat, 10% Veg)",3.16,74.09,1.71,200.4,1.2,Balanced Organic (High C / Moderate K)
"Standard PH Household Waste (74% Rice, 11% Meat, 10% Veg)",3.84,77.52,2.73,230.8,1.27,Balanced Organic (High C / Moderate K)
"Standard PH Household Waste (74% Rice, 11% Meat, 10% Veg)",2.26,80.72,2.7,175.3,0.66,Balanced Organic (High C / Moderate K)
"Standard PH Household Waste (74% Rice, 11% Meat, 10% Veg)",2.88,75.45,3.13,192.3,1.05,Balanced Organic (High C / Moderate K)
"Standard PH Household Waste (74% Rice, 11% Meat, 10% Veg)",4.29,77.4,1.75,247.1,1.42,Balanced Organic (High C / Moderate K)
"High-Vegetable / Market Scraps (40% Veg, 40% Rice, 20% Fruit)",2.84,83.66,1.93,201.8,0.7,High Nitrogen & Fiber (N-Rich)
"Standard PH Household Waste (74% Rice, 11% Meat, 10% Veg)",2.43,75.96,2.16,176.5,0.87,Balanced Organic (High C / Moderate K)
"Standard PH Household Waste (74% Rice, 11% Meat, 10% Veg)",2.98,73.43,1.89,192.8,1.16,Balanced Organic (High C / Moderate K)
"Standard PH Household Waste (74% Rice, 11% Meat, 10% Veg)",4.31,76.33,2.73,245.9,1.49,Balanced Organic (High C / Moderate K)
Pure Carbohydrate / Grain Waste (90%+ Rice/Bread),2.34,68.81,4.35,165.2,1.08,Organic Soil Conditioner (High Carbon)
"Standard PH Household Waste (74% Rice, 11% Meat, 10% Veg)",1.7,79.55,2.71,152.6,0.53,Balanced Organic (High C / Moderate K)
"Standard PH Household Waste (74% Rice, 11% Meat, 10% Veg)",3.85,80.28,1.75,236.2,1.12,Balanced Organic (High C / Moderate K)
"Standard PH Household Waste (74% Rice, 11% Meat, 10% Veg)",4.3,76.77,2.8,246.5,1.46,Balanced Organic (High C / Moderate K)
Pure Carbohydrate / Grain Waste (90%+ Rice/Bread),1.4,76.29,3.96,139.2,0.51,Organic Soil Conditioner (High Carbon)
"Standard PH Household Waste (74% Rice, 11% Meat, 10% Veg)",1.96,74.77,3.39,158.2,0.74,Balanced Organic (High C / Moderate K)
"High-Vegetable / Market Scraps (40% Veg, 40% Rice, 20% Fruit)",1.57,79.24,1.9,147.5,0.5,High Nitrogen & Fiber (N-Rich)
"High-Protein / Meat Scraps (40% Meat, 45% Rice, 15% Veg)",2.39,75.68,2.01,174.8,0.86,High Phosphorus & Nitrogen (P-N Rich)
"Standard PH Household Waste (74% Rice, 11% Meat, 10% Veg)",2.8,79.22,1.68,194.4,0.87,Balanced Organic (High C / Moderate K)
"High-Vegetable / Market Scraps (40% Veg, 40% Rice, 20% Fruit)",4.0,82.05,1.61,245.2,1.06,High Nitrogen & Fiber (N-Rich)
"Standard PH Household Waste (74% Rice, 11% Meat, 10% Veg)",3.6,77.81,3.38,222.5,1.18,Balanced Organic (High C / Moderate K)
"High-Vegetable / Market Scraps (40% Veg, 40% Rice, 20% Fruit)",3.48,84.72,1.59,229.5,0.79,High Nitrogen & Fiber (N-Rich)
"High-Vegetable / Market Scraps (40% Veg, 40% Rice, 20% Fruit)",2.41,86.1,1.96,187.5,0.51,High Nitrogen & Fiber (N-Rich)
"Standard PH Household Waste (74% Rice, 11% Meat, 10% Veg)",4.37,72.22,3.47,239.2,1.77,Balanced Organic (High C / Moderate K)
"Standard PH Household Waste (74% Rice, 11% Meat, 10% Veg)",2.89,72.86,3.15,188.8,1.15,Balanced Organic (High C / Moderate K)
"High-Protein / Meat Scraps (40% Meat, 45% Rice, 15% Veg)",4.92,68.08,1.96,248.5,2.28,High Phosphorus & Nitrogen (P-N Rich)
"Standard PH Household Waste (74% Rice, 11% Meat, 10% Veg)",3.54,76.4,2.82,217.6,1.23,Balanced Organic (High C / Moderate K)
"Standard PH Household Waste (74% Rice, 11% Meat, 10% Veg)",1.51,75.81,1.7,142.6,0.55,Balanced Organic (High C / Moderate K)
"Standard PH Household Waste (74% Rice, 11% Meat, 10% Veg)",3.7,77.99,3.31,226.6,1.2,Balanced Organic (High C / Moderate K)
"High-Vegetable / Market Scraps (40% Veg, 40% Rice, 20% Fruit)",2.3,81.83,1.37,178.2,0.63,High Nitrogen & Fiber (N-Rich)
"High-Vegetable / Market Scraps (40% Veg, 40% Rice, 20% Fruit)",3.75,82.43,1.24,236.1,0.97,High Nitrogen & Fiber (N-Rich)
"Standard PH Household Waste (74% Rice, 11% Meat, 10% Veg)",1.28,80.2,3.17,137.1,0.4,Balanced Organic (High C / Moderate K)
"Standard PH Household Waste (74% Rice, 11% Meat, 10% Veg)",1.7,77.88,2.27,151.4,0.57,Balanced Organic (High C / Moderate K)
"Standard PH Household Waste (74% Rice, 11% Meat, 10% Veg)",4.42,80.0,2.65,257.7,1.3,Balanced Organic (High C / Moderate K)
"High-Vegetable / Market Scraps (40% Veg, 40% Rice, 20% Fruit)",1.91,86.26,1.71,166.9,0.41,High Nitrogen & Fiber (N-Rich)
"Standard PH Household Waste (74% Rice, 11% Meat, 10% Veg)",4.35,79.84,2.74,254.5,1.29,Balanced Organic (High C / Moderate K)
"High-Vegetable / Market Scraps (40% Veg, 40% Rice, 20% Fruit)",2.12,82.14,1.97,171.3,0.57,High Nitrogen & Fiber (N-Rich)
"Standard PH Household Waste (74% Rice, 11% Meat, 10% Veg)",3.57,77.41,2.75,220.6,1.19,Balanced Organic (High C / Moderate K)
Pure Carbohydrate / Grain Waste (90%+ Rice/Bread),3.78,70.2,3.56,215.1,1.64,Organic Soil Conditioner (High Carbon)
"Standard PH Household Waste (74% Rice, 11% Meat, 10% Veg)",3.05,77.72,1.95,201.7,1.0,Balanced Organic (High C / Moderate K)
"Standard PH Household Waste (74% Rice, 11% Meat, 10% Veg)",2.22,72.6,2.75,165.3,0.9,Balanced Organic (High C / Moderate K)
"Standard PH Household Waste (74% Rice, 11% Meat, 10% Veg)",1.85,79.64,2.59,158.6,0.57,Balanced Organic (High C / Moderate K)
Pure Carbohydrate / Grain Waste (90%+ Rice/Bread),1.13,70.27,3.67,126.1,0.51,Organic Soil Conditioner (High Carbon)
"High-Protein / Meat Scraps (40% Meat, 45% Rice, 15% Veg)",2.22,65.88,2.33,157.9,1.11,High Phosphorus & Nitrogen (P-N Rich)
"Standard PH Household Waste (74% Rice, 11% Meat, 10% Veg)",3.61,73.63,1.95,215.6,1.39,Balanced Organic (High C / Moderate K)
"High-Vegetable / Market Scraps (40% Veg, 40% Rice, 20% Fruit)",4.75,80.02,1.51,270.4,1.39,High Nitrogen & Fiber (N-Rich)
"High-Protein / Meat Scraps (40% Meat, 45% Rice, 15% Veg)",4.48,65.56,2.28,229.0,2.24,High Phosphorus & Nitrogen (P-N Rich)
"High-Vegetable / Market Scraps (40% Veg, 40% Rice, 20% Fruit)",4.06,83.12,1.59,250.0,1.01,High Nitrogen & Fiber (N-Rich)
"Standard PH Household Waste (74% Rice, 11% Meat, 10% Veg)",4.15,75.83,3.19,239.1,1.47,Balanced Organic (High C / Moderate K)
"Standard PH Household Waste (74% Rice, 11% Meat, 10% Veg)",3.66,73.45,2.56,216.9,1.42,Balanced Organic (High C / Moderate K)
"Standard PH Household Waste (74% Rice, 11% Meat, 10% Veg)",2.04,72.62,1.74,159.0,0.83,Balanced Organic (High C / Moderate K)
"High-Protein / Meat Scraps (40% Meat, 45% Rice, 15% Veg)",4.63,71.31,2.48,246.3,1.93,High Phosphorus & Nitrogen (P-N Rich)
Pure Carbohydrate / Grain Waste (90%+ Rice/Bread),3.68,76.78,3.39,223.6,1.26,Organic Soil Conditioner (High Carbon)
"High-Vegetable / Market Scraps (40% Veg, 40% Rice, 20% Fruit)",3.24,87.6,1.24,224.2,0.61,High Nitrogen & Fiber (N-Rich)
"Standard PH Household Waste (74% Rice, 11% Meat, 10% Veg)",1.44,72.98,1.68,138.5,0.59,Balanced Organic (High C / Moderate K)
"Standard PH Household Waste (74% Rice, 11% Meat, 10% Veg)",2.79,73.85,2.63,186.7,1.08,Balanced Organic (High C / Moderate K)
"High-Vegetable / Market Scraps (40% Veg, 40% Rice, 20% Fruit)",2.84,84.46,1.24,203.1,0.66,High Nitrogen & Fiber (N-Rich)
"High-Protein / Meat Scraps (40% Meat, 45% Rice, 15% Veg)",4.46,75.41,2.81,249.3,1.6,High Phosphorus & Nitrogen (P-N Rich)
"High-Protein / Meat Scraps (40% Meat, 45% Rice, 15% Veg)",3.19,68.26,1.89,192.3,1.48,High Phosphorus & Nitrogen (P-N Rich)
"High-Protein / Meat Scraps (40% Meat, 45% Rice, 15% Veg)",2.52,66.87,1.95,168.8,1.23,High Phosphorus & Nitrogen (P-N Rich)
"High-Vegetable / Market Scraps (40% Veg, 40% Rice, 20% Fruit)",4.91,79.23,1.61,274.5,1.49,High Nitrogen & Fiber (N-Rich)
"Standard PH Household Waste (74% Rice, 11% Meat, 10% Veg)",1.44,74.46,2.28,139.4,0.56,Balanced Organic (High C / Moderate K)
"Standard PH Household Waste (74% Rice, 11% Meat, 10% Veg)",2.69,81.9,2.9,193.6,0.73,Balanced Organic (High C / Moderate K)
"High-Protein / Meat Scraps (40% Meat, 45% Rice, 15% Veg)",1.17,75.44,1.97,130.2,0.44,High Phosphorus & Nitrogen (P-N Rich)
"High-Vegetable / Market Scraps (40% Veg, 40% Rice, 20% Fruit)",3.96,81.82,1.64,243.4,1.06,High Nitrogen & Fiber (N-Rich)
"Standard PH Household Waste (74% Rice, 11% Meat, 10% Veg)",4.67,72.77,1.61,251.1,1.85,Balanced Organic (High C / Moderate K)
"Standard PH Household Waste (74% Rice, 11% Meat, 10% Veg)",2.12,78.7,2.82,168.0,0.68,Balanced Organic (High C / Moderate K)
"High-Vegetable / Market Scraps (40% Veg, 40% Rice, 20% Fruit)",4.43,82.11,1.59,262.6,1.17,High Nitrogen & Fiber (N-Rich)
"Standard PH Household Waste (74% Rice, 11% Meat, 10% Veg)",2.17,76.15,1.65,167.2,0.77,Balanced Organic (High C / Moderate K)
"Standard PH Household Waste (74% Rice, 11% Meat, 10% Veg)",4.64,75.35,1.94,255.8,1.67,Balanced Organic (High C / Moderate K)
"Standard PH Household Waste (74% Rice, 11% Meat, 10% Veg)",4.02,72.98,3.42,228.6,1.58,Balanced Organic (High C / Moderate K)
"High-Vegetable / Market Scraps (40% Veg, 40% Rice, 20% Fruit)",4.22,83.99,1.78,258.0,1.0,High Nitrogen & Fiber (N-Rich)
"High-Vegetable / Market Scraps (40% Veg, 40% Rice, 20% Fruit)",1.07,81.15,1.51,129.6,0.32,High Nitrogen & Fiber (N-Rich)
"Standard PH Household Waste (74% Rice, 11% Meat, 10% Veg)",4.85,74.37,1.78,261.1,1.81,Balanced Organic (High C / Moderate K)
"High-Vegetable / Market Scraps (40% Veg, 40% Rice, 20% Fruit)",3.91,79.79,1.84,237.5,1.16,High Nitrogen & Fiber (N-Rich)
"Standard PH Household Waste (74% Rice, 11% Meat, 10% Veg)",2.22,78.78,2.64,171.8,0.71,Balanced Organic (High C / Moderate K)
"Standard PH Household Waste (74% Rice, 11% Meat, 10% Veg)",4.32,76.75,3.35,246.9,1.47,Balanced Organic (High C / Moderate K)
"High-Vegetable / Market Scraps (40% Veg, 40% Rice, 20% Fruit)",2.13,78.73,1.42,168.2,0.68,High Nitrogen & Fiber (N-Rich)
"High-Vegetable / Market Scraps (40% Veg, 40% Rice, 20% Fruit)",4.49,81.5,1.83,263.6,1.22,High Nitrogen & Fiber (N-Rich)
"High-Protein / Meat Scraps (40% Meat, 45% Rice, 15% Veg)",1.45,75.92,2.09,140.7,0.53,High Phosphorus & Nitrogen (P-N Rich)
"High-Vegetable / Market Scraps (40% Veg, 40% Rice, 20% Fruit)",3.81,86.74,1.86,246.7,0.76,High Nitrogen & Fiber (N-Rich)
"High-Vegetable / Market Scraps (40% Veg, 40% Rice, 20% Fruit)",3.16,80.25,1.52,209.7,0.93,High Nitrogen & Fiber (N-Rich)
"Standard PH Household Waste (74% Rice, 11% Meat, 10% Veg)",1.39,76.1,3.46,138.5,0.51,Balanced Organic (High C / Moderate K)
"Standard PH Household Waste (74% Rice, 11% Meat, 10% Veg)",1.97,73.81,3.12,157.6,0.77,Balanced Organic (High C / Moderate K)
"Standard PH Household Waste (74% Rice, 11% Meat, 10% Veg)",1.05,75.34,2.99,125.8,0.4,Balanced Organic (High C / Moderate K)
"Standard PH Household Waste (74% Rice, 11% Meat, 10% Veg)",2.88,76.2,2.7,193.0,1.01,Balanced Organic (High C / Moderate K)
Pure Carbohydrate / Grain Waste (90%+ Rice/Bread),2.21,76.33,4.01,168.7,0.78,Organic Soil Conditioner (High Carbon)
"Standard PH Household Waste (74% Rice, 11% Meat, 10% Veg)",3.39,80.66,1.71,219.3,0.97,Balanced Organic (High C / Moderate K)
"High-Protein / Meat Scraps (40% Meat, 45% Rice, 15% Veg)",2.19,72.61,1.97,164.2,0.89,High Phosphorus & Nitrogen (P-N Rich)
"High-Vegetable / Market Scraps (40% Veg, 40% Rice, 20% Fruit)",2.2,82.16,1.64,174.6,0.59,High Nitrogen & Fiber (N-Rich)
"High-Protein / Meat Scraps (40% Meat, 45% Rice, 15% Veg)",3.97,69.43,2.42,220.3,1.77,High Phosphorus & Nitrogen (P-N Rich)
"Standard PH Household Waste (74% Rice, 11% Meat, 10% Veg)",1.19,81.97,1.86,134.8,0.34,Balanced Organic (High C / Moderate K)
"High-Vegetable / Market Scraps (40% Veg, 40% Rice, 20% Fruit)",4.61,84.75,1.52,275.5,1.04,High Nitrogen & Fiber (N-Rich)
"Standard PH Household Waste (74% Rice, 11% Meat, 10% Veg)",4.41,73.33,1.9,243.1,1.71,Balanced Organic (High C / Moderate K)
"Standard PH Household Waste (74% Rice, 11% Meat, 10% Veg)",3.67,81.49,3.27,231.5,1.0,Balanced Organic (High C / Moderate K)
"High-Vegetable / Market Scraps (40% Veg, 40% Rice, 20% Fruit)",3.37,87.07,1.99,228.8,0.66,High Nitrogen & Fiber (N-Rich)
"Standard PH Household Waste (74% Rice, 11% Meat, 10% Veg)",4.57,74.08,2.28,250.4,1.73,Balanced Organic (High C / Moderate K)
"Standard PH Household Waste (74% Rice, 11% Meat, 10% Veg)",1.74,78.69,2.52,153.6,0.56,Balanced Organic (High C / Moderate K)
"High-Vegetable / Market Scraps (40% Veg, 40% Rice, 20% Fruit)",1.32,82.18,1.49,139.8,0.37,High Nitrogen & Fiber (N-Rich)
"Standard PH Household Waste (74% Rice, 11% Meat, 10% Veg)",1.96,77.94,2.69,161.1,0.65,Balanced Organic (High C / Moderate K)
Pure Carbohydrate / Grain Waste (90%+ Rice/Bread),4.18,69.61,3.18,227.5,1.85,Organic Soil Conditioner (High Carbon)
Pure Carbohydrate / Grain Waste (90%+ Rice/Bread),1.14,73.53,3.43,128.1,0.46,Organic Soil Conditioner (High Carbon)
Pure Carbohydrate / Grain Waste (90%+ Rice/Bread),3.33,70.1,3.86,200.0,1.46,Organic Soil Conditioner (High Carbon)
"Standard PH Household Waste (74% Rice, 11% Meat, 10% Veg)",4.98,72.25,2.27,260.6,2.01,Balanced Organic (High C / Moderate K)
"Standard PH Household Waste (74% Rice, 11% Meat, 10% Veg)",4.42,79.8,2.67,257.3,1.31,Balanced Organic (High C / Moderate K)
Pure Carbohydrate / Grain Waste (90%+ Rice/Bread),3.09,70.61,3.74,192.5,1.33,Organic Soil Conditioner (High Carbon)
"Standard PH Household Waste (74% Rice, 11% Meat, 10% Veg)",1.25,77.67,3.11,134.6,0.43,Balanced Organic (High C / Moderate K)
Pure Carbohydrate / Grain Waste (90%+ Rice/Bread),4.33,75.35,3.53,244.3,1.56,Organic Soil Conditioner (High Carbon)
Pure Carbohydrate / Grain Waste (90%+ Rice/Bread),3.4,72.88,2.33,206.7,1.35,Organic Soil Conditioner (High Carbon)
"High-Protein / Meat Scraps (40% Meat, 45% Rice, 15% Veg)",1.46,67.87,2.3,135.4,0.7,High Phosphorus & Nitrogen (P-N Rich)
"Standard PH Household Waste (74% Rice, 11% Meat, 10% Veg)",1.38,77.99,2.58,139.4,0.47,Balanced Organic (High C / Moderate K)
"Standard PH Household Waste (74% Rice, 11% Meat, 10% Veg)",4.64,74.88,1.61,254.6,1.7,Balanced Organic (High C / Moderate K)
"High-Protein / Meat Scraps (40% Meat, 45% Rice, 15% Veg)",3.68,70.46,2.14,212.2,1.59,High Phosphorus & Nitrogen (P-N Rich)
"Standard PH Household Waste (74% Rice, 11% Meat, 10% Veg)",4.32,79.35,1.65,252.3,1.31,Balanced Organic (High C / Moderate K)
"Standard PH Household Waste (74% Rice, 11% Meat, 10% Veg)",4.52,77.85,3.39,256.6,1.46,Balanced Organic (High C / Moderate K)
"High-Vegetable / Market Scraps (40% Veg, 40% Rice, 20% Fruit)",3.29,79.74,1.58,213.7,0.99,High Nitrogen & Fiber (N-Rich)
Pure Carbohydrate / Grain Waste (90%+ Rice/Bread),3.07,68.91,3.56,189.4,1.4,Organic Soil Conditioner (High Carbon)
"High-Vegetable / Market Scraps (40% Veg, 40% Rice, 20% Fruit)",2.72,83.51,1.53,197.0,0.67,High Nitrogen & Fiber (N-Rich)
"High-Vegetable / Market Scraps (40% Veg, 40% Rice, 20% Fruit)",2.27,83.21,1.92,178.5,0.58,High Nitrogen & Fiber (N-Rich)
"Standard PH Household Waste (74% Rice, 11% Meat, 10% Veg)",2.74,73.96,1.64,185.1,1.05,Balanced Organic (High C / Moderate K)
"High-Vegetable / Market Scraps (40% Veg, 40% Rice, 20% Fruit)",4.1,86.62,1.66,258.2,0.82,High Nitrogen & Fiber (N-Rich)
Pure Carbohydrate / Grain Waste (90%+ Rice/Bread),3.41,76.91,3.49,213.7,1.16,Organic Soil Conditioner (High Carbon)
"Standard PH Household Waste (74% Rice, 11% Meat, 10% Veg)",4.57,80.1,2.42,263.6,1.33,Balanced Organic (High C / Moderate K)
"Standard PH Household Waste (74% Rice, 11% Meat, 10% Veg)",2.77,79.5,3.33,193.7,0.85,Balanced Organic (High C / Moderate K)
"High-Protein / Meat Scraps (40% Meat, 45% Rice, 15% Veg)",3.43,71.29,2.02,205.2,1.44,High Phosphorus & Nitrogen (P-N Rich)
"High-Vegetable / Market Scraps (40% Veg, 40% Rice, 20% Fruit)",3.53,80.69,1.36,224.4,1.01,High Nitrogen & Fiber (N-Rich)
"High-Vegetable / Market Scraps (40% Veg, 40% Rice, 20% Fruit)",3.37,80.47,1.45,217.9,0.97,High Nitrogen & Fiber (N-Rich)
"High-Vegetable / Market Scraps (40% Veg, 40% Rice, 20% Fruit)",3.81,83.55,1.67,240.7,0.93,High Nitrogen & Fiber (N-Rich)
"Standard PH Household Waste (74% Rice, 11% Meat, 10% Veg)",1.95,76.26,2.77,159.2,0.7,Balanced Organic (High C / Moderate K)
"Standard PH Household Waste (74% Rice, 11% Meat, 10% Veg)",3.05,72.82,1.77,194.5,1.22,Balanced Organic (High C / Moderate K)
"High-Protein / Meat Scraps (40% Meat, 45% Rice, 15% Veg)",1.42,66.89,2.42,133.4,0.7,High Phosphorus & Nitrogen (P-N Rich)
"High-Protein / Meat Scraps (40% Meat, 45% Rice, 15% Veg)",2.54,67.35,2.14,169.9,1.22,High Phosphorus & Nitrogen (P-N Rich)
"High-Protein / Meat Scraps (40% Meat, 45% Rice, 15% Veg)",2.95,69.4,2.77,186.2,1.32,High Phosphorus & Nitrogen (P-N Rich)
Pure Carbohydrate / Grain Waste (90%+ Rice/Bread),3.61,68.14,3.62,205.9,1.68,Organic Soil Conditioner (High Carbon)
"Standard PH Household Waste (74% Rice, 11% Meat, 10% Veg)",4.8,78.69,3.12,269.3,1.5,Balanced Organic (High C / Moderate K)
"Standard PH Household Waste (74% Rice, 11% Meat, 10% Veg)",3.4,81.33,1.64,220.7,0.94,Balanced Organic (High C / Moderate K)
"High-Protein / Meat Scraps (40% Meat, 45% Rice, 15% Veg)",3.97,66.69,2.86,215.1,1.93,High Phosphorus & Nitrogen (P-N Rich)
"High-Vegetable / Market Scraps (40% Veg, 40% Rice, 20% Fruit)",3.03,82.59,1.65,207.8,0.79,High Nitrogen & Fiber (N-Rich)
"High-Vegetable / Market Scraps (40% Veg, 40% Rice, 20% Fruit)",3.54,84.63,1.74,231.5,0.81,High Nitrogen & Fiber (N-Rich)
"High-Protein / Meat Scraps (40% Meat, 45% Rice, 15% Veg)",1.28,75.25,3.0,134.2,0.49,High Phosphorus & Nitrogen (P-N Rich)
"High-Protein / Meat Scraps (40% Meat, 45% Rice, 15% Veg)",2.02,72.92,2.14,158.5,0.81,High Phosphorus & Nitrogen (P-N Rich)
"Standard PH Household Waste (74% Rice, 11% Meat, 10% Veg)",2.45,80.8,1.69,182.8,0.71,Balanced Organic (High C / Moderate K)
"Standard PH Household Waste (74% Rice, 11% Meat, 10% Veg)",2.89,74.31,3.31,191.0,1.09,Balanced Organic (High C / Moderate K)
"Standard PH Household Waste (74% Rice, 11% Meat, 10% Veg)",1.18,74.56,2.02,130.2,0.46,Balanced Organic (High C / Moderate K)
"High-Vegetable / Market Scraps (40% Veg, 40% Rice, 20% Fruit)",1.56,79.38,1.89,147.3,0.49,High Nitrogen & Fiber (N-Rich)
"Standard PH Household Waste (74% Rice, 11% Meat, 10% Veg)",2.11,77.0,2.88,165.8,0.73,Balanced Organic (High C / Moderate K)
"Standard PH Household Waste (74% Rice, 11% Meat, 10% Veg)",4.89,74.39,3.04,262.3,1.82,Balanced Organic (High C / Moderate K)
"Standard PH Household Waste (74% Rice, 11% Meat, 10% Veg)",2.33,79.6,2.19,176.7,0.71,Balanced Organic (High C / Moderate K)
"Standard PH Household Waste (74% Rice, 11% Meat, 10% Veg)",2.93,76.11,2.0,194.9,1.03,Balanced Organic (High C / Moderate K)
"High-Vegetable / Market Scraps (40% Veg, 40% Rice, 20% Fruit)",1.78,87.77,1.72,163.1,0.35,High Nitrogen & Fiber (N-Rich)
"Standard PH Household Waste (74% Rice, 11% Meat, 10% Veg)",3.44,81.35,2.18,222.3,0.95,Balanced Organic (High C / Moderate K)
"Standard PH Household Waste (74% Rice, 11% Meat, 10% Veg)",2.12,79.82,3.06,169.2,0.65,Balanced Organic (High C / Moderate K)
"High-Protein / Meat Scraps (40% Meat, 45% Rice, 15% Veg)",1.83,72.61,2.96,151.6,0.75,High Phosphorus & Nitrogen (P-N Rich)
"Standard PH Household Waste (74% Rice, 11% Meat, 10% Veg)",3.07,75.94,1.85,199.6,1.09,Balanced Organic (High C / Moderate K)
"Standard PH Household Waste (74% Rice, 11% Meat, 10% Veg)",1.02,78.72,2.99,126.5,0.34,Balanced Organic (High C / Moderate K)
"Standard PH Household Waste (74% Rice, 11% Meat, 10% Veg)",1.03,77.75,1.99,126.3,0.36,Balanced Organic (High C / Moderate K)
"High-Protein / Meat Scraps (40% Meat, 45% Rice, 15% Veg)",1.88,70.55,2.17,151.4,0.82,High Phosphorus & Nitrogen (P-N Rich)
"Standard PH Household Waste (74% Rice, 11% Meat, 10% Veg)",1.15,76.27,2.83,129.9,0.42,Balanced Organic (High C / Moderate K)
"High-Vegetable / Market Scraps (40% Veg, 40% Rice, 20% Fruit)",1.43,85.45,1.39,146.6,0.33,High Nitrogen & Fiber (N-Rich)
"Standard PH Household Waste (74% Rice, 11% Meat, 10% Veg)",2.36,76.05,2.11,173.9,0.84,Balanced Organic (High C / Moderate K)
"Standard PH Household Waste (74% Rice, 11% Meat, 10% Veg)",4.21,73.99,3.09,237.4,1.6,Balanced Organic (High C / Moderate K)
"Standard PH Household Waste (74% Rice, 11% Meat, 10% Veg)",3.29,81.09,2.3,215.9,0.92,Balanced Organic (High C / Moderate K)
"Standard PH Household Waste (74% Rice, 11% Meat, 10% Veg)",3.05,79.51,3.3,204.3,0.93,Balanced Organic (High C / Moderate K)
"High-Vegetable / Market Scraps (40% Veg, 40% Rice, 20% Fruit)",2.17,86.46,1.35,178.1,0.45,High Nitrogen & Fiber (N-Rich)
"High-Vegetable / Market Scraps (40% Veg, 40% Rice, 20% Fruit)",4.73,87.56,1.5,286.5,0.87,High Nitrogen & Fiber (N-Rich)
Pure Carbohydrate / Grain Waste (90%+ Rice/Bread),2.59,71.39,2.16,176.6,1.09,Organic Soil Conditioner (High Carbon)
"Standard PH Household Waste (74% Rice, 11% Meat, 10% Veg)",1.35,76.86,1.81,137.6,0.48,Balanced Organic (High C / Moderate K)
"Standard PH Household Waste (74% Rice, 11% Meat, 10% Veg)",3.47,74.49,2.2,211.9,1.3,Balanced Organic (High C / Moderate K)
"High-Protein / Meat Scraps (40% Meat, 45% Rice, 15% Veg)",1.46,73.9,2.85,139.5,0.58,High Phosphorus & Nitrogen (P-N Rich)
"Standard PH Household Waste (74% Rice, 11% Meat, 10% Veg)",2.38,75.02,3.23,173.6,0.88,Balanced Organic (High C / Moderate K)
"Standard PH Household Waste (74% Rice, 11% Meat, 10% Veg)",3.03,80.57,3.05,205.0,0.87,Balanced Organic (High C / Moderate K)
"Standard PH Household Waste (74% Rice, 11% Meat, 10% Veg)",4.5,73.47,2.91,246.5,1.74,Balanced Organic (High C / Moderate K)
"Standard PH Household Waste (74% Rice, 11% Meat, 10% Veg)",2.97,81.45,2.9,204.2,0.82,Balanced Organic (High C / Moderate K)
Pure Carbohydrate / Grain Waste (90%+ Rice/Bread),3.81,71.32,3.25,218.3,1.59,Organic Soil Conditioner (High Carbon)
"High-Protein / Meat Scraps (40% Meat, 45% Rice, 15% Veg)",4.97,72.1,2.41,259.9,2.02,High Phosphorus & Nitrogen (P-N Rich)
"High-Vegetable / Market Scraps (40% Veg, 40% Rice, 20% Fruit)",1.53,79.2,1.45,145.9,0.49,High Nitrogen & Fiber (N-Rich)
"Standard PH Household Waste (74% Rice, 11% Meat, 10% Veg)",2.1,80.02,3.24,168.5,0.63,Balanced Organic (High C / Moderate K)
"Standard PH Household Waste (74% Rice, 11% Meat, 10% Veg)",2.58,73.37,3.41,178.7,1.01,Balanced Organic (High C / Moderate K)
"Standard PH Household Waste (74% Rice, 11% Meat, 10% Veg)",2.69,75.29,2.86,185.0,0.98,Balanced Organic (High C / Moderate K)
"Standard PH Household Waste (74% Rice, 11% Meat, 10% Veg)",2.64,79.52,3.14,188.8,0.81,Balanced Organic (High C / Moderate K)
"Standard PH Household Waste (74% Rice, 11% Meat, 10% Veg)",4.63,81.46,2.19,268.9,1.26,Balanced Organic (High C / Moderate K)
"High-Vegetable / Market Scraps (40% Veg, 40% Rice, 20% Fruit)",3.86,86.59,1.31,248.1,0.77,High Nitrogen & Fiber (N-Rich)
"High-Vegetable / Market Scraps (40% Veg, 40% Rice, 20% Fruit)",3.43,85.05,1.79,228.0,0.77,High Nitrogen & Fiber (N-Rich)
"Standard PH Household Waste (74% Rice, 11% Meat, 10% Veg)",2.24,78.78,2.08,172.5,0.71,Balanced Organic (High C / Moderate K)
Pure Carbohydrate / Grain Waste (90%+ Rice/Bread),4.3,76.73,2.42,246.1,1.46,Organic Soil Conditioner (High Carbon)
"High-Vegetable / Market Scraps (40% Veg, 40% Rice, 20% Fruit)",4.82,78.54,1.77,269.6,1.51,High Nitrogen & Fiber (N-Rich)
"High-Vegetable / Market Scraps (40% Veg, 40% Rice, 20% Fruit)",4.28,82.75,1.88,258.1,1.09,High Nitrogen & Fiber (N-Rich)
"High-Vegetable / Market Scraps (40% Veg, 40% Rice, 20% Fruit)",1.01,81.83,1.33,127.4,0.3,High Nitrogen & Fiber (N-Rich)
"Standard PH Household Waste (74% Rice, 11% Meat, 10% Veg)",3.55,80.36,2.64,224.6,1.03,Balanced Organic (High C / Moderate K)
"Standard PH Household Waste (74% Rice, 11% Meat, 10% Veg)",1.2,73.89,2.97,130.6,0.48,Balanced Organic (High C / Moderate K)
"Standard PH Household Waste (74% Rice, 11% Meat, 10% Veg)",2.03,77.11,2.75,163.0,0.7,Balanced Organic (High C / Moderate K)
"High-Protein / Meat Scraps (40% Meat, 45% Rice, 15% Veg)",1.24,70.07,2.79,129.5,0.56,High Phosphorus & Nitrogen (P-N Rich)
"Standard PH Household Waste (74% Rice, 11% Meat, 10% Veg)",3.42,80.3,2.95,219.5,0.99,Balanced Organic (High C / Moderate K)
"Standard PH Household Waste (74% Rice, 11% Meat, 10% Veg)",3.75,73.05,3.19,219.2,1.48,Balanced Organic (High C / Moderate K)
"Standard PH Household Waste (74% Rice, 11% Meat, 10% Veg)",1.46,78.71,2.92,143.0,0.48,Balanced Organic (High C / Moderate K)
"Standard PH Household Waste (74% Rice, 11% Meat, 10% Veg)",2.54,75.63,3.27,179.9,0.92,Balanced Organic (High C / Moderate K)
"High-Protein / Meat Scraps (40% Meat, 45% Rice, 15% Veg)",2.82,72.98,1.94,186.8,1.12,High Phosphorus & Nitrogen (P-N Rich)
"High-Vegetable / Market Scraps (40% Veg, 40% Rice, 20% Fruit)",2.48,82.08,1.91,185.4,0.67,High Nitrogen & Fiber (N-Rich)
"Standard PH Household Waste (74% Rice, 11% Meat, 10% Veg)",1.48,72.47,3.43,139.5,0.62,Balanced Organic (High C / Moderate K)
"Standard PH Household Waste (74% Rice, 11% Meat, 10% Veg)",2.68,78.79,2.8,189.1,0.84,Balanced Organic (High C / Moderate K)
"Standard PH Household Waste (74% Rice, 11% Meat, 10% Veg)",4.0,74.71,2.07,231.5,1.48,Balanced Organic (High C / Moderate K)
"Standard PH Household Waste (74% Rice, 11% Meat, 10% Veg)",1.28,81.42,2.17,138.1,0.37,Balanced Organic (High C / Moderate K)
"Standard PH Household Waste (74% Rice, 11% Meat, 10% Veg)",1.32,79.76,2.35,138.4,0.42,Balanced Organic (High C / Moderate K)
"Standard PH Household Waste (74% Rice, 11% Meat, 10% Veg)",2.42,73.39,1.62,173.1,0.95,Balanced Organic (High C / Moderate K)
"Standard PH Household Waste (74% Rice, 11% Meat, 10% Veg)",4.77,77.44,3.45,265.1,1.57,Balanced Organic (High C / Moderate K)
"High-Vegetable / Market Scraps (40% Veg, 40% Rice, 20% Fruit)",3.67,81.69,1.49,231.9,0.99,High Nitrogen & Fiber (N-Rich)
"High-Vegetable / Market Scraps (40% Veg, 40% Rice, 20% Fruit)",3.71,81.44,1.62,233.1,1.02,High Nitrogen & Fiber (N-Rich)
"Standard PH Household Waste (74% Rice, 11% Meat, 10% Veg)",2.45,76.41,3.27,177.6,0.86,Balanced Organic (High C / Moderate K)
"Standard PH Household Waste (74% Rice, 11% Meat, 10% Veg)",3.37,77.06,2.56,212.7,1.14,Balanced Organic (High C / Moderate K)
"High-Vegetable / Market Scraps (40% Veg, 40% Rice, 20% Fruit)",1.04,79.38,1.99,127.5,0.34,High Nitrogen & Fiber (N-Rich)
"Standard PH Household Waste (74% Rice, 11% Meat, 10% Veg)",3.54,74.5,1.74,214.6,1.32,Balanced Organic (High C / Moderate K)
"High-Protein / Meat Scraps (40% Meat, 45% Rice, 15% Veg)",4.65,72.29,2.51,249.3,1.88,High Phosphorus & Nitrogen (P-N Rich)
"High-Vegetable / Market Scraps (40% Veg, 40% Rice, 20% Fruit)",3.45,82.15,1.54,223.9,0.91,High Nitrogen & Fiber (N-Rich)
"Standard PH Household Waste (74% Rice, 11% Meat, 10% Veg)",4.49,79.85,1.97,260.2,1.33,Balanced Organic (High C / Moderate K)
"Standard PH Household Waste (74% Rice, 11% Meat, 10% Veg)",3.9,80.2,2.83,237.9,1.14,Balanced Organic (High C / Moderate K)
"High-Vegetable / Market Scraps (40% Veg, 40% Rice, 20% Fruit)",1.48,82.19,1.57,146.4,0.41,High Nitrogen & Fiber (N-Rich)
"Standard PH Household Waste (74% Rice, 11% Meat, 10% Veg)",4.61,74.57,3.03,252.9,1.71,Balanced Organic (High C / Moderate K)
"High-Vegetable / Market Scraps (40% Veg, 40% Rice, 20% Fruit)",1.27,83.13,1.46,138.4,0.34,High Nitrogen & Fiber (N-Rich)
Pure Carbohydrate / Grain Waste (90%+ Rice/Bread),3.14,73.96,4.49,199.2,1.2,Organic Soil Conditioner (High Carbon)
"High-Vegetable / Market Scraps (40% Veg, 40% Rice, 20% Fruit)",1.57,82.35,1.94,149.9,0.43,High Nitrogen & Fiber (N-Rich)
"Standard PH Household Waste (74% Rice, 11% Meat, 10% Veg)",1.05,75.45,1.7,125.8,0.4,Balanced Organic (High C / Moderate K)
"High-Vegetable / Market Scraps (40% Veg, 40% Rice, 20% Fruit)",2.69,80.04,1.53,191.2,0.8,High Nitrogen & Fiber (N-Rich)
"Standard PH Household Waste (74% Rice, 11% Meat, 10% Veg)",2.18,74.2,1.6,165.5,0.84,Balanced Organic (High C / Moderate K)
"Standard PH Household Waste (74% Rice, 11% Meat, 10% Veg)",2.94,81.15,3.2,202.6,0.83,Balanced Organic (High C / Moderate K)
Pure Carbohydrate / Grain Waste (90%+ Rice/Bread),3.31,75.42,2.42,207.7,1.2,Organic Soil Conditioner (High Carbon)
"Standard PH Household Waste (74% Rice, 11% Meat, 10% Veg)",1.17,73.2,1.73,129.2,0.48,Balanced Organic (High C / Moderate K)
Pure Carbohydrate / Grain Waste (90%+ Rice/Bread),1.49,75.24,4.32,141.8,0.56,Organic Soil Conditioner (High Carbon)
Pure Carbohydrate / Grain Waste (90%+ Rice/Bread),3.23,72.31,2.3,200.1,1.31,Organic Soil Conditioner (High Carbon)
"Standard PH Household Waste (74% Rice, 11% Meat, 10% Veg)",2.37,77.12,2.26,175.7,0.81,Balanced Organic (High C / Moderate K)
"Standard PH Household Waste (74% Rice, 11% Meat, 10% Veg)",3.92,75.75,2.78,230.3,1.39,Balanced Organic (High C / Moderate K)
"Standard PH Household Waste (74% Rice, 11% Meat, 10% Veg)",3.61,79.19,1.81,225.1,1.11,Balanced Organic (High C / Moderate K)
"Standard PH Household Waste (74% Rice, 11% Meat, 10% Veg)",4.38,72.36,3.49,240.1,1.76,Balanced Organic (High C / Moderate K)
"Standard PH Household Waste (74% Rice, 11% Meat, 10% Veg)",3.77,74.33,1.7,222.4,1.42,Balanced Organic (High C / Moderate K)
"High-Vegetable / Market Scraps (40% Veg, 40% Rice, 20% Fruit)",2.72,79.9,1.23,192.2,0.81,High Nitrogen & Fiber (N-Rich)
"Standard PH Household Waste (74% Rice, 11% Meat, 10% Veg)",3.69,75.92,3.12,222.4,1.3,Balanced Organic (High C / Moderate K)
"Standard PH Household Waste (74% Rice, 11% Meat, 10% Veg)",2.1,75.41,2.44,163.9,0.77,Balanced Organic (High C / Moderate K)
"High-Protein / Meat Scraps (40% Meat, 45% Rice, 15% Veg)",2.23,72.43,2.41,165.2,0.91,High Phosphorus & Nitrogen (P-N Rich)
"Standard PH Household Waste (74% Rice, 11% Meat, 10% Veg)",4.16,80.61,3.25,248.7,1.19,Balanced Organic (High C / Moderate K)
"High-Protein / Meat Scraps (40% Meat, 45% Rice, 15% Veg)",2.79,65.11,2.73,174.9,1.42,High Phosphorus & Nitrogen (P-N Rich)
"Standard PH Household Waste (74% Rice, 11% Meat, 10% Veg)",4.19,76.61,3.48,242.1,1.44,Balanced Organic (High C / Moderate K)
"Standard PH Household Waste (74% Rice, 11% Meat, 10% Veg)",4.29,76.83,3.48,246.1,1.45,Balanced Organic (High C / Moderate K)
"High-Vegetable / Market Scraps (40% Veg, 40% Rice, 20% Fruit)",4.43,85.55,1.4,269.8,0.95,High Nitrogen & Fiber (N-Rich)
"High-Vegetable / Market Scraps (40% Veg, 40% Rice, 20% Fruit)",4.67,83.38,1.99,274.6,1.14,High Nitrogen & Fiber (N-Rich)
"High-Protein / Meat Scraps (40% Meat, 45% Rice, 15% Veg)",2.72,74.43,1.92,185.2,1.03,High Phosphorus & Nitrogen (P-N Rich)
"High-Vegetable / Market Scraps (40% Veg, 40% Rice, 20% Fruit)",2.28,85.06,1.48,180.8,0.52,High Nitrogen & Fiber (N-Rich)
"High-Protein / Meat Scraps (40% Meat, 45% Rice, 15% Veg)",3.33,65.08,2.28,191.9,1.69,High Phosphorus & Nitrogen (P-N Rich)
"Standard PH Household Waste (74% Rice, 11% Meat, 10% Veg)",2.48,74.35,3.16,176.6,0.94,Balanced Organic (High C / Moderate K)
"Standard PH Household Waste (74% Rice, 11% Meat, 10% Veg)",3.4,75.37,3.17,211.0,1.23,Balanced Organic (High C / Moderate K)
"High-Protein / Meat Scraps (40% Meat, 45% Rice, 15% Veg)",3.82,65.01,2.17,207.2,1.94,High Phosphorus & Nitrogen (P-N Rich)
"High-Protein / Meat Scraps (40% Meat, 45% Rice, 15% Veg)",3.75,67.65,2.08,209.8,1.77,High Phosphorus & Nitrogen (P-N Rich)
Pure Carbohydrate / Grain Waste (90%+ Rice/Bread),2.5,68.68,2.47,170.2,1.15,Organic Soil Conditioner (High Carbon)
"Standard PH Household Waste (74% Rice, 11% Meat, 10% Veg)",1.67,77.56,2.15,150.0,0.57,Balanced Organic (High C / Moderate K)
"Standard PH Household Waste (74% Rice, 11% Meat, 10% Veg)",2.72,76.17,2.32,187.4,0.96,Balanced Organic (High C / Moderate K)
"High-Protein / Meat Scraps (40% Meat, 45% Rice, 15% Veg)",1.57,74.63,2.89,144.1,0.6,High Phosphorus & Nitrogen (P-N Rich)
"Standard PH Household Waste (74% Rice, 11% Meat, 10% Veg)",4.56,76.93,2.23,256.3,1.54,Balanced Organic (High C / Moderate K)
Pure Carbohydrate / Grain Waste (90%+ Rice/Bread),2.38,69.07,4.38,166.9,1.09,Organic Soil Conditioner (High Carbon)
"High-Protein / Meat Scraps (40% Meat, 45% Rice, 15% Veg)",1.62,65.66,2.16,138.9,0.83,High Phosphorus & Nitrogen (P-N Rich)
"Standard PH Household Waste (74% Rice, 11% Meat, 10% Veg)",1.1,74.98,2.21,127.5,0.43,Balanced Organic (High C / Moderate K)
"High-Protein / Meat Scraps (40% Meat, 45% Rice, 15% Veg)",3.58,66.81,2.74,202.8,1.73,High Phosphorus & Nitrogen (P-N Rich)
"High-Protein / Meat Scraps (40% Meat, 45% Rice, 15% Veg)",3.55,66.35,2.56,200.9,1.74,High Phosphorus & Nitrogen (P-N Rich)
"Standard PH Household Waste (74% Rice, 11% Meat, 10% Veg)",2.36,73.24,1.73,170.9,0.94,Balanced Organic (High C / Moderate K)
Pure Carbohydrate / Grain Waste (90%+ Rice/Bread),1.29,77.09,2.48,135.5,0.45,Organic Soil Conditioner (High Carbon)
"Standard PH Household Waste (74% Rice, 11% Meat, 10% Veg)",2.64,80.21,2.63,189.5,0.78,Balanced Organic (High C / Moderate K)
"High-Protein / Meat Scraps (40% Meat, 45% Rice, 15% Veg)",2.24,65.86,2.95,158.8,1.13,High Phosphorus & Nitrogen (P-N Rich)
"Standard PH Household Waste (74% Rice, 11% Meat, 10% Veg)",3.71,74.47,3.23,220.4,1.39,Balanced Organic (High C / Moderate K)
"High-Protein / Meat Scraps (40% Meat, 45% Rice, 15% Veg)",3.42,66.86,2.82,197.7,1.65,High Phosphorus & Nitrogen (P-N Rich)
"Standard PH Household Waste (74% Rice, 11% Meat, 10% Veg)",2.46,72.13,2.57,173.0,1.01,Balanced Organic (High C / Moderate K)
"Standard PH Household Waste (74% Rice, 11% Meat, 10% Veg)",1.87,79.69,3.38,159.5,0.58,Balanced Organic (High C / Moderate K)
Pure Carbohydrate / Grain Waste (90%+ Rice/Bread),4.95,77.09,4.05,271.1,1.65,Organic Soil Conditioner (High Carbon)
"Standard PH Household Waste (74% Rice, 11% Meat, 10% Veg)",2.82,80.88,1.98,197.2,0.8,Balanced Organic (High C / Moderate K)
"Standard PH Household Waste (74% Rice, 11% Meat, 10% Veg)",3.75,74.84,2.15,222.7,1.38,Balanced Organic (High C / Moderate K)
Pure Carbohydrate / Grain Waste (90%+ Rice/Bread),1.56,71.77,2.98,141.7,0.66,Organic Soil Conditioner (High Carbon)
Pure Carbohydrate / Grain Waste (90%+ Rice/Bread),2.94,73.45,2.4,191.6,1.15,Organic Soil Conditioner (High Carbon)
"High-Vegetable / Market Scraps (40% Veg, 40% Rice, 20% Fruit)",1.11,84.91,1.33,133.1,0.27,High Nitrogen & Fiber (N-Rich)
"High-Vegetable / Market Scraps (40% Veg, 40% Rice, 20% Fruit)",3.02,81.1,1.6,205.5,0.85,High Nitrogen & Fiber (N-Rich)
"Standard PH Household Waste (74% Rice, 11% Meat, 10% Veg)",4.86,79.96,3.0,274.3,1.42,Balanced Organic (High C / Moderate K)
"Standard PH Household Waste (74% Rice, 11% Meat, 10% Veg)",2.54,78.46,1.9,183.4,0.81,Balanced Organic (High C / Moderate K)
"Standard PH Household Waste (74% Rice, 11% Meat, 10% Veg)",1.16,77.47,1.77,130.9,0.41,Balanced Organic (High C / Moderate K)
"High-Vegetable / Market Scraps (40% Veg, 40% Rice, 20% Fruit)",1.12,81.77,1.53,132.0,0.33,High Nitrogen & Fiber (N-Rich)
"High-Protein / Meat Scraps (40% Meat, 45% Rice, 15% Veg)",2.55,65.44,2.13,168.0,1.29,High Phosphorus & Nitrogen (P-N Rich)
"High-Protein / Meat Scraps (40% Meat, 45% Rice, 15% Veg)",1.64,75.51,2.94,147.3,0.61,High Phosphorus & Nitrogen (P-N Rich)
"High-Protein / Meat Scraps (40% Meat, 45% Rice, 15% Veg)",1.09,68.88,1.85,124.0,0.52,High Phosphorus & Nitrogen (P-N Rich)
"Standard PH Household Waste (74% Rice, 11% Meat, 10% Veg)",4.02,73.79,2.35,230.4,1.54,Balanced Organic (High C / Moderate K)
"Standard PH Household Waste (74% Rice, 11% Meat, 10% Veg)",2.83,81.48,1.87,198.7,0.78,Balanced Organic (High C / Moderate K)
"Standard PH Household Waste (74% Rice, 11% Meat, 10% Veg)",2.16,79.64,1.81,170.3,0.66,Balanced Organic (High C / Moderate K)
"Standard PH Household Waste (74% Rice, 11% Meat, 10% Veg)",4.6,81.81,2.33,268.5,1.23,Balanced Organic (High C / Moderate K)
"Standard PH Household Waste (74% Rice, 11% Meat, 10% Veg)",1.46,79.75,2.25,143.9,0.46,Balanced Organic (High C / Moderate K)
"High-Protein / Meat Scraps (40% Meat, 45% Rice, 15% Veg)",4.82,71.9,2.03,254.4,1.97,High Phosphorus & Nitrogen (P-N Rich)
"Standard PH Household Waste (74% Rice, 11% Meat, 10% Veg)",2.26,73.46,3.38,167.4,0.89,Balanced Organic (High C / Moderate K)
"Standard PH Household Waste (74% Rice, 11% Meat, 10% Veg)",4.55,81.18,3.29,265.3,1.26,Balanced Organic (High C / Moderate K)
"Standard PH Household Waste (74% Rice, 11% Meat, 10% Veg)",3.41,78.25,3.14,216.0,1.09,Balanced Organic (High C / Moderate K)
"High-Protein / Meat Scraps (40% Meat, 45% Rice, 15% Veg)",4.31,65.76,2.2,223.8,2.14,High Phosphorus & Nitrogen (P-N Rich)
"High-Vegetable / Market Scraps (40% Veg, 40% Rice, 20% Fruit)",4.94,81.14,1.71,280.1,1.36,High Nitrogen & Fiber (N-Rich)
"Standard PH Household Waste (74% Rice, 11% Meat, 10% Veg)",2.15,75.56,1.88,166.0,0.79,Balanced Organic (High C / Moderate K)
"Standard PH Household Waste (74% Rice, 11% Meat, 10% Veg)",4.84,77.96,3.15,269.2,1.56,Balanced Organic (High C / Moderate K)
"High-Vegetable / Market Scraps (40% Veg, 40% Rice, 20% Fruit)",2.56,81.82,1.31,188.3,0.7,High Nitrogen & Fiber (N-Rich)
"Standard PH Household Waste (74% Rice, 11% Meat, 10% Veg)",2.54,73.97,2.05,178.1,0.98,Balanced Organic (High C / Moderate K)
"High-Protein / Meat Scraps (40% Meat, 45% Rice, 15% Veg)",2.36,68.3,2.57,165.3,1.1,High Phosphorus & Nitrogen (P-N Rich)
"High-Vegetable / Market Scraps (40% Veg, 40% Rice, 20% Fruit)",3.17,84.01,1.76,215.5,0.76,High Nitrogen & Fiber (N-Rich)
"Standard PH Household Waste (74% Rice, 11% Meat, 10% Veg)",1.62,75.63,3.17,146.6,0.6,Balanced Organic (High C / Moderate K)
"Standard PH Household Waste (74% Rice, 11% Meat, 10% Veg)",3.21,74.04,2.49,202.1,1.23,Balanced Organic (High C / Moderate K)
Pure Carbohydrate / Grain Waste (90%+ Rice/Bread),3.17,76.01,2.45,203.4,1.12,Organic Soil Conditioner (High Carbon)
"Standard PH Household Waste (74% Rice, 11% Meat, 10% Veg)",4.05,73.1,3.28,229.9,1.59,Balanced Organic (High C / Moderate K)
"Standard PH Household Waste (74% Rice, 11% Meat, 10% Veg)",4.33,75.43,2.9,244.8,1.56,Balanced Organic (High C / Moderate K)
"High-Protein / Meat Scraps (40% Meat, 45% Rice, 15% Veg)",2.76,65.28,2.63,174.4,1.4,High Phosphorus & Nitrogen (P-N Rich)
Pure Carbohydrate / Grain Waste (90%+ Rice/Bread),2.21,71.16,2.14,163.3,0.94,Organic Soil Conditioner (High Carbon)
Pure Carbohydrate / Grain Waste (90%+ Rice/Bread),2.04,74.1,2.6,160.3,0.79,Organic Soil Conditioner (High Carbon)
"High-Protein / Meat Scraps (40% Meat, 45% Rice, 15% Veg)",1.78,69.25,1.9,147.0,0.82,High Phosphorus & Nitrogen (P-N Rich)
"Standard PH Household Waste (74% Rice, 11% Meat, 10% Veg)",1.23,73.47,2.17,131.3,0.5,Balanced Organic (High C / Moderate K)
"Standard PH Household Waste (74% Rice, 11% Meat, 10% Veg)",2.37,72.9,3.33,170.8,0.95,Balanced Organic (High C / Moderate K)
"High-Protein / Meat Scraps (40% Meat, 45% Rice, 15% Veg)",2.08,65.07,2.38,152.9,1.07,High Phosphorus & Nitrogen (P-N Rich)
"High-Vegetable / Market Scraps (40% Veg, 40% Rice, 20% Fruit)",4.87,79.23,1.45,272.9,1.48,High Nitrogen & Fiber (N-Rich)
"Standard PH Household Waste (74% Rice, 11% Meat, 10% Veg)",3.23,81.26,1.91,213.9,0.9,Balanced Organic (High C / Moderate K)
Pure Carbohydrate / Grain Waste (90%+ Rice/Bread),2.39,77.66,2.51,176.9,0.8,Organic Soil Conditioner (High Carbon)
"Standard PH Household Waste (74% Rice, 11% Meat, 10% Veg)",3.32,79.42,2.64,214.5,1.01,Balanced Organic (High C / Moderate K)
"Standard PH Household Waste (74% Rice, 11% Meat, 10% Veg)",1.56,80.84,2.65,148.3,0.46,Balanced Organic (High C / Moderate K)
"Standard PH Household Waste (74% Rice, 11% Meat, 10% Veg)",2.78,77.35,1.97,191.0,0.93,Balanced Organic (High C / Moderate K)
"Standard PH Household Waste (74% Rice, 11% Meat, 10% Veg)",3.5,73.66,3.34,211.8,1.35,Balanced Organic (High C / Moderate K)
"Standard PH Household Waste (74% Rice, 11% Meat, 10% Veg)",2.96,75.28,2.31,194.7,1.08,Balanced Organic (High C / Moderate K)
"Standard PH Household Waste (74% Rice, 11% Meat, 10% Veg)",2.61,79.6,2.24,187.5,0.79,Balanced Organic (High C / Moderate K)
"Standard PH Household Waste (74% Rice, 11% Meat, 10% Veg)",4.98,81.52,3.0,282.6,1.35,Balanced Organic (High C / Moderate K)
"High-Vegetable / Market Scraps (40% Veg, 40% Rice, 20% Fruit)",4.52,83.97,1.9,270.1,1.07,High Nitrogen & Fiber (N-Rich)
"High-Vegetable / Market Scraps (40% Veg, 40% Rice, 20% Fruit)",3.49,78.5,1.41,219.5,1.11,High Nitrogen & Fiber (N-Rich)
"High-Vegetable / Market Scraps (40% Veg, 40% Rice, 20% Fruit)",3.28,82.65,1.38,217.9,0.85,High Nitrogen & Fiber (N-Rich)
Pure Carbohydrate / Grain Waste (90%+ Rice/Bread),3.48,75.44,4.3,214.0,1.26,Organic Soil Conditioner (High Carbon)
"Standard PH Household Waste (74% Rice, 11% Meat, 10% Veg)",1.81,76.24,2.25,153.9,0.65,Balanced Organic (High C / Moderate K)
"Standard PH Household Waste (74% Rice, 11% Meat, 10% Veg)",2.58,81.62,2.45,189.0,0.71,Balanced Organic (High C / Moderate K)
"High-Protein / Meat Scraps (40% Meat, 45% Rice, 15% Veg)",1.16,70.38,2.22,127.0,0.52,High Phosphorus & Nitrogen (P-N Rich)
"Standard PH Household Waste (74% Rice, 11% Meat, 10% Veg)",2.9,81.1,2.68,200.9,0.82,Balanced Organic (High C / Moderate K)
Pure Carbohydrate / Grain Waste (90%+ Rice/Bread),3.17,75.62,4.03,203.0,1.14,Organic Soil Conditioner (High Carbon)
"Standard PH Household Waste (74% Rice, 11% Meat, 10% Veg)",1.91,75.42,2.42,157.1,0.7,Balanced Organic (High C / Moderate K)
Pure Carbohydrate / Grain Waste (90%+ Rice/Bread),4.86,76.48,2.91,266.1,1.67,Organic Soil Conditioner (High Carbon)
"Standard PH Household Waste (74% Rice, 11% Meat, 10% Veg)",4.64,79.94,3.39,265.8,1.36,Balanced Organic (High C / Moderate K)
"High-Protein / Meat Scraps (40% Meat, 45% Rice, 15% Veg)",3.89,71.86,2.69,222.0,1.6,High Phosphorus & Nitrogen (P-N Rich)
"Standard PH Household Waste (74% Rice, 11% Meat, 10% Veg)",3.13,80.05,3.21,208.3,0.93,Balanced Organic (High C / Moderate K)
Pure Carbohydrate / Grain Waste (90%+ Rice/Bread),4.48,71.95,2.13,242.6,1.83,Organic Soil Conditioner (High Carbon)
"Standard PH Household Waste (74% Rice, 11% Meat, 10% Veg)",1.52,76.02,2.88,143.4,0.56,Balanced Organic (High C / Moderate K)
"High-Vegetable / Market Scraps (40% Veg, 40% Rice, 20% Fruit)",4.16,82.5,1.8,252.7,1.07,High Nitrogen & Fiber (N-Rich)
Pure Carbohydrate / Grain Waste (90%+ Rice/Bread),1.5,71.57,3.59,139.4,0.64,Organic Soil Conditioner (High Carbon)
"Standard PH Household Waste (74% Rice, 11% Meat, 10% Veg)",4.18,73.86,3.02,236.0,1.59,Balanced Organic (High C / Moderate K)
"High-Vegetable / Market Scraps (40% Veg, 40% Rice, 20% Fruit)",2.1,83.46,1.36,172.1,0.53,High Nitrogen & Fiber (N-Rich)
"High-Vegetable / Market Scraps (40% Veg, 40% Rice, 20% Fruit)",4.51,80.92,1.8,263.0,1.26,High Nitrogen & Fiber (N-Rich)
"Standard PH Household Waste (74% Rice, 11% Meat, 10% Veg)",4.78,76.83,2.01,264.0,1.61,Balanced Organic (High C / Moderate K)
"High-Vegetable / Market Scraps (40% Veg, 40% Rice, 20% Fruit)",1.6,87.67,1.77,155.0,0.31,High Nitrogen & Fiber (N-Rich)
"High-Vegetable / Market Scraps (40% Veg, 40% Rice, 20% Fruit)",2.85,87.57,1.54,207.7,0.54,High Nitrogen & Fiber (N-Rich)
Pure Carbohydrate / Grain Waste (90%+ Rice/Bread),4.92,72.75,4.24,259.8,1.95,Organic Soil Conditioner (High Carbon)
"Standard PH Household Waste (74% Rice, 11% Meat, 10% Veg)",2.93,77.25,2.94,196.7,0.99,Balanced Organic (High C / Moderate K)
"Standard PH Household Waste (74% Rice, 11% Meat, 10% Veg)",4.45,74.52,2.45,247.2,1.66,Balanced Organic (High C / Moderate K)
Pure Carbohydrate / Grain Waste (90%+ Rice/Bread),3.35,69.23,2.51,199.4,1.51,Organic Soil Conditioner (High Carbon)
"High-Protein / Meat Scraps (40% Meat, 45% Rice, 15% Veg)",2.5,65.01,1.85,165.9,1.28,High Phosphorus & Nitrogen (P-N Rich)
"Standard PH Household Waste (74% Rice, 11% Meat, 10% Veg)",2.14,81.77,2.06,172.0,0.59,Balanced Organic (High C / Moderate K)
"High-Vegetable / Market Scraps (40% Veg, 40% Rice, 20% Fruit)",1.81,84.63,1.87,161.5,0.43,High Nitrogen & Fiber (N-Rich)
"Standard PH Household Waste (74% Rice, 11% Meat, 10% Veg)",4.05,77.51,1.89,238.5,1.33,Balanced Organic (High C / Moderate K)
"Standard PH Household Waste (74% Rice, 11% Meat, 10% Veg)",2.55,79.28,2.74,184.8,0.79,Balanced Organic (High C / Moderate K)
"Standard PH Household Waste (74% Rice, 11% Meat, 10% Veg)",3.05,79.31,3.06,203.8,0.93,Balanced Organic (High C / Moderate K)
"Standard PH Household Waste (74% Rice, 11% Meat, 10% Veg)",2.97,81.75,2.69,204.4,0.81,Balanced Organic (High C / Moderate K)
"High-Vegetable / Market Scraps (40% Veg, 40% Rice, 20% Fruit)",3.31,81.42,1.72,217.2,0.91,High Nitrogen & Fiber (N-Rich)
"Standard PH Household Waste (74% Rice, 11% Meat, 10% Veg)",4.46,72.68,3.31,243.6,1.78,Balanced Organic (High C / Moderate K)
Pure Carbohydrate / Grain Waste (90%+ Rice/Bread),4.92,69.19,2.82,251.4,2.2,Organic Soil Conditioner (High Carbon)
Pure Carbohydrate / Grain Waste (90%+ Rice/Bread),2.63,76.16,3.49,184.0,0.93,Organic Soil Conditioner (High Carbon)
"High-Vegetable / Market Scraps (40% Veg, 40% Rice, 20% Fruit)",4.31,81.94,1.58,257.4,1.15,High Nitrogen & Fiber (N-Rich)
"Standard PH Household Waste (74% Rice, 11% Meat, 10% Veg)",4.06,80.55,2.25,244.8,1.16,Balanced Organic (High C / Moderate K)
"Standard PH Household Waste (74% Rice, 11% Meat, 10% Veg)",3.29,80.7,1.77,215.5,0.94,Balanced Organic (High C / Moderate K)
"High-Protein / Meat Scraps (40% Meat, 45% Rice, 15% Veg)",4.82,73.54,2.82,258.2,1.86,High Phosphorus & Nitrogen (P-N Rich)
"High-Vegetable / Market Scraps (40% Veg, 40% Rice, 20% Fruit)",1.8,79.82,1.54,156.9,0.55,High Nitrogen & Fiber (N-Rich)
"Standard PH Household Waste (74% Rice, 11% Meat, 10% Veg)",1.44,73.65,2.94,138.7,0.57,Balanced Organic (High C / Moderate K)
Pure Carbohydrate / Grain Waste (90%+ Rice/Bread),4.42,73.35,3.59,243.3,1.72,Organic Soil Conditioner (High Carbon)
"High-Protein / Meat Scraps (40% Meat, 45% Rice, 15% Veg)",2.76,67.16,2.05,176.7,1.33,High Phosphorus & Nitrogen (P-N Rich)
Pure Carbohydrate / Grain Waste (90%+ Rice/Bread),4.39,68.41,2.81,232.0,2.01,Organic Soil Conditioner (High Carbon)
"High-Vegetable / Market Scraps (40% Veg, 40% Rice, 20% Fruit)",4.57,83.6,1.89,271.4,1.11,High Nitrogen & Fiber (N-Rich)
"High-Vegetable / Market Scraps (40% Veg, 40% Rice, 20% Fruit)",1.25,84.67,1.55,138.7,0.31,High Nitrogen & Fiber (N-Rich)
"Standard PH Household Waste (74% Rice, 11% Meat, 10% Veg)",4.53,81.53,2.97,265.3,1.23,Balanced Organic (High C / Moderate K)
Pure Carbohydrate / Grain Waste (90%+ Rice/Bread),2.79,77.3,3.32,191.5,0.94,Organic Soil Conditioner (High Carbon)
"High-Protein / Meat Scraps (40% Meat, 45% Rice, 15% Veg)",3.04,67.85,1.86,186.9,1.43,High Phosphorus & Nitrogen (P-N Rich)
"Standard PH Household Waste (74% Rice, 11% Meat, 10% Veg)",3.51,79.26,1.83,221.3,1.07,Balanced Organic (High C / Moderate K)
"Standard PH Household Waste (74% Rice, 11% Meat, 10% Veg)",4.71,75.03,2.61,257.3,1.71,Balanced Organic (High C / Moderate K)
"Standard PH Household Waste (74% Rice, 11% Meat, 10% Veg)",1.08,77.64,2.74,128.0,0.38,Balanced Organic (High C / Moderate K)
"High-Protein / Meat Scraps (40% Meat, 45% Rice, 15% Veg)",2.91,66.83,2.26,181.1,1.41,High Phosphorus & Nitrogen (P-N Rich)
Pure Carbohydrate / Grain Waste (90%+ Rice/Bread),3.75,74.17,4.42,221.4,1.42,Organic Soil Conditioner (High Carbon)
"Standard PH Household Waste (74% Rice, 11% Meat, 10% Veg)",3.89,79.28,3.35,235.9,1.19,Balanced Organic (High C / Moderate K)
"High-Vegetable / Market Scraps (40% Veg, 40% Rice, 20% Fruit)",3.77,85.62,1.67,242.8,0.81,High Nitrogen & Fiber (N-Rich)
"Standard PH Household Waste (74% Rice, 11% Meat, 10% Veg)",1.54,73.92,2.87,142.4,0.61,Balanced Organic (High C / Moderate K)
Pure Carbohydrate / Grain Waste (90%+ Rice/Bread),2.2,74.23,3.51,166.2,0.84,Organic Soil Conditioner (High Carbon)
"High-Protein / Meat Scraps (40% Meat, 45% Rice, 15% Veg)",2.43,70.39,2.43,170.1,1.06,High Phosphorus & Nitrogen (P-N Rich)
"High-Protein / Meat Scraps (40% Meat, 45% Rice, 15% Veg)",4.22,68.68,2.42,226.9,1.92,High Phosphorus & Nitrogen (P-N Rich)
"Standard PH Household Waste (74% Rice, 11% Meat, 10% Veg)",2.12,73.98,3.13,163.0,0.82,Balanced Organic (High C / Moderate K)
"Standard PH Household Waste (74% Rice, 11% Meat, 10% Veg)",1.84,73.86,1.76,153.2,0.72,Balanced Organic (High C / Moderate K)
"Standard PH Household Waste (74% Rice, 11% Meat, 10% Veg)",4.83,76.36,2.85,264.9,1.66,Balanced Organic (High C / Moderate K)
"Standard PH Household Waste (74% Rice, 11% Meat, 10% Veg)",1.04,76.38,2.13,125.8,0.38,Balanced Organic (High C / Moderate K)
"High-Protein / Meat Scraps (40% Meat, 45% Rice, 15% Veg)",4.99,71.14,2.22,258.3,2.09,High Phosphorus & Nitrogen (P-N Rich)
"High-Protein / Meat Scraps (40% Meat, 45% Rice, 15% Veg)",3.71,75.26,2.91,221.8,1.34,High Phosphorus & Nitrogen (P-N Rich)
Pure Carbohydrate / Grain Waste (90%+ Rice/Bread),4.31,73.02,2.82,239.1,1.7,Organic Soil Conditioner (High Carbon)
Pure Carbohydrate / Grain Waste (90%+ Rice/Bread),2.18,75.37,2.09,166.7,0.8,Organic Soil Conditioner (High Carbon)
"High-Vegetable / Market Scraps (40% Veg, 40% Rice, 20% Fruit)",1.06,82.75,1.47,129.9,0.29,High Nitrogen & Fiber (N-Rich)
"High-Protein / Meat Scraps (40% Meat, 45% Rice, 15% Veg)",3.95,75.13,1.81,230.4,1.44,High Phosphorus & Nitrogen (P-N Rich)
Pure Carbohydrate / Grain Waste (90%+ Rice/Bread),4.34,73.53,3.85,240.9,1.67,Organic Soil Conditioner (High Carbon)
"High-Protein / Meat Scraps (40% Meat, 45% Rice, 15% Veg)",3.96,70.34,1.9,221.6,1.71,High Phosphorus & Nitrogen (P-N Rich)
"Standard PH Household Waste (74% Rice, 11% Meat, 10% Veg)",1.57,81.72,2.58,149.5,0.44,Balanced Organic (High C / Moderate K)
"Standard PH Household Waste (74% Rice, 11% Meat, 10% Veg)",4.01,78.14,2.05,238.4,1.29,Balanced Organic (High C / Moderate K)
"Standard PH Household Waste (74% Rice, 11% Meat, 10% Veg)",4.08,76.83,2.42,238.2,1.38,Balanced Organic (High C / Moderate K)
Pure Carbohydrate / Grain Waste (90%+ Rice/Bread),3.63,68.75,2.27,207.8,1.66,Organic Soil Conditioner (High Carbon)
"High-Vegetable / Market Scraps (40% Veg, 40% Rice, 20% Fruit)",4.06,86.37,1.39,256.4,0.83,High Nitrogen & Fiber (N-Rich)
"Standard PH Household Waste (74% Rice, 11% Meat, 10% Veg)",4.38,73.95,2.56,243.5,1.67,Balanced Organic (High C / Moderate K)
"High-Vegetable / Market Scraps (40% Veg, 40% Rice, 20% Fruit)",3.45,85.69,1.25,230.0,0.74,High Nitrogen & Fiber (N-Rich)
"High-Vegetable / Market Scraps (40% Veg, 40% Rice, 20% Fruit)",1.35,83.77,1.3,142.3,0.35,High Nitrogen & Fiber (N-Rich)
"Standard PH Household Waste (74% Rice, 11% Meat, 10% Veg)",2.95,72.36,1.7,190.4,1.2,Balanced Organic (High C / Moderate K)
"Standard PH Household Waste (74% Rice, 11% Meat, 10% Veg)",1.31,80.34,1.82,138.4,0.4,Balanced Organic (High C / Moderate K)
"High-Vegetable / Market Scraps (40% Veg, 40% Rice, 20% Fruit)",2.63,78.45,1.55,186.9,0.84,High Nitrogen & Fiber (N-Rich)
"Standard PH Household Waste (74% Rice, 11% Meat, 10% Veg)",2.63,80.44,2.1,189.4,0.77,Balanced Organic (High C / Moderate K)
"High-Protein / Meat Scraps (40% Meat, 45% Rice, 15% Veg)",1.26,69.64,1.85,130.1,0.58,High Phosphorus & Nitrogen (P-N Rich)
"Standard PH Household Waste (74% Rice, 11% Meat, 10% Veg)",2.4,76.49,2.7,175.8,0.84,Balanced Organic (High C / Moderate K)
"High-Protein / Meat Scraps (40% Meat, 45% Rice, 15% Veg)",1.44,71.28,2.2,137.3,0.63,High Phosphorus & Nitrogen (P-N Rich)
"High-Vegetable / Market Scraps (40% Veg, 40% Rice, 20% Fruit)",4.23,81.16,1.29,252.8,1.17,High Nitrogen & Fiber (N-Rich)
"High-Vegetable / Market Scraps (40% Veg, 40% Rice, 20% Fruit)",4.79,81.67,1.28,275.7,1.29,High Nitrogen & Fiber (N-Rich)
"High-Protein / Meat Scraps (40% Meat, 45% Rice, 15% Veg)",1.29,73.43,2.96,133.3,0.52,High Phosphorus & Nitrogen (P-N Rich)
"Standard PH Household Waste (74% Rice, 11% Meat, 10% Veg)",4.82,81.7,3.24,276.9,1.29,Balanced Organic (High C / Moderate K)
"Standard PH Household Waste (74% Rice, 11% Meat, 10% Veg)",3.09,78.01,2.93,203.6,1.0,Balanced Organic (High C / Moderate K)
"Standard PH Household Waste (74% Rice, 11% Meat, 10% Veg)",2.2,74.85,2.8,166.9,0.82,Balanced Organic (High C / Moderate K)
"High-Protein / Meat Scraps (40% Meat, 45% Rice, 15% Veg)",1.31,70.01,2.38,131.8,0.59,High Phosphorus & Nitrogen (P-N Rich)
"High-Vegetable / Market Scraps (40% Veg, 40% Rice, 20% Fruit)",3.0,85.58,1.43,211.2,0.65,High Nitrogen & Fiber (N-Rich)
"High-Vegetable / Market Scraps (40% Veg, 40% Rice, 20% Fruit)",4.18,81.18,1.94,250.7,1.16,High Nitrogen & Fiber (N-Rich)
"Standard PH Household Waste (74% Rice, 11% Meat, 10% Veg)",3.83,72.56,2.52,221.2,1.53,Balanced Organic (High C / Moderate K)
"Standard PH Household Waste (74% Rice, 11% Meat, 10% Veg)",1.2,81.13,2.76,134.6,0.36,Balanced Organic (High C / Moderate K)
"Standard PH Household Waste (74% Rice, 11% Meat, 10% Veg)",1.29,77.46,2.07,135.9,0.45,Balanced Organic (High C / Moderate K)
"Standard PH Household Waste (74% Rice, 11% Meat, 10% Veg)",2.61,75.43,3.22,182.4,0.95,Balanced Organic (High C / Moderate K)
"High-Vegetable / Market Scraps (40% Veg, 40% Rice, 20% Fruit)",2.18,83.59,1.61,175.4,0.55,High Nitrogen & Fiber (N-Rich)
"Standard PH Household Waste (74% Rice, 11% Meat, 10% Veg)",1.93,73.0,1.63,155.5,0.78,Balanced Organic (High C / Moderate K)
"Standard PH Household Waste (74% Rice, 11% Meat, 10% Veg)",2.12,81.64,2.32,171.1,0.59,Balanced Organic (High C / Moderate K)
Pure Carbohydrate / Grain Waste (90%+ Rice/Bread),4.21,74.03,2.2,237.6,1.6,Organic Soil Conditioner (High Carbon)
"Standard PH Household Waste (74% Rice, 11% Meat, 10% Veg)",4.72,78.83,3.37,266.4,1.46,Balanced Organic (High C / Moderate K)
"Standard PH Household Waste (74% Rice, 11% Meat, 10% Veg)",2.62,77.76,1.84,185.7,0.87,Balanced Organic (High C / Moderate K)
"High-Protein / Meat Scraps (40% Meat, 45% Rice, 15% Veg)",4.62,71.4,2.72,246.4,1.92,High Phosphorus & Nitrogen (P-N Rich)
"Standard PH Household Waste (74% Rice, 11% Meat, 10% Veg)",2.29,76.06,3.27,171.3,0.82,Balanced Organic (High C / Moderate K)
"High-Vegetable / Market Scraps (40% Veg, 40% Rice, 20% Fruit)",2.91,84.49,1.92,205.7,0.68,High Nitrogen & Fiber (N-Rich)
"High-Protein / Meat Scraps (40% Meat, 45% Rice, 15% Veg)",1.9,71.86,1.96,153.6,0.8,High Phosphorus & Nitrogen (P-N Rich)
Pure Carbohydrate / Grain Waste (90%+ Rice/Bread),3.56,71.1,2.5,209.4,1.5,Organic Soil Conditioner (High Carbon)
"Standard PH Household Waste (74% Rice, 11% Meat, 10% Veg)",4.92,81.09,3.04,279.2,1.36,Balanced Organic (High C / Moderate K)
Pure Carbohydrate / Grain Waste (90%+ Rice/Bread),3.41,74.76,2.75,210.4,1.26,Organic Soil Conditioner (High Carbon)
"Standard PH Household Waste (74% Rice, 11% Meat, 10% Veg)",2.43,73.84,3.04,174.0,0.94,Balanced Organic (High C / Moderate K)
"Standard PH Household Waste (74% Rice, 11% Meat, 10% Veg)",3.59,76.74,2.03,220.2,1.23,Balanced Organic (High C / Moderate K)
"Standard PH Household Waste (74% Rice, 11% Meat, 10% Veg)",1.49,78.17,1.68,143.8,0.5,Balanced Organic (High C / Moderate K)
Pure Carbohydrate / Grain Waste (90%+ Rice/Bread),4.55,71.26,3.17,243.7,1.9,Organic Soil Conditioner (High Carbon)
"Standard PH Household Waste (74% Rice, 11% Meat, 10% Veg)",3.01,73.48,3.47,194.1,1.18,Balanced Organic (High C / Moderate K)
"Standard PH Household Waste (74% Rice, 11% Meat, 10% Veg)",2.8,74.09,1.85,187.4,1.07,Balanced Organic (High C / Moderate K)
"High-Vegetable / Market Scraps (40% Veg, 40% Rice, 20% Fruit)",3.34,80.04,1.82,216.3,0.99,High Nitrogen & Fiber (N-Rich)
"Standard PH Household Waste (74% Rice, 11% Meat, 10% Veg)",3.5,76.26,2.67,216.0,1.22,Balanced Organic (High C / Moderate K)
"Standard PH Household Waste (74% Rice, 11% Meat, 10% Veg)",1.29,72.21,1.67,132.5,0.54,Balanced Organic (High C / Moderate K)
"Standard PH Household Waste (74% Rice, 11% Meat, 10% Veg)",3.73,76.46,3.15,224.8,1.29,Balanced Organic (High C / Moderate K)
"Standard PH Household Waste (74% Rice, 11% Meat, 10% Veg)",1.97,80.85,1.76,164.2,0.57,Balanced Organic (High C / Moderate K)
"Standard PH Household Waste (74% Rice, 11% Meat, 10% Veg)",3.86,77.38,3.34,231.1,1.28,Balanced Organic (High C / Moderate K)
"Standard PH Household Waste (74% Rice, 11% Meat, 10% Veg)",4.29,75.88,3.18,244.1,1.51,Balanced Organic (High C / Moderate K)
"High-Vegetable / Market Scraps (40% Veg, 40% Rice, 20% Fruit)",4.22,79.34,1.95,248.4,1.28,High Nitrogen & Fiber (N-Rich)
"Standard PH Household Waste (74% Rice, 11% Meat, 10% Veg)",3.21,79.51,3.39,210.4,0.97,Balanced Organic (High C / Moderate K)
"Standard PH Household Waste (74% Rice, 11% Meat, 10% Veg)",3.08,78.77,2.29,204.4,0.97,Balanced Organic (High C / Moderate K)
"High-Protein / Meat Scraps (40% Meat, 45% Rice, 15% Veg)",1.57,75.32,2.13,144.7,0.59,High Phosphorus & Nitrogen (P-N Rich)
"Standard PH Household Waste (74% Rice, 11% Meat, 10% Veg)",4.1,75.32,2.93,236.2,1.48,Balanced Organic (High C / Moderate K)
"High-Vegetable / Market Scraps (40% Veg, 40% Rice, 20% Fruit)",2.09,85.65,1.94,173.6,0.46,High Nitrogen & Fiber (N-Rich)
"Standard PH Household Waste (74% Rice, 11% Meat, 10% Veg)",2.99,74.05,3.12,194.0,1.14,Balanced Organic (High C / Moderate K)
"Standard PH Household Waste (74% Rice, 11% Meat, 10% Veg)",2.14,79.39,1.72,169.3,0.66,Balanced Organic (High C / Moderate K)
"Standard PH Household Waste (74% Rice, 11% Meat, 10% Veg)",1.54,75.87,2.14,143.8,0.56,Balanced Organic (High C / Moderate K)
"Standard PH Household Waste (74% Rice, 11% Meat, 10% Veg)",3.52,75.04,3.47,214.6,1.29,Balanced Organic (High C / Moderate K)
"Standard PH Household Waste (74% Rice, 11% Meat, 10% Veg)",1.22,78.43,2.96,133.7,0.41,Balanced Organic (High C / Moderate K)
"Standard PH Household Waste (74% Rice, 11% Meat, 10% Veg)",3.99,81.77,2.32,244.7,1.07,Balanced Organic (High C / Moderate K)
"Standard PH Household Waste (74% Rice, 11% Meat, 10% Veg)",2.27,80.02,2.43,175.1,0.68,Balanced Organic (High C / Moderate K)
"Standard PH Household Waste (74% Rice, 11% Meat, 10% Veg)",1.0,80.7,1.94,126.6,0.31,Balanced Organic (High C / Moderate K)
"Standard PH Household Waste (74% Rice, 11% Meat, 10% Veg)",3.04,81.48,2.02,206.9,0.84,Balanced Organic (High C / Moderate K)
"Standard PH Household Waste (74% Rice, 11% Meat, 10% Veg)",1.19,75.26,3.04,130.8,0.45,Balanced Organic (High C / Moderate K)
"Standard PH Household Waste (74% Rice, 11% Meat, 10% Veg)",2.1,75.94,2.76,164.6,0.76,Balanced Organic (High C / Moderate K)
"Standard PH Household Waste (74% Rice, 11% Meat, 10% Veg)",3.83,76.45,3.01,228.3,1.32,Balanced Organic (High C / Moderate K)
"High-Vegetable / Market Scraps (40% Veg, 40% Rice, 20% Fruit)",1.25,80.28,1.25,136.1,0.39,High Nitrogen & Fiber (N-Rich)
"Standard PH Household Waste (74% Rice, 11% Meat, 10% Veg)",4.36,75.0,2.5,244.7,1.59,Balanced Organic (High C / Moderate K)
"High-Protein / Meat Scraps (40% Meat, 45% Rice, 15% Veg)",1.02,66.85,2.23,120.5,0.51,High Phosphorus & Nitrogen (P-N Rich)
"High-Vegetable / Market Scraps (40% Veg, 40% Rice, 20% Fruit)",1.99,82.0,1.25,166.1,0.54,High Nitrogen & Fiber (N-Rich)
"Standard PH Household Waste (74% Rice, 11% Meat, 10% Veg)",3.96,77.83,3.28,236.0,1.29,Balanced Organic (High C / Moderate K)
"High-Protein / Meat Scraps (40% Meat, 45% Rice, 15% Veg)",2.27,66.67,2.52,160.4,1.11,High Phosphorus & Nitrogen (P-N Rich)
Pure Carbohydrate / Grain Waste (90%+ Rice/Bread),1.41,74.65,3.05,138.3,0.54,Organic Soil Conditioner (High Carbon)
"Standard PH Household Waste (74% Rice, 11% Meat, 10% Veg)",2.44,79.01,2.38,180.4,0.77,Balanced Organic (High C / Moderate K)
"Standard PH Household Waste (74% Rice, 11% Meat, 10% Veg)",2.08,77.05,1.61,164.9,0.72,Balanced Organic (High C / Moderate K)
"High-Protein / Meat Scraps (40% Meat, 45% Rice, 15% Veg)",4.37,72.61,2.59,240.2,1.74,High Phosphorus & Nitrogen (P-N Rich)
"High-Vegetable / Market Scraps (40% Veg, 40% Rice, 20% Fruit)",2.25,78.38,1.49,172.7,0.73,High Nitrogen & Fiber (N-Rich)
"Standard PH Household Waste (74% Rice, 11% Meat, 10% Veg)",4.16,81.79,2.4,251.0,1.11,Balanced Organic (High C / Moderate K)
"Standard PH Household Waste (74% Rice, 11% Meat, 10% Veg)",4.57,77.02,3.33,256.7,1.53,Balanced Organic (High C / Moderate K)
"Standard PH Household Waste (74% Rice, 11% Meat, 10% Veg)",2.74,79.17,2.71,191.8,0.85,Balanced Organic (High C / Moderate K)
"Standard PH Household Waste (74% Rice, 11% Meat, 10% Veg)",4.64,79.98,3.24,266.0,1.36,Balanced Organic (High C / Moderate K)
"High-Vegetable / Market Scraps (40% Veg, 40% Rice, 20% Fruit)",2.51,82.57,1.58,187.3,0.66,High Nitrogen & Fiber (N-Rich)
"Standard PH Household Waste (74% Rice, 11% Meat, 10% Veg)",4.86,75.86,3.44,264.7,1.71,Balanced Organic (High C / Moderate K)
"Standard PH Household Waste (74% Rice, 11% Meat, 10% Veg)",1.36,78.97,1.76,139.3,0.44,Balanced Organic (High C / Moderate K)
"High-Vegetable / Market Scraps (40% Veg, 40% Rice, 20% Fruit)",3.75,86.63,1.58,243.7,0.75,High Nitrogen & Fiber (N-Rich)
"Standard PH Household Waste (74% Rice, 11% Meat, 10% Veg)",2.98,72.69,2.64,191.7,1.19,Balanced Organic (High C / Moderate K)
"Standard PH Household Waste (74% Rice, 11% Meat, 10% Veg)",2.55,76.17,3.27,181.1,0.9,Balanced Organic (High C / Moderate K)
"High-Vegetable / Market Scraps (40% Veg, 40% Rice, 20% Fruit)",3.53,80.04,1.86,223.5,1.04,High Nitrogen & Fiber (N-Rich)
"High-Protein / Meat Scraps (40% Meat, 45% Rice, 15% Veg)",3.82,71.13,1.87,218.1,1.61,High Phosphorus & Nitrogen (P-N Rich)
"Standard PH Household Waste (74% Rice, 11% Meat, 10% Veg)",1.02,81.72,2.57,127.8,0.3,Balanced Organic (High C / Moderate K)
"Standard PH Household Waste (74% Rice, 11% Meat, 10% Veg)",1.67,74.91,2.49,147.8,0.63,Balanced Organic (High C / Moderate K)
"Standard PH Household Waste (74% Rice, 11% Meat, 10% Veg)",3.85,80.58,2.18,236.9,1.1,Balanced Organic (High C / Moderate K)
"Standard PH Household Waste (74% Rice, 11% Meat, 10% Veg)",3.67,73.93,1.85,218.0,1.4,Balanced Organic (High C / Moderate K)
"Standard PH Household Waste (74% Rice, 11% Meat, 10% Veg)",4.86,74.98,3.08,262.9,1.77,Balanced Organic (High C / Moderate K)
"Standard PH Household Waste (74% Rice, 11% Meat, 10% Veg)",4.04,76.72,2.03,236.8,1.38,Balanced Organic (High C / Moderate K)
"Standard PH Household Waste (74% Rice, 11% Meat, 10% Veg)",4.8,73.66,2.23,257.7,1.84,Balanced Organic (High C / Moderate K)
"Standard PH Household Waste (74% Rice, 11% Meat, 10% Veg)",3.81,81.4,2.25,236.7,1.05,Balanced Organic (High C / Moderate K)
"Standard PH Household Waste (74% Rice, 11% Meat, 10% Veg)",2.19,81.88,2.52,174.0,0.6,Balanced Organic (High C / Moderate K)
"Standard PH Household Waste (74% Rice, 11% Meat, 10% Veg)",1.42,73.79,3.29,138.2,0.57,Balanced Organic (High C / Moderate K)
"Standard PH Household Waste (74% Rice, 11% Meat, 10% Veg)",4.13,76.6,2.95,239.6,1.41,Balanced Organic (High C / Moderate K)
"Standard PH Household Waste (74% Rice, 11% Meat, 10% Veg)",3.58,81.84,1.7,228.4,0.96,Balanced Organic (High C / Moderate K)
"Standard PH Household Waste (74% Rice, 11% Meat, 10% Veg)",1.19,72.97,2.97,129.7,0.49,Balanced Organic (High C / Moderate K)
"High-Protein / Meat Scraps (40% Meat, 45% Rice, 15% Veg)",2.44,68.1,2.02,167.6,1.15,High Phosphorus & Nitrogen (P-N Rich)
"High-Vegetable / Market Scraps (40% Veg, 40% Rice, 20% Fruit)",4.83,78.39,1.22,269.5,1.52,High Nitrogen & Fiber (N-Rich)
"High-Vegetable / Market Scraps (40% Veg, 40% Rice, 20% Fruit)",3.0,85.74,1.31,211.4,0.65,High Nitrogen & Fiber (N-Rich)
"High-Protein / Meat Scraps (40% Meat, 45% Rice, 15% Veg)",2.73,70.14,2.53,179.8,1.2,High Phosphorus & Nitrogen (P-N Rich)
"Standard PH Household Waste (74% Rice, 11% Meat, 10% Veg)",2.83,76.28,1.65,191.5,0.99,Balanced Organic (High C / Moderate K)
"Standard PH Household Waste (74% Rice, 11% Meat, 10% Veg)",1.84,79.84,1.62,158.2,0.56,Balanced Organic (High C / Moderate K)
"Standard PH Household Waste (74% Rice, 11% Meat, 10% Veg)",2.47,79.62,3.3,182.5,0.75,Balanced Organic (High C / Moderate K)
"High-Vegetable / Market Scraps (40% Veg, 40% Rice, 20% Fruit)",2.48,82.33,1.63,185.9,0.66,High Nitrogen & Fiber (N-Rich)
"High-Vegetable / Market Scraps (40% Veg, 40% Rice, 20% Fruit)",1.21,82.77,1.51,135.9,0.33,High Nitrogen & Fiber (N-Rich)
"Standard PH Household Waste (74% Rice, 11% Meat, 10% Veg)",4.07,80.87,3.3,245.9,1.15,Balanced Organic (High C / Moderate K)
"Standard PH Household Waste (74% Rice, 11% Meat, 10% Veg)",2.67,75.36,2.77,184.3,0.97,Balanced Organic (High C / Moderate K)
"Standard PH Household Waste (74% Rice, 11% Meat, 10% Veg)",4.29,81.27,3.43,255.2,1.18,Balanced Organic (High C / Moderate K)
"Standard PH Household Waste (74% Rice, 11% Meat, 10% Veg)",4.4,77.09,2.46,250.7,1.47,Balanced Organic (High C / Moderate K)
"High-Vegetable / Market Scraps (40% Veg, 40% Rice, 20% Fruit)",1.85,80.79,1.97,159.5,0.54,High Nitrogen & Fiber (N-Rich)
"High-Vegetable / Market Scraps (40% Veg, 40% Rice, 20% Fruit)",3.63,79.43,1.66,226.3,1.1,High Nitrogen & Fiber (N-Rich)
"Standard PH Household Waste (74% Rice, 11% Meat, 10% Veg)",2.89,74.83,2.13,191.6,1.07,Balanced Organic (High C / Moderate K)
Pure Carbohydrate / Grain Waste (90%+ Rice/Bread),4.52,72.05,4.5,244.2,1.84,Organic Soil Conditioner (High Carbon)
"High-Vegetable / Market Scraps (40% Veg, 40% Rice, 20% Fruit)",1.86,78.55,1.66,158.1,0.6,High Nitrogen & Fiber (N-Rich)
"Standard PH Household Waste (74% Rice, 11% Meat, 10% Veg)",3.71,72.83,1.89,217.6,1.47,Balanced Organic (High C / Moderate K)
"Standard PH Household Waste (74% Rice, 11% Meat, 10% Veg)",3.43,76.4,2.57,213.7,1.19,Balanced Organic (High C / Moderate K)
"Standard PH Household Waste (74% Rice, 11% Meat, 10% Veg)",2.18,74.59,2.2,166.0,0.83,Balanced Organic (High C / Moderate K)
"Standard PH Household Waste (74% Rice, 11% Meat, 10% Veg)",1.55,72.87,2.18,142.0,0.63,Balanced Organic (High C / Moderate K)
"Standard PH Household Waste (74% Rice, 11% Meat, 10% Veg)",3.61,81.67,3.39,229.3,0.98,Balanced Organic (High C / Moderate K)
"Standard PH Household Waste (74% Rice, 11% Meat, 10% Veg)",3.95,75.35,2.68,230.9,1.43,Balanced Organic (High C / Moderate K)
"Standard PH Household Waste (74% Rice, 11% Meat, 10% Veg)",2.26,81.1,1.61,176.0,0.64,Balanced Organic (High C / Moderate K)
"Standard PH Household Waste (74% Rice, 11% Meat, 10% Veg)",3.58,80.11,3.4,225.5,1.05,Balanced Organic (High C / Moderate K)
"High-Protein / Meat Scraps (40% Meat, 45% Rice, 15% Veg)",2.58,66.0,1.99,169.6,1.29,High Phosphorus & Nitrogen (P-N Rich)
"Standard PH Household Waste (74% Rice, 11% Meat, 10% Veg)",3.85,81.61,2.62,238.8,1.05,Balanced Organic (High C / Moderate K)
"Standard PH Household Waste (74% Rice, 11% Meat, 10% Veg)",1.8,72.14,2.09,150.1,0.75,Balanced Organic (High C / Moderate K)
"Standard PH Household Waste (74% Rice, 11% Meat, 10% Veg)",4.56,76.5,2.92,255.4,1.56,Balanced Organic (High C / Moderate K)
Pure Carbohydrate / Grain Waste (90%+ Rice/Bread),2.15,75.33,4.49,165.6,0.79,Organic Soil Conditioner (High Carbon)
"Standard PH Household Waste (74% Rice, 11% Meat, 10% Veg)",2.47,74.88,2.62,176.7,0.92,Balanced Organic (High C / Moderate K)
"Standard PH Household Waste (74% Rice, 11% Meat, 10% Veg)",1.23,77.33,2.37,133.6,0.43,Balanced Organic (High C / Moderate K)
Pure Carbohydrate / Grain Waste (90%+ Rice/Bread),1.45,69.69,4.44,136.2,0.66,Organic Soil Conditioner (High Carbon)
"High-Protein / Meat Scraps (40% Meat, 45% Rice, 15% Veg)",3.06,74.39,2.4,197.3,1.15,High Phosphorus & Nitrogen (P-N Rich)
"High-Protein / Meat Scraps (40% Meat, 45% Rice, 15% Veg)",2.07,71.64,2.07,159.1,0.87,High Phosphorus & Nitrogen (P-N Rich)
"Standard PH Household Waste (74% Rice, 11% Meat, 10% Veg)",4.34,77.44,2.92,249.3,1.43,Balanced Organic (High C / Moderate K)
"Standard PH Household Waste (74% Rice, 11% Meat, 10% Veg)",1.06,77.15,3.48,127.1,0.38,Balanced Organic (High C / Moderate K)
"High-Vegetable / Market Scraps (40% Veg, 40% Rice, 20% Fruit)",2.52,84.11,1.5,189.5,0.61,High Nitrogen & Fiber (N-Rich)
Pure Carbohydrate / Grain Waste (90%+ Rice/Bread),2.35,75.72,2.43,173.3,0.85,Organic Soil Conditioner (High Carbon)
"High-Vegetable / Market Scraps (40% Veg, 40% Rice, 20% Fruit)",1.08,81.85,1.48,130.2,0.31,High Nitrogen & Fiber (N-Rich)
"High-Vegetable / Market Scraps (40% Veg, 40% Rice, 20% Fruit)",1.5,82.32,1.83,147.0,0.41,High Nitrogen & Fiber (N-Rich)
"Standard PH Household Waste (74% Rice, 11% Meat, 10% Veg)",2.65,76.84,3.11,185.8,0.91,Balanced Organic (High C / Moderate K)
"High-Protein / Meat Scraps (40% Meat, 45% Rice, 15% Veg)",2.97,71.34,2.21,189.6,1.25,High Phosphorus & Nitrogen (P-N Rich)
"Standard PH Household Waste (74% Rice, 11% Meat, 10% Veg)",2.62,80.1,2.05,188.5,0.78,Balanced Organic (High C / Moderate K)
"Standard PH Household Waste (74% Rice, 11% Meat, 10% Veg)",3.12,74.24,2.56,199.2,1.18,Balanced Organic (High C / Moderate K)
"Standard PH Household Waste (74% Rice, 11% Meat, 10% Veg)",3.38,74.61,1.62,208.9,1.26,Balanced Organic (High C / Moderate K)
"Standard PH Household Waste (74% Rice, 11% Meat, 10% Veg)",1.04,78.48,2.57,127.0,0.35,Balanced Organic (High C / Moderate K)
"Standard PH Household Waste (74% Rice, 11% Meat, 10% Veg)",2.86,76.46,3.44,192.7,0.99,Balanced Organic (High C / Moderate K)
"Standard PH Household Waste (74% Rice, 11% Meat, 10% Veg)",4.85,77.71,3.24,268.9,1.58,Balanced Organic (High C / Moderate K)
"High-Vegetable / Market Scraps (40% Veg, 40% Rice, 20% Fruit)",3.08,79.39,1.66,205.1,0.94,High Nitrogen & Fiber (N-Rich)
"Standard PH Household Waste (74% Rice, 11% Meat, 10% Veg)",3.71,80.68,2.71,231.6,1.06,Balanced Organic (High C / Moderate K)
"High-Vegetable / Market Scraps (40% Veg, 40% Rice, 20% Fruit)",2.25,85.18,1.5,179.8,0.51,High Nitrogen & Fiber (N-Rich)
"Standard PH Household Waste (74% Rice, 11% Meat, 10% Veg)",4.1,72.92,2.47,231.2,1.62,Balanced Organic (High C / Moderate K)
"Standard PH Household Waste (74% Rice, 11% Meat, 10% Veg)",4.09,75.94,3.25,237.0,1.44,Balanced Organic (High C / Moderate K)
"Standard PH Household Waste (74% Rice, 11% Meat, 10% Veg)",3.09,74.44,3.44,198.1,1.16,Balanced Organic (High C / Moderate K)
"Standard PH Household Waste (74% Rice, 11% Meat, 10% Veg)",4.9,81.58,2.07,279.9,1.32,Balanced Organic (High C / Moderate K)
"Standard PH Household Waste (74% Rice, 11% Meat, 10% Veg)",1.5,75.48,3.3,142.3,0.56,Balanced Organic (High C / Moderate K)
"Standard PH Household Waste (74% Rice, 11% Meat, 10% Veg)",1.07,81.67,2.44,129.7,0.31,Balanced Organic (High C / Moderate K)
"Standard PH Household Waste (74% Rice, 11% Meat, 10% Veg)",4.08,75.21,2.6,235.2,1.48,Balanced Organic (High C / Moderate K)
Pure Carbohydrate / Grain Waste (90%+ Rice/Bread),4.23,74.88,2.68,239.9,1.55,Organic Soil Conditioner (High Carbon)
"Standard PH Household Waste (74% Rice, 11% Meat, 10% Veg)",1.48,79.36,1.7,144.3,0.47,Balanced Organic (High C / Moderate K)
"High-Protein / Meat Scraps (40% Meat, 45% Rice, 15% Veg)",2.06,65.54,2.26,152.8,1.05,High Phosphorus & Nitrogen (P-N Rich)
"Standard PH Household Waste (74% Rice, 11% Meat, 10% Veg)",1.07,75.53,2.2,126.7,0.41,Balanced Organic (High C / Moderate K)
"High-Vegetable / Market Scraps (40% Veg, 40% Rice, 20% Fruit)",2.17,82.91,1.46,174.4,0.56,High Nitrogen & Fiber (N-Rich)
"High-Protein / Meat Scraps (40% Meat, 45% Rice, 15% Veg)",4.09,67.11,2.17,219.7,1.96,High Phosphorus & Nitrogen (P-N Rich)
"High-Vegetable / Market Scraps (40% Veg, 40% Rice, 20% Fruit)",3.07,87.75,1.53,217.3,0.57,High Nitrogen & Fiber (N-Rich)
"Standard PH Household Waste (74% Rice, 11% Meat, 10% Veg)",2.39,76.45,2.7,175.7,0.84,Balanced Organic (High C / Moderate K)
"Standard PH Household Waste (74% Rice, 11% Meat, 10% Veg)",2.49,81.83,2.06,185.6,0.68,Balanced Organic (High C / Moderate K)
"Standard PH Household Waste (74% Rice, 11% Meat, 10% Veg)",1.01,78.81,2.96,125.9,0.34,Balanced Organic (High C / Moderate K)
Pure Carbohydrate / Grain Waste (90%+ Rice/Bread),2.2,74.07,2.22,166.1,0.85,Organic Soil Conditioner (High Carbon)
"High-Protein / Meat Scraps (40% Meat, 45% Rice, 15% Veg)",3.59,72.45,1.88,212.6,1.45,High Phosphorus & Nitrogen (P-N Rich)
Pure Carbohydrate / Grain Waste (90%+ Rice/Bread),4.9,73.96,3.85,261.7,1.86,Organic Soil Conditioner (High Carbon)
"Standard PH Household Waste (74% Rice, 11% Meat, 10% Veg)",4.39,74.11,3.2,244.0,1.66,Balanced Organic (High C / Moderate K)
"High-Vegetable / Market Scraps (40% Veg, 40% Rice, 20% Fruit)",1.09,78.3,1.88,129.0,0.37,High Nitrogen & Fiber (N-Rich)
Pure Carbohydrate / Grain Waste (90%+ Rice/Bread),4.59,72.6,2.54,248.0,1.83,Organic Soil Conditioner (High Carbon)
"Standard PH Household Waste (74% Rice, 11% Meat, 10% Veg)",4.13,73.34,3.41,233.4,1.61,Balanced Organic (High C / Moderate K)
"Standard PH Household Waste (74% Rice, 11% Meat, 10% Veg)",4.12,72.73,1.98,231.8,1.64,Balanced Organic (High C / Moderate K)
"High-Vegetable / Market Scraps (40% Veg, 40% Rice, 20% Fruit)",2.83,81.48,1.7,198.6,0.78,High Nitrogen & Fiber (N-Rich)
"High-Vegetable / Market Scraps (40% Veg, 40% Rice, 20% Fruit)",2.59,83.45,1.3,191.7,0.65,High Nitrogen & Fiber (N-Rich)
"High-Protein / Meat Scraps (40% Meat, 45% Rice, 15% Veg)",2.21,68.19,2.09,160.3,1.04,High Phosphorus & Nitrogen (P-N Rich)
"Standard PH Household Waste (74% Rice, 11% Meat, 10% Veg)",1.26,74.14,2.38,132.8,0.5,Balanced Organic (High C / Moderate K)
"High-Protein / Meat Scraps (40% Meat, 45% Rice, 15% Veg)",1.91,72.74,2.06,154.7,0.78,High Phosphorus & Nitrogen (P-N Rich)
"Standard PH Household Waste (74% Rice, 11% Meat, 10% Veg)",1.99,75.67,2.34,160.0,0.72,Balanced Organic (High C / Moderate K)
"Standard PH Household Waste (74% Rice, 11% Meat, 10% Veg)",2.94,81.76,3.41,203.1,0.8,Balanced Organic (High C / Moderate K)
"Standard PH Household Waste (74% Rice, 11% Meat, 10% Veg)",3.99,80.0,2.06,241.1,1.17,Balanced Organic (High C / Moderate K)
"High-Protein / Meat Scraps (40% Meat, 45% Rice, 15% Veg)",2.9,65.75,2.18,179.3,1.45,High Phosphorus & Nitrogen (P-N Rich)
"High-Vegetable / Market Scraps (40% Veg, 40% Rice, 20% Fruit)",1.23,80.67,1.6,135.6,0.37,High Nitrogen & Fiber (N-Rich)
"Standard PH Household Waste (74% Rice, 11% Meat, 10% Veg)",4.83,79.78,3.23,272.9,1.43,Balanced Organic (High C / Moderate K)
"Standard PH Household Waste (74% Rice, 11% Meat, 10% Veg)",4.77,80.45,2.28,272.1,1.37,Balanced Organic (High C / Moderate K)
"High-Protein / Meat Scraps (40% Meat, 45% Rice, 15% Veg)",4.14,72.56,2.18,232.1,1.66,High Phosphorus & Nitrogen (P-N Rich)
"Standard PH Household Waste (74% Rice, 11% Meat, 10% Veg)",4.97,72.61,2.93,260.9,1.98,Balanced Organic (High C / Moderate K)
"High-Protein / Meat Scraps (40% Meat, 45% Rice, 15% Veg)",3.18,65.11,2.29,187.2,1.62,High Phosphorus & Nitrogen (P-N Rich)
"Standard PH Household Waste (74% Rice, 11% Meat, 10% Veg)",4.85,75.29,2.92,263.2,1.75,Balanced Organic (High C / Moderate K)
"Standard PH Household Waste (74% Rice, 11% Meat, 10% Veg)",1.3,79.66,2.18,137.7,0.41,Balanced Organic (High C / Moderate K)
"Standard PH Household Waste (74% Rice, 11% Meat, 10% Veg)",2.46,80.12,2.16,182.6,0.73,Balanced Organic (High C / Moderate K)
"Standard PH Household Waste (74% Rice, 11% Meat, 10% Veg)",1.9,76.46,2.98,157.7,0.67,Balanced Organic (High C / Moderate K)
"High-Vegetable / Market Scraps (40% Veg, 40% Rice, 20% Fruit)",1.78,84.93,1.99,160.6,0.42,High Nitrogen & Fiber (N-Rich)
"Standard PH Household Waste (74% Rice, 11% Meat, 10% Veg)",1.56,74.25,2.86,143.6,0.61,Balanced Organic (High C / Moderate K)
"Standard PH Household Waste (74% Rice, 11% Meat, 10% Veg)",3.49,78.1,3.34,218.7,1.13,Balanced Organic (High C / Moderate K)
"High-Protein / Meat Scraps (40% Meat, 45% Rice, 15% Veg)",4.13,66.72,2.7,220.0,2.0,High Phosphorus & Nitrogen (P-N Rich)
"Standard PH Household Waste (74% Rice, 11% Meat, 10% Veg)",3.31,77.68,2.12,211.4,1.09,Balanced Organic (High C / Moderate K)
"Standard PH Household Waste (74% Rice, 11% Meat, 10% Veg)",1.59,76.74,2.23,146.4,0.56,Balanced Organic (High C / Moderate K)
Pure Carbohydrate / Grain Waste (90%+ Rice/Bread),4.24,73.79,4.22,238.2,1.62,Organic Soil Conditioner (High Carbon)
"High-Vegetable / Market Scraps (40% Veg, 40% Rice, 20% Fruit)",3.54,83.69,1.71,230.2,0.86,High Nitrogen & Fiber (N-Rich)
"Standard PH Household Waste (74% Rice, 11% Meat, 10% Veg)",2.55,77.19,1.7,182.5,0.87,Balanced Organic (High C / Moderate K)
Pure Carbohydrate / Grain Waste (90%+ Rice/Bread),3.7,70.33,3.23,212.7,1.6,Organic Soil Conditioner (High Carbon)
"High-Vegetable / Market Scraps (40% Veg, 40% Rice, 20% Fruit)",2.04,81.1,1.35,167.3,0.58,High Nitrogen & Fiber (N-Rich)
"Standard PH Household Waste (74% Rice, 11% Meat, 10% Veg)",2.38,77.04,2.21,175.9,0.81,Balanced Organic (High C / Moderate K)
"Standard PH Household Waste (74% Rice, 11% Meat, 10% Veg)",4.67,74.58,2.48,255.1,1.73,Balanced Organic (High C / Moderate K)
"High-Protein / Meat Scraps (40% Meat, 45% Rice, 15% Veg)",2.16,66.47,2.91,156.9,1.07,High Phosphorus & Nitrogen (P-N Rich)
"High-Vegetable / Market Scraps (40% Veg, 40% Rice, 20% Fruit)",2.88,86.68,1.77,207.7,0.58,High Nitrogen & Fiber (N-Rich)
"Standard PH Household Waste (74% Rice, 11% Meat, 10% Veg)",4.56,73.06,3.07,247.8,1.79,Balanced Organic (High C / Moderate K)
"High-Protein / Meat Scraps (40% Meat, 45% Rice, 15% Veg)",3.83,73.89,2.72,223.7,1.46,High Phosphorus & Nitrogen (P-N Rich)
"High-Protein / Meat Scraps (40% Meat, 45% Rice, 15% Veg)",1.25,66.25,2.57,127.6,0.64,High Phosphorus & Nitrogen (P-N Rich)
"Standard PH Household Waste (74% Rice, 11% Meat, 10% Veg)",1.59,80.34,2.7,149.2,0.48,Balanced Organic (High C / Moderate K)
"Standard PH Household Waste (74% Rice, 11% Meat, 10% Veg)",1.03,78.46,2.47,126.7,0.35,Balanced Organic (High C / Moderate K)
"Standard PH Household Waste (74% Rice, 11% Meat, 10% Veg)",3.52,77.29,1.67,218.6,1.18,Balanced Organic (High C / Moderate K)
"High-Vegetable / Market Scraps (40% Veg, 40% Rice, 20% Fruit)",2.79,84.39,1.27,200.9,0.66,High Nitrogen & Fiber (N-Rich)
"Standard PH Household Waste (74% Rice, 11% Meat, 10% Veg)",1.54,76.35,2.16,144.2,0.55,Balanced Organic (High C / Moderate K)
"High-Vegetable / Market Scraps (40% Veg, 40% Rice, 20% Fruit)",4.83,83.45,1.31,281.4,1.18,High Nitrogen & Fiber (N-Rich)
"High-Protein / Meat Scraps (40% Meat, 45% Rice, 15% Veg)",3.12,72.61,2.75,196.6,1.25,High Phosphorus & Nitrogen (P-N Rich)
"High-Protein / Meat Scraps (40% Meat, 45% Rice, 15% Veg)",1.97,66.8,1.93,151.0,0.97,High Phosphorus & Nitrogen (P-N Rich)
"Standard PH Household Waste (74% Rice, 11% Meat, 10% Veg)",3.0,73.46,3.27,193.7,1.17,Balanced Organic (High C / Moderate K)
"High-Protein / Meat Scraps (40% Meat, 45% Rice, 15% Veg)",3.72,70.81,2.36,214.3,1.58,High Phosphorus & Nitrogen (P-N Rich)
"Standard PH Household Waste (74% Rice, 11% Meat, 10% Veg)",1.3,73.07,2.83,133.6,0.54,Balanced Organic (High C / Moderate K)
"High-Protein / Meat Scraps (40% Meat, 45% Rice, 15% Veg)",2.1,74.55,2.79,163.0,0.8,High Phosphorus & Nitrogen (P-N Rich)
"Standard PH Household Waste (74% Rice, 11% Meat, 10% Veg)",4.23,78.26,1.74,246.7,1.35,Balanced Organic (High C / Moderate K)
"Standard PH Household Waste (74% Rice, 11% Meat, 10% Veg)",2.84,73.12,1.69,187.5,1.12,Balanced Organic (High C / Moderate K)
"High-Protein / Meat Scraps (40% Meat, 45% Rice, 15% Veg)",3.19,67.83,1.96,191.6,1.5,High Phosphorus & Nitrogen (P-N Rich)
"Standard PH Household Waste (74% Rice, 11% Meat, 10% Veg)",2.73,74.6,2.33,185.7,1.02,Balanced Organic (High C / Moderate K)
"Standard PH Household Waste (74% Rice, 11% Meat, 10% Veg)",1.18,81.43,2.76,133.8,0.35,Balanced Organic (High C / Moderate K)
"High-Vegetable / Market Scraps (40% Veg, 40% Rice, 20% Fruit)",1.66,86.35,1.77,156.8,0.36,High Nitrogen & Fiber (N-Rich)
"High-Vegetable / Market Scraps (40% Veg, 40% Rice, 20% Fruit)",2.78,79.13,1.79,193.5,0.86,High Nitrogen & Fiber (N-Rich)
"High-Vegetable / Market Scraps (40% Veg, 40% Rice, 20% Fruit)",1.84,80.75,1.71,159.1,0.54,High Nitrogen & Fiber (N-Rich)
"High-Vegetable / Market Scraps (40% Veg, 40% Rice, 20% Fruit)",1.2,81.41,2.0,134.8,0.35,High Nitrogen & Fiber (N-Rich)
"Standard PH Household Waste (74% Rice, 11% Meat, 10% Veg)",4.37,74.64,2.13,244.6,1.62,Balanced Organic (High C / Moderate K)
"Standard PH Household Waste (74% Rice, 11% Meat, 10% Veg)",4.92,81.31,1.65,280.1,1.35,Balanced Organic (High C / Moderate K)
"Standard PH Household Waste (74% Rice, 11% Meat, 10% Veg)",4.17,78.97,2.98,246.0,1.29,Balanced Organic (High C / Moderate K)
"Standard PH Household Waste (74% Rice, 11% Meat, 10% Veg)",4.42,80.36,3.45,258.2,1.27,Balanced Organic (High C / Moderate K)
Pure Carbohydrate / Grain Waste (90%+ Rice/Bread),1.97,77.76,2.16,161.3,0.66,Organic Soil Conditioner (High Carbon)
"High-Vegetable / Market Scraps (40% Veg, 40% Rice, 20% Fruit)",4.84,86.22,1.72,288.3,0.99,High Nitrogen & Fiber (N-Rich)
"Standard PH Household Waste (74% Rice, 11% Meat, 10% Veg)",1.79,78.47,1.84,155.2,0.58,Balanced Organic (High C / Moderate K)
"Standard PH Household Waste (74% Rice, 11% Meat, 10% Veg)",4.81,78.5,3.47,269.0,1.51,Balanced Organic (High C / Moderate K)
Pure Carbohydrate / Grain Waste (90%+ Rice/Bread),4.98,77.12,3.1,272.2,1.66,Organic Soil Conditioner (High Carbon)
"Standard PH Household Waste (74% Rice, 11% Meat, 10% Veg)",3.85,72.4,2.29,221.6,1.55,Balanced Organic (High C / Moderate K)
"High-Vegetable / Market Scraps (40% Veg, 40% Rice, 20% Fruit)",4.92,86.26,1.76,291.8,1.0,High Nitrogen & Fiber (N-Rich)
"Standard PH Household Waste (74% Rice, 11% Meat, 10% Veg)",3.28,76.59,1.7,208.4,1.13,Balanced Organic (High C / Moderate K)
"High-Vegetable / Market Scraps (40% Veg, 40% Rice, 20% Fruit)",2.04,82.27,1.58,168.4,0.55,High Nitrogen & Fiber (N-Rich)
"Standard PH Household Waste (74% Rice, 11% Meat, 10% Veg)",2.75,81.29,2.82,195.1,0.77,Balanced Organic (High C / Moderate K)
"High-Protein / Meat Scraps (40% Meat, 45% Rice, 15% Veg)",3.37,68.43,2.43,198.7,1.56,High Phosphorus & Nitrogen (P-N Rich)
Pure Carbohydrate / Grain Waste (90%+ Rice/Bread),1.29,68.66,4.43,130.5,0.61,Organic Soil Conditioner (High Carbon)
"High-Vegetable / Market Scraps (40% Veg, 40% Rice, 20% Fruit)",3.49,81.6,1.58,224.5,0.95,High Nitrogen & Fiber (N-Rich)
"High-Vegetable / Market Scraps (40% Veg, 40% Rice, 20% Fruit)",4.92,81.55,1.75,280.6,1.33,High Nitrogen & Fiber (N-Rich)
Pure Carbohydrate / Grain Waste (90%+ Rice/Bread),1.76,74.62,3.79,150.9,0.67,Organic Soil Conditioner (High Carbon)
"High-Vegetable / Market Scraps (40% Veg, 40% Rice, 20% Fruit)",4.17,80.68,1.45,249.4,1.18,High Nitrogen & Fiber (N-Rich)
"Standard PH Household Waste (74% Rice, 11% Meat, 10% Veg)",4.63,73.25,2.85,250.7,1.8,Balanced Organic (High C / Moderate K)
"High-Vegetable / Market Scraps (40% Veg, 40% Rice, 20% Fruit)",4.77,78.4,1.68,267.6,1.51,High Nitrogen & Fiber (N-Rich)
"High-Vegetable / Market Scraps (40% Veg, 40% Rice, 20% Fruit)",4.84,86.7,1.91,289.3,0.95,High Nitrogen & Fiber (N-Rich)
"Standard PH Household Waste (74% Rice, 11% Meat, 10% Veg)",3.09,76.49,2.47,201.2,1.07,Balanced Organic (High C / Moderate K)
"High-Vegetable / Market Scraps (40% Veg, 40% Rice, 20% Fruit)",4.91,78.77,1.74,273.5,1.52,High Nitrogen & Fiber (N-Rich)
Pure Carbohydrate / Grain Waste (90%+ Rice/Bread),4.03,76.21,2.61,235.3,1.4,Organic Soil Conditioner (High Carbon)
Pure Carbohydrate / Grain Waste (90%+ Rice/Bread),1.65,72.21,4.1,145.0,0.69,Organic Soil Conditioner (High Carbon)
"Standard PH Household Waste (74% Rice, 11% Meat, 10% Veg)",2.91,80.77,2.06,200.6,0.83,Balanced Organic (High C / Moderate K)
"Standard PH Household Waste (74% Rice, 11% Meat, 10% Veg)",3.87,77.51,1.97,232.0,1.28,Balanced Organic (High C / Moderate K)
Pure Carbohydrate / Grain Waste (90%+ Rice/Bread),1.99,69.02,4.28,153.8,0.91,Organic Soil Conditioner (High Carbon)
"High-Protein / Meat Scraps (40% Meat, 45% Rice, 15% Veg)",3.56,74.03,2.71,214.5,1.36,High Phosphorus & Nitrogen (P-N Rich)
"Standard PH Household Waste (74% Rice, 11% Meat, 10% Veg)",3.67,72.49,3.2,215.4,1.47,Balanced Organic (High C / Moderate K)
Pure Carbohydrate / Grain Waste (90%+ Rice/Bread),1.65,72.38,2.86,145.2,0.69,Organic Soil Conditioner (High Carbon)
"High-Protein / Meat Scraps (40% Meat, 45% Rice, 15% Veg)",3.26,71.01,1.91,199.0,1.38,High Phosphorus & Nitrogen (P-N Rich)
"Standard PH Household Waste (74% Rice, 11% Meat, 10% Veg)",4.09,79.57,2.71,244.0,1.23,Balanced Organic (High C / Moderate K)
"High-Vegetable / Market Scraps (40% Veg, 40% Rice, 20% Fruit)",3.0,79.87,1.35,202.7,0.9,High Nitrogen & Fiber (N-Rich)
"Standard PH Household Waste (74% Rice, 11% Meat, 10% Veg)",1.05,73.84,1.71,125.0,0.43,Balanced Organic (High C / Moderate K)
"Standard PH Household Waste (74% Rice, 11% Meat, 10% Veg)",1.04,77.88,3.2,126.6,0.36,Balanced Organic (High C / Moderate K)
"Standard PH Household Waste (74% Rice, 11% Meat, 10% Veg)",2.43,72.17,1.69,172.0,1.0,Balanced Organic (High C / Moderate K)
"High-Protein / Meat Scraps (40% Meat, 45% Rice, 15% Veg)",4.7,71.3,2.78,248.9,1.96,High Phosphorus & Nitrogen (P-N Rich)
"Standard PH Household Waste (74% Rice, 11% Meat, 10% Veg)",1.91,75.27,2.26,157.1,0.71,Balanced Organic (High C / Moderate K)
"Standard PH Household Waste (74% Rice, 11% Meat, 10% Veg)",3.54,77.96,2.12,220.3,1.15,Balanced Organic (High C / Moderate K)
"Standard PH Household Waste (74% Rice, 11% Meat, 10% Veg)",1.89,72.27,3.0,153.4,0.78,Balanced Organic (High C / Moderate K)
"Standard PH Household Waste (74% Rice, 11% Meat, 10% Veg)",2.29,78.26,2.7,173.8,0.74,Balanced Organic (High C / Moderate K)
Pure Carbohydrate / Grain Waste (90%+ Rice/Bread),4.39,75.42,3.69,246.9,1.58,Organic Soil Conditioner (High Carbon)
"Standard PH Household Waste (74% Rice, 11% Meat, 10% Veg)",3.92,74.06,2.27,227.1,1.48,Balanced Organic (High C / Moderate K)
"Standard PH Household Waste (74% Rice, 11% Meat, 10% Veg)",1.38,73.26,1.85,136.5,0.56,Balanced Organic (High C / Moderate K)
"High-Vegetable / Market Scraps (40% Veg, 40% Rice, 20% Fruit)",2.71,84.76,1.89,198.3,0.62,High Nitrogen & Fiber (N-Rich)
"Standard PH Household Waste (74% Rice, 11% Meat, 10% Veg)",1.12,81.63,2.79,131.6,0.33,Balanced Organic (High C / Moderate K)
"Standard PH Household Waste (74% Rice, 11% Meat, 10% Veg)",2.92,73.84,1.8,191.5,1.13,Balanced Organic (High C / Moderate K)
"Standard PH Household Waste (74% Rice, 11% Meat, 10% Veg)",3.65,80.13,2.7,228.3,1.07,Balanced Organic (High C / Moderate K)
"Standard PH Household Waste (74% Rice, 11% Meat, 10% Veg)",1.47,78.18,3.08,143.2,0.49,Balanced Organic (High C / Moderate K)
"Standard PH Household Waste (74% Rice, 11% Meat, 10% Veg)",2.16,79.03,3.19,169.6,0.68,Balanced Organic (High C / Moderate K)
"Standard PH Household Waste (74% Rice, 11% Meat, 10% Veg)",2.59,72.56,3.02,178.1,1.05,Balanced Organic (High C / Moderate K)
"Standard PH Household Waste (74% Rice, 11% Meat, 10% Veg)",4.68,80.51,2.14,268.7,1.34,Balanced Organic (High C / Moderate K)
Pure Carbohydrate / Grain Waste (90%+ Rice/Bread),4.97,74.4,2.79,265.5,1.85,Organic Soil Conditioner (High Carbon)
"Standard PH Household Waste (74% Rice, 11% Meat, 10% Veg)",1.18,81.58,1.66,134.1,0.34,Balanced Organic (High C / Moderate K)
"High-Vegetable / Market Scraps (40% Veg, 40% Rice, 20% Fruit)",4.04,83.8,1.33,250.5,0.97,High Nitrogen & Fiber (N-Rich)
"High-Vegetable / Market Scraps (40% Veg, 40% Rice, 20% Fruit)",2.49,85.12,1.34,189.5,0.56,High Nitrogen & Fiber (N-Rich)
"Standard PH Household Waste (74% Rice, 11% Meat, 10% Veg)",2.57,74.35,2.54,179.6,0.98,Balanced Organic (High C / Moderate K)
"High-Vegetable / Market Scraps (40% Veg, 40% Rice, 20% Fruit)",4.02,87.15,1.37,255.9,0.77,High Nitrogen & Fiber (N-Rich)
"Standard PH Household Waste (74% Rice, 11% Meat, 10% Veg)",4.67,73.44,3.04,252.6,1.81,Balanced Organic (High C / Moderate K)
Pure Carbohydrate / Grain Waste (90%+ Rice/Bread),4.8,73.01,4.28,256.2,1.89,Organic Soil Conditioner (High Carbon)
"Standard PH Household Waste (74% Rice, 11% Meat, 10% Veg)",3.31,73.47,2.83,204.6,1.29,Balanced Organic (High C / Moderate K)
"Standard PH Household Waste (74% Rice, 11% Meat, 10% Veg)",2.43,74.33,1.9,174.5,0.92,Balanced Organic (High C / Moderate K)
"Standard PH Household Waste (74% Rice, 11% Meat, 10% Veg)",4.15,78.83,2.73,244.9,1.29,Balanced Organic (High C / Moderate K)
Pure Carbohydrate / Grain Waste (90%+ Rice/Bread),2.0,75.55,2.77,160.5,0.73,Organic Soil Conditioner (High Carbon)
"Standard PH Household Waste (74% Rice, 11% Meat, 10% Veg)",3.26,76.48,2.37,207.4,1.13,Balanced Organic (High C / Moderate K)
"High-Vegetable / Market Scraps (40% Veg, 40% Rice, 20% Fruit)",2.43,87.84,1.43,190.5,0.46,High Nitrogen & Fiber (N-Rich)
"Standard PH Household Waste (74% Rice, 11% Meat, 10% Veg)",3.63,74.95,2.27,218.3,1.33,Balanced Organic (High C / Moderate K)
"High-Vegetable / Market Scraps (40% Veg, 40% Rice, 20% Fruit)",1.96,83.65,1.4,166.6,0.49,High Nitrogen & Fiber (N-Rich)
"Standard PH Household Waste (74% Rice, 11% Meat, 10% Veg)",1.77,81.15,2.1,156.7,0.51,Balanced Organic (High C / Moderate K)
"High-Protein / Meat Scraps (40% Meat, 45% Rice, 15% Veg)",4.67,74.85,1.92,255.8,1.71,High Phosphorus & Nitrogen (P-N Rich)
"Standard PH Household Waste (74% Rice, 11% Meat, 10% Veg)",1.41,78.57,3.32,140.9,0.46,Balanced Organic (High C / Moderate K)
"Standard PH Household Waste (74% Rice, 11% Meat, 10% Veg)",3.02,73.69,3.44,194.8,1.17,Balanced Organic (High C / Moderate K)
"Standard PH Household Waste (74% Rice, 11% Meat, 10% Veg)",1.88,76.53,3.4,157.1,0.67,Balanced Organic (High C / Moderate K)
"Standard PH Household Waste (74% Rice, 11% Meat, 10% Veg)",1.16,78.77,2.17,131.6,0.38,Balanced Organic (High C / Moderate K)
"High-Vegetable / Market Scraps (40% Veg, 40% Rice, 20% Fruit)",1.14,79.88,1.44,131.7,0.36,High Nitrogen & Fiber (N-Rich)
"Standard PH Household Waste (74% Rice, 11% Meat, 10% Veg)",1.7,72.93,1.87,147.4,0.69,Balanced Organic (High C / Moderate K)
"High-Protein / Meat Scraps (40% Meat, 45% Rice, 15% Veg)",4.47,66.15,2.31,229.7,2.19,High Phosphorus & Nitrogen (P-N Rich)
"Standard PH Household Waste (74% Rice, 11% Meat, 10% Veg)",2.13,79.96,1.87,169.6,0.64,Balanced Organic (High C / Moderate K)
"Standard PH Household Waste (74% Rice, 11% Meat, 10% Veg)",4.8,73.3,2.82,256.8,1.87,Balanced Organic (High C / Moderate K)
"Standard PH Household Waste (74% Rice, 11% Meat, 10% Veg)",3.33,73.97,1.79,206.0,1.27,Balanced Organic (High C / Moderate K)
"Standard PH Household Waste (74% Rice, 11% Meat, 10% Veg)",2.75,73.67,3.36,185.0,1.07,Balanced Organic (High C / Moderate K)
"High-Vegetable / Market Scraps (40% Veg, 40% Rice, 20% Fruit)",3.32,86.21,1.48,225.3,0.69,High Nitrogen & Fiber (N-Rich)
"Standard PH Household Waste (74% Rice, 11% Meat, 10% Veg)",3.07,78.56,2.62,203.5,0.97,Balanced Organic (High C / Moderate K)
"Standard PH Household Waste (74% Rice, 11% Meat, 10% Veg)",4.04,78.77,2.9,240.4,1.26,Balanced Organic (High C / Moderate K)
"High-Protein / Meat Scraps (40% Meat, 45% Rice, 15% Veg)",2.13,71.92,2.12,161.4,0.89,High Phosphorus & Nitrogen (P-N Rich)
Pure Carbohydrate / Grain Waste (90%+ Rice/Bread),2.41,68.39,3.14,167.1,1.12,Organic Soil Conditioner (High Carbon)
"Standard PH Household Waste (74% Rice, 11% Meat, 10% Veg)",4.58,80.91,2.68,265.6,1.28,Balanced Organic (High C / Moderate K)
"Standard PH Household Waste (74% Rice, 11% Meat, 10% Veg)",4.79,80.32,3.48,272.4,1.38,Balanced Organic (High C / Moderate K)
"High-Vegetable / Market Scraps (40% Veg, 40% Rice, 20% Fruit)",4.57,79.64,1.75,262.6,1.36,High Nitrogen & Fiber (N-Rich)
"Standard PH Household Waste (74% Rice, 11% Meat, 10% Veg)",2.68,78.74,3.46,189.1,0.85,Balanced Organic (High C / Moderate K)
"Standard PH Household Waste (74% Rice, 11% Meat, 10% Veg)",4.12,81.86,2.9,249.8,1.1,Balanced Organic (High C / Moderate K)
"Standard PH Household Waste (74% Rice, 11% Meat, 10% Veg)",2.91,74.44,3.12,191.7,1.09,Balanced Organic (High C / Moderate K)
"High-Vegetable / Market Scraps (40% Veg, 40% Rice, 20% Fruit)",2.99,79.07,1.82,201.4,0.93,High Nitrogen & Fiber (N-Rich)
"High-Vegetable / Market Scraps (40% Veg, 40% Rice, 20% Fruit)",1.82,87.1,1.51,163.9,0.37,High Nitrogen & Fiber (N-Rich)
"Standard PH Household Waste (74% Rice, 11% Meat, 10% Veg)",3.36,78.31,2.42,214.3,1.08,Balanced Organic (High C / Moderate K)
"Standard PH Household Waste (74% Rice, 11% Meat, 10% Veg)",1.74,76.38,2.19,151.8,0.62,Balanced Organic (High C / Moderate K)
"Standard PH Household Waste (74% Rice, 11% Meat, 10% Veg)",2.33,79.62,3.38,176.8,0.71,Balanced Organic (High C / Moderate K)
"High-Vegetable / Market Scraps (40% Veg, 40% Rice, 20% Fruit)",4.42,87.41,1.34,273.3,0.83,High Nitrogen & Fiber (N-Rich)
"Standard PH Household Waste (74% Rice, 11% Meat, 10% Veg)",1.83,80.75,3.0,158.7,0.54,Balanced Organic (High C / Moderate K)
"Standard PH Household Waste (74% Rice, 11% Meat, 10% Veg)",1.28,74.53,1.73,133.8,0.5,Balanced Organic (High C / Moderate K)
"High-Protein / Meat Scraps (40% Meat, 45% Rice, 15% Veg)",1.28,67.95,2.89,129.5,0.62,High Phosphorus & Nitrogen (P-N Rich)
"Standard PH Household Waste (74% Rice, 11% Meat, 10% Veg)",4.76,78.33,2.97,267.0,1.51,Balanced Organic (High C / Moderate K)
"High-Vegetable / Market Scraps (40% Veg, 40% Rice, 20% Fruit)",3.03,80.57,1.78,205.0,0.87,High Nitrogen & Fiber (N-Rich)
"Standard PH Household Waste (74% Rice, 11% Meat, 10% Veg)",2.64,72.28,2.31,179.4,1.08,Balanced Organic (High C / Moderate K)
"Standard PH Household Waste (74% Rice, 11% Meat, 10% Veg)",4.24,78.27,1.88,247.3,1.35,Balanced Organic (High C / Moderate K)
"Standard PH Household Waste (74% Rice, 11% Meat, 10% Veg)",4.34,80.23,2.05,255.1,1.26,Balanced Organic (High C / Moderate K)
"High-Vegetable / Market Scraps (40% Veg, 40% Rice, 20% Fruit)",2.33,84.52,1.52,182.4,0.55,High Nitrogen & Fiber (N-Rich)
"High-Protein / Meat Scraps (40% Meat, 45% Rice, 15% Veg)",3.77,71.56,1.93,217.5,1.57,High Phosphorus & Nitrogen (P-N Rich)
"High-Protein / Meat Scraps (40% Meat, 45% Rice, 15% Veg)",4.08,65.19,2.89,215.7,2.06,High Phosphorus & Nitrogen (P-N Rich)
"Standard PH Household Waste (74% Rice, 11% Meat, 10% Veg)",3.62,74.7,3.16,217.6,1.34,Balanced Organic (High C / Moderate K)
"High-Vegetable / Market Scraps (40% Veg, 40% Rice, 20% Fruit)",1.61,87.99,1.37,155.7,0.31,High Nitrogen & Fiber (N-Rich)
"Standard PH Household Waste (74% Rice, 11% Meat, 10% Veg)",4.5,74.65,2.86,249.2,1.66,Balanced Organic (High C / Moderate K)
"Standard PH Household Waste (74% Rice, 11% Meat, 10% Veg)",3.16,81.65,3.34,211.6,0.86,Balanced Organic (High C / Moderate K)
"High-Protein / Meat Scraps (40% Meat, 45% Rice, 15% Veg)",2.13,70.53,2.75,160.0,0.93,High Phosphorus & Nitrogen (P-N Rich)
"Standard PH Household Waste (74% Rice, 11% Meat, 10% Veg)",2.7,73.36,3.46,183.0,1.06,Balanced Organic (High C / Moderate K)
"Standard PH Household Waste (74% Rice, 11% Meat, 10% Veg)",1.15,81.64,1.91,133.0,0.34,Balanced Organic (High C / Moderate K)
"Standard PH Household Waste (74% Rice, 11% Meat, 10% Veg)",1.51,74.99,1.79,142.3,0.57,Balanced Organic (High C / Moderate K)
"Standard PH Household Waste (74% Rice, 11% Meat, 10% Veg)",4.06,74.72,3.15,233.6,1.5,Balanced Organic (High C / Moderate K)
"Standard PH Household Waste (74% Rice, 11% Meat, 10% Veg)",1.0,75.78,1.77,124.3,0.38,Balanced Organic (High C / Moderate K)
"High-Vegetable / Market Scraps (40% Veg, 40% Rice, 20% Fruit)",2.67,81.42,1.99,192.1,0.74,High Nitrogen & Fiber (N-Rich)
"Standard PH Household Waste (74% Rice, 11% Meat, 10% Veg)",3.09,78.3,2.39,204.0,0.99,Balanced Organic (High C / Moderate K)
"High-Protein / Meat Scraps (40% Meat, 45% Rice, 15% Veg)",1.22,66.83,2.98,127.0,0.61,High Phosphorus & Nitrogen (P-N Rich)
"High-Protein / Meat Scraps (40% Meat, 45% Rice, 15% Veg)",4.89,74.03,2.14,261.7,1.85,High Phosphorus & Nitrogen (P-N Rich)
"Standard PH Household Waste (74% Rice, 11% Meat, 10% Veg)",1.9,72.7,1.71,154.3,0.78,Balanced Organic (High C / Moderate K)
"Standard PH Household Waste (74% Rice, 11% Meat, 10% Veg)",2.22,73.2,2.7,165.8,0.88,Balanced Organic (High C / Moderate K)
"Standard PH Household Waste (74% Rice, 11% Meat, 10% Veg)",2.22,81.29,2.54,174.3,0.63,Balanced Organic (High C / Moderate K)
"High-Vegetable / Market Scraps (40% Veg, 40% Rice, 20% Fruit)",1.92,86.43,1.56,167.6,0.41,High Nitrogen & Fiber (N-Rich)
"Standard PH Household Waste (74% Rice, 11% Meat, 10% Veg)",1.01,79.09,2.99,126.1,0.33,Balanced Organic (High C / Moderate K)
"High-Vegetable / Market Scraps (40% Veg, 40% Rice, 20% Fruit)",3.92,79.74,1.49,237.8,1.17,High Nitrogen & Fiber (N-Rich)
"Standard PH Household Waste (74% Rice, 11% Meat, 10% Veg)",4.87,78.37,1.73,271.0,1.54,Balanced Organic (High C / Moderate K)
"High-Vegetable / Market Scraps (40% Veg, 40% Rice, 20% Fruit)",1.9,81.62,1.63,162.2,0.53,High Nitrogen & Fiber (N-Rich)
"Standard PH Household Waste (74% Rice, 11% Meat, 10% Veg)",3.65,81.96,2.5,231.6,0.98,Balanced Organic (High C / Moderate K)
"Standard PH Household Waste (74% Rice, 11% Meat, 10% Veg)",3.97,80.16,2.42,240.5,1.16,Balanced Organic (High C / Moderate K)
Pure Carbohydrate / Grain Waste (90%+ Rice/Bread),4.39,75.96,3.49,248.1,1.54,Organic Soil Conditioner (High Carbon)
"High-Protein / Meat Scraps (40% Meat, 45% Rice, 15% Veg)",2.69,74.75,2.29,184.4,1.0,High Phosphorus & Nitrogen (P-N Rich)
"Standard PH Household Waste (74% Rice, 11% Meat, 10% Veg)",2.21,78.04,2.8,170.7,0.73,Balanced Organic (High C / Moderate K)
"High-Protein / Meat Scraps (40% Meat, 45% Rice, 15% Veg)",2.3,69.59,1.97,164.7,1.03,High Phosphorus & Nitrogen (P-N Rich)
"Standard PH Household Waste (74% Rice, 11% Meat, 10% Veg)",3.85,72.94,1.63,222.7,1.52,Balanced Organic (High C / Moderate K)
"High-Protein / Meat Scraps (40% Meat, 45% Rice, 15% Veg)",4.27,74.61,2.08,240.7,1.58,High Phosphorus & Nitrogen (P-N Rich)
"High-Protein / Meat Scraps (40% Meat, 45% Rice, 15% Veg)",1.73,67.33,2.68,143.7,0.84,High Phosphorus & Nitrogen (P-N Rich)
"Standard PH Household Waste (74% Rice, 11% Meat, 10% Veg)",2.48,75.2,2.56,177.5,0.91,Balanced Organic (High C / Moderate K)
"Standard PH Household Waste (74% Rice, 11% Meat, 10% Veg)",4.61,73.63,3.42,250.7,1.77,Balanced Organic (High C / Moderate K)
"Standard PH Household Waste (74% Rice, 11% Meat, 10% Veg)",4.23,80.52,3.24,251.2,1.21,Balanced Organic (High C / Moderate K)
"Standard PH Household Waste (74% Rice, 11% Meat, 10% Veg)",4.94,76.07,3.05,268.2,1.72,Balanced Organic (High C / Moderate K)
"High-Vegetable / Market Scraps (40% Veg, 40% Rice, 20% Fruit)",4.02,79.44,1.21,241.0,1.21,High Nitrogen & Fiber (N-Rich)
"Standard PH Household Waste (74% Rice, 11% Meat, 10% Veg)",2.57,72.2,2.71,177.0,1.06,Balanced Organic (High C / Moderate K)
"Standard PH Household Waste (74% Rice, 11% Meat, 10% Veg)",3.36,76.55,2.58,211.4,1.16,Balanced Organic (High C / Moderate K)
"High-Protein / Meat Scraps (40% Meat, 45% Rice, 15% Veg)",3.64,65.08,2.31,201.7,1.85,High Phosphorus & Nitrogen (P-N Rich)
Pure Carbohydrate / Grain Waste (90%+ Rice/Bread),1.31,75.18,3.11,135.3,0.5,Organic Soil Conditioner (High Carbon)
"Standard PH Household Waste (74% Rice, 11% Meat, 10% Veg)",3.18,79.32,2.04,208.9,0.97,Balanced Organic (High C / Moderate K)
"Standard PH Household Waste (74% Rice, 11% Meat, 10% Veg)",3.84,80.13,2.72,235.5,1.12,Balanced Organic (High C / Moderate K)
"Standard PH Household Waste (74% Rice, 11% Meat, 10% Veg)",1.67,74.11,2.05,147.3,0.65,Balanced Organic (High C / Moderate K)
"Standard PH Household Waste (74% Rice, 11% Meat, 10% Veg)",4.12,78.28,3.18,242.8,1.31,Balanced Organic (High C / Moderate K)
Pure Carbohydrate / Grain Waste (90%+ Rice/Bread),3.34,72.16,2.65,203.4,1.36,Organic Soil Conditioner (High Carbon)
"Standard PH Household Waste (74% Rice, 11% Meat, 10% Veg)",4.81,80.67,2.87,274.1,1.36,Balanced Organic (High C / Moderate K)
"High-Vegetable / Market Scraps (40% Veg, 40% Rice, 20% Fruit)",1.17,82.48,1.59,134.2,0.33,High Nitrogen & Fiber (N-Rich)
"Standard PH Household Waste (74% Rice, 11% Meat, 10% Veg)",2.06,74.04,2.79,161.1,0.8,Balanced Organic (High C / Moderate K)
"High-Vegetable / Market Scraps (40% Veg, 40% Rice, 20% Fruit)",3.41,81.59,2.0,221.3,0.93,High Nitrogen & Fiber (N-Rich)
"High-Vegetable / Market Scraps (40% Veg, 40% Rice, 20% Fruit)",2.19,82.8,1.59,174.8,0.57,High Nitrogen & Fiber (N-Rich)
"High-Protein / Meat Scraps (40% Meat, 45% Rice, 15% Veg)",3.86,71.22,2.9,219.8,1.62,High Phosphorus & Nitrogen (P-N Rich)
"Standard PH Household Waste (74% Rice, 11% Meat, 10% Veg)",4.04,80.01,2.46,242.9,1.19,Balanced Organic (High C / Moderate K)
"Standard PH Household Waste (74% Rice, 11% Meat, 10% Veg)",1.41,79.19,2.71,141.5,0.45,Balanced Organic (High C / Moderate K)
"Standard PH Household Waste (74% Rice, 11% Meat, 10% Veg)",3.06,76.92,1.97,200.7,1.04,Balanced Organic (High C / Moderate K)
Pure Carbohydrate / Grain Waste (90%+ Rice/Bread),3.04,72.64,2.61,193.7,1.22,Organic Soil Conditioner (High Carbon)
"High-Protein / Meat Scraps (40% Meat, 45% Rice, 15% Veg)",2.48,75.06,2.2,177.1,0.92,High Phosphorus & Nitrogen (P-N Rich)
"High-Vegetable / Market Scraps (40% Veg, 40% Rice, 20% Fruit)",4.73,87.52,1.63,286.7,0.88,High Nitrogen & Fiber (N-Rich)
"High-Vegetable / Market Scraps (40% Veg, 40% Rice, 20% Fruit)",4.31,84.32,1.63,262.3,1.0,High Nitrogen & Fiber (N-Rich)
"High-Vegetable / Market Scraps (40% Veg, 40% Rice, 20% Fruit)",3.79,79.29,1.5,232.1,1.15,High Nitrogen & Fiber (N-Rich)
"Standard PH Household Waste (74% Rice, 11% Meat, 10% Veg)",3.86,72.99,2.78,223.0,1.52,Balanced Organic (High C / Moderate K)
Pure Carbohydrate / Grain Waste (90%+ Rice/Bread),2.85,72.47,3.94,186.9,1.15,Organic Soil Conditioner (High Carbon)
"Standard PH Household Waste (74% Rice, 11% Meat, 10% Veg)",4.68,74.2,1.91,254.7,1.76,Balanced Organic (High C / Moderate K)
"Standard PH Household Waste (74% Rice, 11% Meat, 10% Veg)",3.78,76.06,3.36,225.8,1.33,Balanced Organic (High C / Moderate K)
"Standard PH Household Waste (74% Rice, 11% Meat, 10% Veg)",3.92,79.1,2.4,236.6,1.2,Balanced Organic (High C / Moderate K)
"Standard PH Household Waste (74% Rice, 11% Meat, 10% Veg)",4.45,77.17,1.76,252.6,1.48,Balanced Organic (High C / Moderate K)
"Standard PH Household Waste (74% Rice, 11% Meat, 10% Veg)",2.1,81.85,2.87,170.2,0.58,Balanced Organic (High C / Moderate K)
"High-Vegetable / Market Scraps (40% Veg, 40% Rice, 20% Fruit)",4.23,80.85,1.67,252.0,1.19,High Nitrogen & Fiber (N-Rich)
"Standard PH Household Waste (74% Rice, 11% Meat, 10% Veg)",1.78,73.09,3.44,150.4,0.72,Balanced Organic (High C / Moderate K)
"High-Vegetable / Market Scraps (40% Veg, 40% Rice, 20% Fruit)",2.38,79.75,1.72,179.0,0.72,High Nitrogen & Fiber (N-Rich)
"Standard PH Household Waste (74% Rice, 11% Meat, 10% Veg)",2.34,74.45,2.96,171.6,0.89,Balanced Organic (High C / Moderate K)
"Standard PH Household Waste (74% Rice, 11% Meat, 10% Veg)",4.91,79.77,2.88,276.0,1.45,Balanced Organic (High C / Moderate K)
"Standard PH Household Waste (74% Rice, 11% Meat, 10% Veg)",4.43,78.14,3.3,253.9,1.42,Balanced Organic (High C / Moderate K)
"Standard PH Household Waste (74% Rice, 11% Meat, 10% Veg)",3.8,72.79,2.23,220.8,1.51,Balanced Organic (High C / Moderate K)
"High-Vegetable / Market Scraps (40% Veg, 40% Rice, 20% Fruit)",3.91,80.48,1.99,238.9,1.12,High Nitrogen & Fiber (N-Rich)
"Standard PH Household Waste (74% Rice, 11% Meat, 10% Veg)",3.25,75.89,2.99,206.2,1.15,Balanced Organic (High C / Moderate K)
"High-Vegetable / Market Scraps (40% Veg, 40% Rice, 20% Fruit)",4.79,84.85,1.37,282.9,1.07,High Nitrogen & Fiber (N-Rich)
"Standard PH Household Waste (74% Rice, 11% Meat, 10% Veg)",2.99,74.39,2.13,194.5,1.13,Balanced Organic (High C / Moderate K)
"High-Vegetable / Market Scraps (40% Veg, 40% Rice, 20% Fruit)",2.52,82.11,1.39,187.3,0.68,High Nitrogen & Fiber (N-Rich)
Pure Carbohydrate / Grain Waste (90%+ Rice/Bread),1.65,68.2,4.2,142.0,0.78,Organic Soil Conditioner (High Carbon)
"High-Vegetable / Market Scraps (40% Veg, 40% Rice, 20% Fruit)",4.14,87.66,1.47,262.3,0.76,High Nitrogen & Fiber (N-Rich)
"Standard PH Household Waste (74% Rice, 11% Meat, 10% Veg)",3.94,75.39,1.61,230.4,1.42,Balanced Organic (High C / Moderate K)
"Standard PH Household Waste (74% Rice, 11% Meat, 10% Veg)",2.54,78.8,3.17,183.9,0.8,Balanced Organic (High C / Moderate K)
"Standard PH Household Waste (74% Rice, 11% Meat, 10% Veg)",1.1,73.47,1.9,126.7,0.45,Balanced Organic (High C / Moderate K)
"High-Vegetable / Market Scraps (40% Veg, 40% Rice, 20% Fruit)",4.36,85.9,1.69,267.5,0.91,High Nitrogen & Fiber (N-Rich)
"Standard PH Household Waste (74% Rice, 11% Meat, 10% Veg)",1.05,72.45,2.78,124.2,0.45,Balanced Organic (High C / Moderate K)
"Standard PH Household Waste (74% Rice, 11% Meat, 10% Veg)",3.81,75.09,2.3,225.4,1.39,Balanced Organic (High C / Moderate K)
"High-Vegetable / Market Scraps (40% Veg, 40% Rice, 20% Fruit)",4.88,85.7,1.85,288.7,1.03,High Nitrogen & Fiber (N-Rich)
"Standard PH Household Waste (74% Rice, 11% Meat, 10% Veg)",2.75,76.0,3.4,188.2,0.98,Balanced Organic (High C / Moderate K)
"High-Protein / Meat Scraps (40% Meat, 45% Rice, 15% Veg)",1.94,69.47,2.73,152.6,0.88,High Phosphorus & Nitrogen (P-N Rich)
"Standard PH Household Waste (74% Rice, 11% Meat, 10% Veg)",3.82,76.84,3.31,228.8,1.3,Balanced Organic (High C / Moderate K)
"Standard PH Household Waste (74% Rice, 11% Meat, 10% Veg)",4.27,81.08,1.77,254.0,1.19,Balanced Organic (High C / Moderate K)
"High-Vegetable / Market Scraps (40% Veg, 40% Rice, 20% Fruit)",3.19,87.36,1.86,221.5,0.61,High Nitrogen & Fiber (N-Rich)
"Standard PH Household Waste (74% Rice, 11% Meat, 10% Veg)",4.87,79.91,1.98,274.6,1.43,Balanced Organic (High C / Moderate K)
"High-Vegetable / Market Scraps (40% Veg, 40% Rice, 20% Fruit)",1.21,86.05,1.88,137.7,0.27,High Nitrogen & Fiber (N-Rich)
"Standard PH Household Waste (74% Rice, 11% Meat, 10% Veg)",3.02,74.89,3.41,196.4,1.12,Balanced Organic (High C / Moderate K)
"Standard PH Household Waste (74% Rice, 11% Meat, 10% Veg)",3.87,72.5,1.88,222.7,1.56,Balanced Organic (High C / Moderate K)
"High-Protein / Meat Scraps (40% Meat, 45% Rice, 15% Veg)",4.45,70.91,2.49,239.4,1.88,High Phosphorus & Nitrogen (P-N Rich)
"High-Protein / Meat Scraps (40% Meat, 45% Rice, 15% Veg)",1.72,72.1,1.82,147.3,0.72,High Phosphorus & Nitrogen (P-N Rich)
"High-Vegetable / Market Scraps (40% Veg, 40% Rice, 20% Fruit)",4.2,87.6,1.24,264.5,0.78,High Nitrogen & Fiber (N-Rich)
"Standard PH Household Waste (74% Rice, 11% Meat, 10% Veg)",3.21,73.43,1.63,201.0,1.25,Balanced Organic (High C / Moderate K)
"High-Vegetable / Market Scraps (40% Veg, 40% Rice, 20% Fruit)",2.59,83.67,1.95,191.7,0.64,High Nitrogen & Fiber (N-Rich)
"Standard PH Household Waste (74% Rice, 11% Meat, 10% Veg)",1.53,78.66,3.16,145.5,0.5,Balanced Organic (High C / Moderate K)
"Standard PH Household Waste (74% Rice, 11% Meat, 10% Veg)",4.46,72.13,2.63,242.3,1.81,Balanced Organic (High C / Moderate K)
Pure Carbohydrate / Grain Waste (90%+ Rice/Bread),1.63,72.6,3.25,144.6,0.67,Organic Soil Conditioner (High Carbon)
"Standard PH Household Waste (74% Rice, 11% Meat, 10% Veg)",2.24,72.72,2.9,166.0,0.91,Balanced Organic (High C / Moderate K)
Pure Carbohydrate / Grain Waste (90%+ Rice/Bread),2.16,73.03,3.91,163.6,0.87,Organic Soil Conditioner (High Carbon)
"Standard PH Household Waste (74% Rice, 11% Meat, 10% Veg)",4.49,76.85,1.88,253.3,1.52,Balanced Organic (High C / Moderate K)
"Standard PH Household Waste (74% Rice, 11% Meat, 10% Veg)",3.69,78.48,1.93,226.9,1.17,Balanced Organic (High C / Moderate K)
"Standard PH Household Waste (74% Rice, 11% Meat, 10% Veg)",4.19,80.72,2.76,250.1,1.19,Balanced Organic (High C / Moderate K)
"High-Protein / Meat Scraps (40% Meat, 45% Rice, 15% Veg)",2.0,66.73,2.95,152.0,0.99,High Phosphorus & Nitrogen (P-N Rich)
"High-Vegetable / Market Scraps (40% Veg, 40% Rice, 20% Fruit)",3.5,83.18,1.26,227.6,0.87,High Nitrogen & Fiber (N-Rich)
"High-Protein / Meat Scraps (40% Meat, 45% Rice, 15% Veg)",3.29,71.9,2.1,201.3,1.35,High Phosphorus & Nitrogen (P-N Rich)
"High-Vegetable / Market Scraps (40% Veg, 40% Rice, 20% Fruit)",4.33,86.04,1.85,266.8,0.9,High Nitrogen & Fiber (N-Rich)
"High-Vegetable / Market Scraps (40% Veg, 40% Rice, 20% Fruit)",4.62,87.79,1.6,282.7,0.84,High Nitrogen & Fiber (N-Rich)
"High-Protein / Meat Scraps (40% Meat, 45% Rice, 15% Veg)",1.05,70.0,2.7,123.1,0.48,High Phosphorus & Nitrogen (P-N Rich)
"Standard PH Household Waste (74% Rice, 11% Meat, 10% Veg)",3.7,73.32,2.64,218.0,1.44,Balanced Organic (High C / Moderate K)
"Standard PH Household Waste (74% Rice, 11% Meat, 10% Veg)",1.21,77.46,1.77,132.8,0.42,Balanced Organic (High C / Moderate K)
"Standard PH Household Waste (74% Rice, 11% Meat, 10% Veg)",3.2,76.18,3.22,204.7,1.12,Balanced Organic (High C / Moderate K)
Pure Carbohydrate / Grain Waste (90%+ Rice/Bread),2.15,76.56,2.25,166.9,0.75,Organic Soil Conditioner (High Carbon)
Pure Carbohydrate / Grain Waste (90%+ Rice/Bread),2.23,68.91,2.66,161.5,1.02,Organic Soil Conditioner (High Carbon)
"Standard PH Household Waste (74% Rice, 11% Meat, 10% Veg)",2.41,80.75,1.84,181.4,0.7,Balanced Organic (High C / Moderate K)
"High-Vegetable / Market Scraps (40% Veg, 40% Rice, 20% Fruit)",3.49,85.2,1.28,230.4,0.77,High Nitrogen & Fiber (N-Rich)
Pure Carbohydrate / Grain Waste (90%+ Rice/Bread),2.34,74.23,2.89,171.1,0.89,Organic Soil Conditioner (High Carbon)
"Standard PH Household Waste (74% Rice, 11% Meat, 10% Veg)",3.93,79.89,2.04,238.6,1.16,Balanced Organic (High C / Moderate K)
"High-Vegetable / Market Scraps (40% Veg, 40% Rice, 20% Fruit)",2.62,84.39,1.39,193.9,0.62,High Nitrogen & Fiber (N-Rich)
Pure Carbohydrate / Grain Waste (90%+ Rice/Bread),1.27,75.14,4.18,133.8,0.49,Organic Soil Conditioner (High Carbon)
"Standard PH Household Waste (74% Rice, 11% Meat, 10% Veg)",4.14,73.27,3.25,233.3,1.61,Balanced Organic (High C / Moderate K)
"High-Vegetable / Market Scraps (40% Veg, 40% Rice, 20% Fruit)",2.14,83.94,1.3,174.2,0.53,High Nitrogen & Fiber (N-Rich)
"Standard PH Household Waste (74% Rice, 11% Meat, 10% Veg)",2.73,76.28,1.91,187.9,0.96,Balanced Organic (High C / Moderate K)
Pure Carbohydrate / Grain Waste (90%+ Rice/Bread),3.74,75.0,3.9,222.6,1.37,Organic Soil Conditioner (High Carbon)
Pure Carbohydrate / Grain Waste (90%+ Rice/Bread),2.33,69.06,3.27,165.1,1.06,Organic Soil Conditioner (High Carbon)
Pure Carbohydrate / Grain Waste (90%+ Rice/Bread),1.23,76.15,4.34,132.7,0.45,Organic Soil Conditioner (High Carbon)
"Standard PH Household Waste (74% Rice, 11% Meat, 10% Veg)",2.5,77.14,3.41,180.3,0.85,Balanced Organic (High C / Moderate K)
"High-Protein / Meat Scraps (40% Meat, 45% Rice, 15% Veg)",4.78,70.89,2.27,250.5,2.02,High Phosphorus & Nitrogen (P-N Rich)
"High-Protein / Meat Scraps (40% Meat, 45% Rice, 15% Veg)",3.57,74.33,2.39,215.1,1.34,High Phosphorus & Nitrogen (P-N Rich)
"Standard PH Household Waste (74% Rice, 11% Meat, 10% Veg)",3.69,76.72,2.53,223.6,1.26,Balanced Organic (High C / Moderate K)
"High-Protein / Meat Scraps (40% Meat, 45% Rice, 15% Veg)",3.53,74.31,2.8,213.8,1.33,High Phosphorus & Nitrogen (P-N Rich)
"Standard PH Household Waste (74% Rice, 11% Meat, 10% Veg)",1.8,76.04,2.23,153.4,0.65,Balanced Organic (High C / Moderate K)
"High-Vegetable / Market Scraps (40% Veg, 40% Rice, 20% Fruit)",2.67,82.92,1.66,194.3,0.69,High Nitrogen & Fiber (N-Rich)
"Standard PH Household Waste (74% Rice, 11% Meat, 10% Veg)",4.0,74.38,3.11,230.8,1.5,Balanced Organic (High C / Moderate K)
"Standard PH Household Waste (74% Rice, 11% Meat, 10% Veg)",1.41,76.86,2.23,139.7,0.5,Balanced Organic (High C / Moderate K)
"Standard PH Household Waste (74% Rice, 11% Meat, 10% Veg)",2.11,73.07,2.05,161.9,0.85,Balanced Organic (High C / Moderate K)
"High-Vegetable / Market Scraps (40% Veg, 40% Rice, 20% Fruit)",2.11,87.49,1.44,176.3,0.41,High Nitrogen & Fiber (N-Rich)
"Standard PH Household Waste (74% Rice, 11% Meat, 10% Veg)",2.73,73.69,2.48,184.4,1.06,Balanced Organic (High C / Moderate K)
"High-Vegetable / Market Scraps (40% Veg, 40% Rice, 20% Fruit)",4.92,81.07,1.23,279.4,1.36,High Nitrogen & Fiber (N-Rich)
"Standard PH Household Waste (74% Rice, 11% Meat, 10% Veg)",1.27,75.23,2.63,133.7,0.48,Balanced Organic (High C / Moderate K)
"Standard PH Household Waste (74% Rice, 11% Meat, 10% Veg)",3.07,77.52,2.28,202.3,1.02,Balanced Organic (High C / Moderate K)
"Standard PH Household Waste (74% Rice, 11% Meat, 10% Veg)",1.72,76.47,3.43,150.9,0.61,Balanced Organic (High C / Moderate K)
"High-Protein / Meat Scraps (40% Meat, 45% Rice, 15% Veg)",4.88,69.15,2.11,249.9,2.19,High Phosphorus & Nitrogen (P-N Rich)
"Standard PH Household Waste (74% Rice, 11% Meat, 10% Veg)",1.45,74.43,2.47,139.8,0.56,Balanced Organic (High C / Moderate K)
"High-Vegetable / Market Scraps (40% Veg, 40% Rice, 20% Fruit)",2.61,85.6,1.36,195.3,0.57,High Nitrogen & Fiber (N-Rich)
"High-Protein / Meat Scraps (40% Meat, 45% Rice, 15% Veg)",3.95,72.8,1.83,226.0,1.57,High Phosphorus & Nitrogen (P-N Rich)
"High-Vegetable / Market Scraps (40% Veg, 40% Rice, 20% Fruit)",3.82,82.19,1.82,238.5,1.01,High Nitrogen & Fiber (N-Rich)
"Standard PH Household Waste (74% Rice, 11% Meat, 10% Veg)",2.69,75.39,2.67,185.3,0.98,Balanced Organic (High C / Moderate K)
"Standard PH Household Waste (74% Rice, 11% Meat, 10% Veg)",2.39,74.05,3.01,172.7,0.92,Balanced Organic (High C / Moderate K)
"High-Protein / Meat Scraps (40% Meat, 45% Rice, 15% Veg)",2.59,65.58,2.82,169.4,1.31,High Phosphorus & Nitrogen (P-N Rich)
"Standard PH Household Waste (74% Rice, 11% Meat, 10% Veg)",2.06,73.98,3.26,160.9,0.8,Balanced Organic (High C / Moderate K)
"High-Protein / Meat Scraps (40% Meat, 45% Rice, 15% Veg)",1.82,68.88,2.67,148.1,0.84,High Phosphorus & Nitrogen (P-N Rich)
"Standard PH Household Waste (74% Rice, 11% Meat, 10% Veg)",2.93,75.19,3.32,193.7,1.07,Balanced Organic (High C / Moderate K)
Pure Carbohydrate / Grain Waste (90%+ Rice/Bread),2.07,69.27,2.45,156.8,0.94,Organic Soil Conditioner (High Carbon)
"High-Protein / Meat Scraps (40% Meat, 45% Rice, 15% Veg)",2.15,70.42,1.9,160.5,0.94,High Phosphorus & Nitrogen (P-N Rich)
Pure Carbohydrate / Grain Waste (90%+ Rice/Bread),3.63,69.96,4.36,209.7,1.59,Organic Soil Conditioner (High Carbon)
"Standard PH Household Waste (74% Rice, 11% Meat, 10% Veg)",4.87,81.76,2.31,279.2,1.3,Balanced Organic (High C / Moderate K)
"High-Protein / Meat Scraps (40% Meat, 45% Rice, 15% Veg)",3.41,75.16,2.45,211.1,1.25,High Phosphorus & Nitrogen (P-N Rich)
"Standard PH Household Waste (74% Rice, 11% Meat, 10% Veg)",1.31,74.7,2.93,134.8,0.51,Balanced Organic (High C / Moderate K)
"Standard PH Household Waste (74% Rice, 11% Meat, 10% Veg)",1.3,78.59,3.48,137.0,0.43,Balanced Organic (High C / Moderate K)
"High-Vegetable / Market Scraps (40% Veg, 40% Rice, 20% Fruit)",4.81,80.65,1.74,273.9,1.36,High Nitrogen & Fiber (N-Rich)
"High-Protein / Meat Scraps (40% Meat, 45% Rice, 15% Veg)",2.19,65.57,1.94,156.8,1.11,High Phosphorus & Nitrogen (P-N Rich)
Pure Carbohydrate / Grain Waste (90%+ Rice/Bread),1.37,68.04,4.5,132.6,0.66,Organic Soil Conditioner (High Carbon)
"High-Protein / Meat Scraps (40% Meat, 45% Rice, 15% Veg)",3.4,73.83,2.74,208.2,1.3,High Phosphorus & Nitrogen (P-N Rich)
"Standard PH Household Waste (74% Rice, 11% Meat, 10% Veg)",3.49,77.1,2.17,217.2,1.18,Balanced Organic (High C / Moderate K)
"Standard PH Household Waste (74% Rice, 11% Meat, 10% Veg)",3.59,73.51,2.14,214.7,1.39,Balanced Organic (High C / Moderate K)
"High-Vegetable / Market Scraps (40% Veg, 40% Rice, 20% Fruit)",2.07,81.76,1.81,169.1,0.57,High Nitrogen & Fiber (N-Rich)
"Standard PH Household Waste (74% Rice, 11% Meat, 10% Veg)",1.06,77.4,1.75,127.3,0.38,Balanced Organic (High C / Moderate K)
"Standard PH Household Waste (74% Rice, 11% Meat, 10% Veg)",4.86,72.18,1.79,256.3,1.97,Balanced Organic (High C / Moderate K)
"Standard PH Household Waste (74% Rice, 11% Meat, 10% Veg)",2.0,76.1,3.37,161.1,0.72,Balanced Organic (High C / Moderate K)
"Standard PH Household Waste (74% Rice, 11% Meat, 10% Veg)",3.7,78.37,3.12,227.2,1.18,Balanced Organic (High C / Moderate K)
"Standard PH Household Waste (74% Rice, 11% Meat, 10% Veg)",3.83,76.66,2.29,228.7,1.31,Balanced Organic (High C / Moderate K)
"Standard PH Household Waste (74% Rice, 11% Meat, 10% Veg)",3.44,73.08,3.26,208.5,1.36,Balanced Organic (High C / Moderate K)
"Standard PH Household Waste (74% Rice, 11% Meat, 10% Veg)",2.25,79.83,1.92,174.2,0.68,Balanced Organic (High C / Moderate K)
"Standard PH Household Waste (74% Rice, 11% Meat, 10% Veg)",2.08,77.12,2.53,165.0,0.72,Balanced Organic (High C / Moderate K)
Pure Carbohydrate / Grain Waste (90%+ Rice/Bread),3.39,74.25,4.37,208.7,1.28,Organic Soil Conditioner (High Carbon)
"Standard PH Household Waste (74% Rice, 11% Meat, 10% Veg)",4.46,77.8,2.63,254.6,1.45,Balanced Organic (High C / Moderate K)
"Standard PH Household Waste (74% Rice, 11% Meat, 10% Veg)",4.79,72.5,1.72,254.5,1.91,Balanced Organic (High C / Moderate K)
"High-Vegetable / Market Scraps (40% Veg, 40% Rice, 20% Fruit)",1.42,79.87,1.23,142.5,0.44,High Nitrogen & Fiber (N-Rich)
"Standard PH Household Waste (74% Rice, 11% Meat, 10% Veg)",1.62,79.43,2.97,149.6,0.51,Balanced Organic (High C / Moderate K)
Pure Carbohydrate / Grain Waste (90%+ Rice/Bread),4.78,69.36,4.09,247.0,2.13,Organic Soil Conditioner (High Carbon)
"High-Protein / Meat Scraps (40% Meat, 45% Rice, 15% Veg)",3.95,66.7,2.16,214.2,1.91,High Phosphorus & Nitrogen (P-N Rich)
"Standard PH Household Waste (74% Rice, 11% Meat, 10% Veg)",4.53,74.49,2.31,249.9,1.69,Balanced Organic (High C / Moderate K)
"Standard PH Household Waste (74% Rice, 11% Meat, 10% Veg)",1.81,74.55,2.53,152.7,0.69,Balanced Organic (High C / Moderate K)
"High-Protein / Meat Scraps (40% Meat, 45% Rice, 15% Veg)",3.35,69.48,2.98,199.6,1.49,High Phosphorus & Nitrogen (P-N Rich)
Pure Carbohydrate / Grain Waste (90%+ Rice/Bread),3.8,68.56,2.36,213.1,1.74,Organic Soil Conditioner (High Carbon)
"Standard PH Household Waste (74% Rice, 11% Meat, 10% Veg)",3.72,72.53,2.79,217.4,1.49,Balanced Organic (High C / Moderate K)
"High-Vegetable / Market Scraps (40% Veg, 40% Rice, 20% Fruit)",2.63,78.55,1.87,187.1,0.84,High Nitrogen & Fiber (N-Rich)
"Standard PH Household Waste (74% Rice, 11% Meat, 10% Veg)",1.06,77.12,2.6,127.2,0.38,Balanced Organic (High C / Moderate K)
Pure Carbohydrate / Grain Waste (90%+ Rice/Bread),3.33,73.62,2.43,205.6,1.29,Organic Soil Conditioner (High Carbon)
"Standard PH Household Waste (74% Rice, 11% Meat, 10% Veg)",2.01,73.98,2.21,159.3,0.78,Balanced Organic (High C / Moderate K)
Pure Carbohydrate / Grain Waste (90%+ Rice/Bread),2.8,73.93,2.53,187.3,1.08,Organic Soil Conditioner (High Carbon)
"High-Vegetable / Market Scraps (40% Veg, 40% Rice, 20% Fruit)",4.83,79.16,1.98,271.4,1.47,High Nitrogen & Fiber (N-Rich)
"High-Vegetable / Market Scraps (40% Veg, 40% Rice, 20% Fruit)",2.6,78.22,1.84,185.4,0.84,High Nitrogen & Fiber (N-Rich)
"Standard PH Household Waste (74% Rice, 11% Meat, 10% Veg)",4.36,79.88,2.16,255.0,1.29,Balanced Organic (High C / Moderate K)
"Standard PH Household Waste (74% Rice, 11% Meat, 10% Veg)",1.75,73.36,1.88,149.6,0.7,Balanced Organic (High C / Moderate K)
"Standard PH Household Waste (74% Rice, 11% Meat, 10% Veg)",3.69,78.97,2.82,227.7,1.14,Balanced Organic (High C / Moderate K)
"Standard PH Household Waste (74% Rice, 11% Meat, 10% Veg)",4.91,79.83,3.38,275.9,1.45,Balanced Organic (High C / Moderate K)
"Standard PH Household Waste (74% Rice, 11% Meat, 10% Veg)",1.41,78.92,1.9,141.2,0.46,Balanced Organic (High C / Moderate K)
"High-Protein / Meat Scraps (40% Meat, 45% Rice, 15% Veg)",1.03,67.68,2.81,121.4,0.51,High Phosphorus & Nitrogen (P-N Rich)
"Standard PH Household Waste (74% Rice, 11% Meat, 10% Veg)",2.73,74.09,1.74,185.1,1.05,Balanced Organic (High C / Moderate K)
"Standard PH Household Waste (74% Rice, 11% Meat, 10% Veg)",1.37,79.03,2.36,139.9,0.44,Balanced Organic (High C / Moderate K)
Pure Carbohydrate / Grain Waste (90%+ Rice/Bread),3.99,77.2,3.63,235.9,1.33,Organic Soil Conditioner (High Carbon)
"High-Protein / Meat Scraps (40% Meat, 45% Rice, 15% Veg)",4.66,65.99,2.94,235.4,2.3,High Phosphorus & Nitrogen (P-N Rich)
Pure Carbohydrate / Grain Waste (90%+ Rice/Bread),2.74,70.59,2.84,180.6,1.18,Organic Soil Conditioner (High Carbon)
Pure Carbohydrate / Grain Waste (90%+ Rice/Bread),2.03,72.02,2.13,158.2,0.85,Organic Soil Conditioner (High Carbon)
"Standard PH Household Waste (74% Rice, 11% Meat, 10% Veg)",2.74,76.97,1.83,189.0,0.93,Balanced Organic (High C / Moderate K)
"Standard PH Household Waste (74% Rice, 11% Meat, 10% Veg)",3.89,76.01,2.27,229.9,1.37,Balanced Organic (High C / Moderate K)
"High-Protein / Meat Scraps (40% Meat, 45% Rice, 15% Veg)",1.04,73.5,2.76,124.4,0.43,High Phosphorus & Nitrogen (P-N Rich)
"High-Vegetable / Market Scraps (40% Veg, 40% Rice, 20% Fruit)",3.36,79.53,1.49,216.1,1.02,High Nitrogen & Fiber (N-Rich)
"Standard PH Household Waste (74% Rice, 11% Meat, 10% Veg)",3.45,75.73,1.89,213.4,1.23,Balanced Organic (High C / Moderate K)
"High-Protein / Meat Scraps (40% Meat, 45% Rice, 15% Veg)",3.55,73.78,2.65,213.6,1.36,High Phosphorus & Nitrogen (P-N Rich)
"Standard PH Household Waste (74% Rice, 11% Meat, 10% Veg)",1.97,73.9,2.3,157.7,0.77,Balanced Organic (High C / Moderate K)
"Standard PH Household Waste (74% Rice, 11% Meat, 10% Veg)",3.86,73.06,2.79,223.1,1.52,Balanced Organic (High C / Moderate K)
"Standard PH Household Waste (74% Rice, 11% Meat, 10% Veg)",1.37,73.21,3.47,135.9,0.56,Balanced Organic (High C / Moderate K)
"High-Vegetable / Market Scraps (40% Veg, 40% Rice, 20% Fruit)",1.8,85.81,1.51,161.9,0.4,High Nitrogen & Fiber (N-Rich)
"High-Vegetable / Market Scraps (40% Veg, 40% Rice, 20% Fruit)",4.51,83.79,1.93,269.3,1.08,High Nitrogen & Fiber (N-Rich)
"Standard PH Household Waste (74% Rice, 11% Meat, 10% Veg)",3.95,77.54,1.93,235.1,1.3,Balanced Organic (High C / Moderate K)
"High-Protein / Meat Scraps (40% Meat, 45% Rice, 15% Veg)",1.05,69.17,2.81,122.9,0.5,High Phosphorus & Nitrogen (P-N Rich)
"Standard PH Household Waste (74% Rice, 11% Meat, 10% Veg)",1.99,78.44,2.84,162.9,0.65,Balanced Organic (High C / Moderate K)
"Standard PH Household Waste (74% Rice, 11% Meat, 10% Veg)",1.86,80.67,3.3,159.8,0.55,Balanced Organic (High C / Moderate K)
"High-Protein / Meat Scraps (40% Meat, 45% Rice, 15% Veg)",2.08,75.12,1.91,163.0,0.77,High Phosphorus & Nitrogen (P-N Rich)
Pure Carbohydrate / Grain Waste (90%+ Rice/Bread),1.99,73.44,3.85,158.0,0.79,Organic Soil Conditioner (High Carbon)
"High-Protein / Meat Scraps (40% Meat, 45% Rice, 15% Veg)",1.25,73.33,2.53,131.9,0.51,High Phosphorus & Nitrogen (P-N Rich)
"High-Protein / Meat Scraps (40% Meat, 45% Rice, 15% Veg)",2.84,66.83,2.76,178.8,1.38,High Phosphorus & Nitrogen (P-N Rich)
"High-Vegetable / Market Scraps (40% Veg, 40% Rice, 20% Fruit)",3.93,85.2,1.27,248.6,0.86,High Nitrogen & Fiber (N-Rich)
"High-Vegetable / Market Scraps (40% Veg, 40% Rice, 20% Fruit)",3.43,82.64,1.34,223.8,0.88,High Nitrogen & Fiber (N-Rich)
"Standard PH Household Waste (74% Rice, 11% Meat, 10% Veg)",3.69,75.37,1.63,221.4,1.33,Balanced Organic (High C / Moderate K)
"Standard PH Household Waste (74% Rice, 11% Meat, 10% Veg)",1.32,76.0,2.64,136.2,0.49,Balanced Organic (High C / Moderate K)
"Standard PH Household Waste (74% Rice, 11% Meat, 10% Veg)",4.81,78.2,2.86,268.3,1.53,Balanced Organic (High C / Moderate K)
"Standard PH Household Waste (74% Rice, 11% Meat, 10% Veg)",4.35,80.36,2.01,255.8,1.26,Balanced Organic (High C / Moderate K)
"High-Vegetable / Market Scraps (40% Veg, 40% Rice, 20% Fruit)",4.22,79.2,1.88,248.3,1.29,High Nitrogen & Fiber (N-Rich)
"Standard PH Household Waste (74% Rice, 11% Meat, 10% Veg)",4.29,73.57,3.45,239.4,1.65,Balanced Organic (High C / Moderate K)
"Standard PH Household Waste (74% Rice, 11% Meat, 10% Veg)",4.73,80.43,2.55,270.5,1.36,Balanced Organic (High C / Moderate K)
"Standard PH Household Waste (74% Rice, 11% Meat, 10% Veg)",3.18,81.81,1.79,212.6,0.86,Balanced Organic (High C / Moderate K)
"High-Vegetable / Market Scraps (40% Veg, 40% Rice, 20% Fruit)",1.8,81.03,1.71,157.9,0.52,High Nitrogen & Fiber (N-Rich)
"Standard PH Household Waste (74% Rice, 11% Meat, 10% Veg)",3.47,75.5,3.36,213.5,1.25,Balanced Organic (High C / Moderate K)
"High-Protein / Meat Scraps (40% Meat, 45% Rice, 15% Veg)",3.97,65.72,2.46,213.2,1.98,High Phosphorus & Nitrogen (P-N Rich)
"Standard PH Household Waste (74% Rice, 11% Meat, 10% Veg)",3.95,77.91,2.84,235.7,1.28,Balanced Organic (High C / Moderate K)
"Standard PH Household Waste (74% Rice, 11% Meat, 10% Veg)",3.09,74.56,2.29,198.3,1.16,Balanced Organic (High C / Moderate K)
"High-Vegetable / Market Scraps (40% Veg, 40% Rice, 20% Fruit)",1.27,86.44,1.36,140.7,0.28,High Nitrogen & Fiber (N-Rich)
"High-Protein / Meat Scraps (40% Meat, 45% Rice, 15% Veg)",2.48,74.1,2.48,176.2,0.95,High Phosphorus & Nitrogen (P-N Rich)
"Standard PH Household Waste (74% Rice, 11% Meat, 10% Veg)",4.68,79.62,2.96,266.9,1.4,Balanced Organic (High C / Moderate K)
"High-Vegetable / Market Scraps (40% Veg, 40% Rice, 20% Fruit)",3.34,80.08,1.66,216.2,0.98,High Nitrogen & Fiber (N-Rich)
"High-Vegetable / Market Scraps (40% Veg, 40% Rice, 20% Fruit)",3.15,86.68,1.55,219.1,0.63,High Nitrogen & Fiber (N-Rich)
"Standard PH Household Waste (74% Rice, 11% Meat, 10% Veg)",2.08,81.67,2.46,169.2,0.58,Balanced Organic (High C / Moderate K)
"High-Protein / Meat Scraps (40% Meat, 45% Rice, 15% Veg)",2.47,66.57,2.27,166.9,1.22,High Phosphorus & Nitrogen (P-N Rich)
"High-Protein / Meat Scraps (40% Meat, 45% Rice, 15% Veg)",4.58,75.47,2.18,253.8,1.64,High Phosphorus & Nitrogen (P-N Rich)
"High-Vegetable / Market Scraps (40% Veg, 40% Rice, 20% Fruit)",3.67,86.68,1.91,240.4,0.73,High Nitrogen & Fiber (N-Rich)
"High-Protein / Meat Scraps (40% Meat, 45% Rice, 15% Veg)",4.15,68.85,1.9,225.0,1.88,High Phosphorus & Nitrogen (P-N Rich)
"High-Protein / Meat Scraps (40% Meat, 45% Rice, 15% Veg)",2.82,72.97,2.17,186.6,1.12,High Phosphorus & Nitrogen (P-N Rich)
"High-Vegetable / Market Scraps (40% Veg, 40% Rice, 20% Fruit)",3.52,85.83,1.55,232.9,0.75,High Nitrogen & Fiber (N-Rich)
"High-Protein / Meat Scraps (40% Meat, 45% Rice, 15% Veg)",1.99,70.34,2.73,155.2,0.88,High Phosphorus & Nitrogen (P-N Rich)
"High-Vegetable / Market Scraps (40% Veg, 40% Rice, 20% Fruit)",3.82,81.82,1.55,238.0,1.03,High Nitrogen & Fiber (N-Rich)
"High-Vegetable / Market Scraps (40% Veg, 40% Rice, 20% Fruit)",2.71,81.76,1.49,194.2,0.74,High Nitrogen & Fiber (N-Rich)
"High-Vegetable / Market Scraps (40% Veg, 40% Rice, 20% Fruit)",2.77,83.26,1.85,198.6,0.7,High Nitrogen & Fiber (N-Rich)
"High-Protein / Meat Scraps (40% Meat, 45% Rice, 15% Veg)",3.6,68.98,2.43,207.0,1.63,High Phosphorus & Nitrogen (P-N Rich)
"Standard PH Household Waste (74% Rice, 11% Meat, 10% Veg)",4.75,78.71,2.11,267.2,1.48,Balanced Organic (High C / Moderate K)
"High-Protein / Meat Scraps (40% Meat, 45% Rice, 15% Veg)",1.26,68.05,2.92,128.9,0.61,High Phosphorus & Nitrogen (P-N Rich)
"High-Protein / Meat Scraps (40% Meat, 45% Rice, 15% Veg)",4.3,72.96,2.49,238.4,1.69,High Phosphorus & Nitrogen (P-N Rich)
"Standard PH Household Waste (74% Rice, 11% Meat, 10% Veg)",2.17,78.48,1.66,169.6,0.7,Balanced Organic (High C / Moderate K)
"High-Protein / Meat Scraps (40% Meat, 45% Rice, 15% Veg)",2.78,71.8,2.41,183.5,1.15,High Phosphorus & Nitrogen (P-N Rich)
"Standard PH Household Waste (74% Rice, 11% Meat, 10% Veg)",1.09,77.46,2.28,128.3,0.38,Balanced Organic (High C / Moderate K)
"Standard PH Household Waste (74% Rice, 11% Meat, 10% Veg)",2.2,72.81,1.97,164.9,0.89,Balanced Organic (High C / Moderate K)
"High-Vegetable / Market Scraps (40% Veg, 40% Rice, 20% Fruit)",3.01,87.51,1.53,214.3,0.57,High Nitrogen & Fiber (N-Rich)
"Standard PH Household Waste (74% Rice, 11% Meat, 10% Veg)",1.22,76.67,1.7,132.9,0.44,Balanced Organic (High C / Moderate K)
"High-Protein / Meat Scraps (40% Meat, 45% Rice, 15% Veg)",2.96,65.41,2.66,180.9,1.5,High Phosphorus & Nitrogen (P-N Rich)
"High-Protein / Meat Scraps (40% Meat, 45% Rice, 15% Veg)",4.71,70.92,2.41,248.2,1.99,High Phosphorus & Nitrogen (P-N Rich)
"Standard PH Household Waste (74% Rice, 11% Meat, 10% Veg)",1.42,74.43,3.02,138.7,0.55,Balanced Organic (High C / Moderate K)
"Standard PH Household Waste (74% Rice, 11% Meat, 10% Veg)",4.06,73.68,1.96,231.4,1.56,Balanced Organic (High C / Moderate K)
"Standard PH Household Waste (74% Rice, 11% Meat, 10% Veg)",2.64,76.61,2.14,184.9,0.92,Balanced Organic (High C / Moderate K)
"High-Vegetable / Market Scraps (40% Veg, 40% Rice, 20% Fruit)",3.62,80.47,1.72,227.7,1.04,High Nitrogen & Fiber (N-Rich)
Pure Carbohydrate / Grain Waste (90%+ Rice/Bread),2.04,74.51,4.06,160.9,0.78,Organic Soil Conditioner (High Carbon)
"High-Vegetable / Market Scraps (40% Veg, 40% Rice, 20% Fruit)",1.64,82.18,1.26,152.5,0.45,High Nitrogen & Fiber (N-Rich)
"Standard PH Household Waste (74% Rice, 11% Meat, 10% Veg)",1.64,74.74,3.46,146.8,0.63,Balanced Organic (High C / Moderate K)
"High-Vegetable / Market Scraps (40% Veg, 40% Rice, 20% Fruit)",1.28,83.96,1.77,139.5,0.33,High Nitrogen & Fiber (N-Rich)
"Standard PH Household Waste (74% Rice, 11% Meat, 10% Veg)",1.74,72.07,2.58,148.2,0.73,Balanced Organic (High C / Moderate K)
"High-Protein / Meat Scraps (40% Meat, 45% Rice, 15% Veg)",3.66,65.41,2.48,202.7,1.84,High Phosphorus & Nitrogen (P-N Rich)
"Standard PH Household Waste (74% Rice, 11% Meat, 10% Veg)",4.53,81.21,3.44,264.3,1.25,Balanced Organic (High C / Moderate K)
"High-Protein / Meat Scraps (40% Meat, 45% Rice, 15% Veg)",4.26,70.95,2.35,232.8,1.8,High Phosphorus & Nitrogen (P-N Rich)
"Standard PH Household Waste (74% Rice, 11% Meat, 10% Veg)",3.74,81.45,2.88,234.1,1.03,Balanced Organic (High C / Moderate K)
Pure Carbohydrate / Grain Waste (90%+ Rice/Bread),1.44,68.65,3.16,135.4,0.68,Organic Soil Conditioner (High Carbon)
"Standard PH Household Waste (74% Rice, 11% Meat, 10% Veg)",2.16,74.4,2.49,164.9,0.82,Balanced Organic (High C / Moderate K)
"High-Vegetable / Market Scraps (40% Veg, 40% Rice, 20% Fruit)",2.24,82.55,1.67,176.6,0.59,High Nitrogen & Fiber (N-Rich)
Pure Carbohydrate / Grain Waste (90%+ Rice/Bread),2.0,71.57,2.41,156.6,0.85,Organic Soil Conditioner (High Carbon)
"Standard PH Household Waste (74% Rice, 11% Meat, 10% Veg)",3.06,77.04,3.18,201.0,1.04,Balanced Organic (High C / Moderate K)
Pure Carbohydrate / Grain Waste (90%+ Rice/Bread),3.14,74.64,2.85,200.5,1.17,Organic Soil Conditioner (High Carbon)
"High-Vegetable / Market Scraps (40% Veg, 40% Rice, 20% Fruit)",2.43,87.36,1.93,189.7,0.47,High Nitrogen & Fiber (N-Rich)
"Standard PH Household Waste (74% Rice, 11% Meat, 10% Veg)",2.42,74.09,1.67,173.8,0.93,Balanced Organic (High C / Moderate K)
"Standard PH Household Waste (74% Rice, 11% Meat, 10% Veg)",4.31,79.41,3.17,252.3,1.3,Balanced Organic (High C / Moderate K)
"High-Vegetable / Market Scraps (40% Veg, 40% Rice, 20% Fruit)",4.16,87.68,1.91,262.8,0.77,High Nitrogen & Fiber (N-Rich)
"Standard PH Household Waste (74% Rice, 11% Meat, 10% Veg)",2.23,78.01,2.61,171.4,0.73,Balanced Organic (High C / Moderate K)
"High-Vegetable / Market Scraps (40% Veg, 40% Rice, 20% Fruit)",4.66,78.28,1.4,262.8,1.48,High Nitrogen & Fiber (N-Rich)
"Standard PH Household Waste (74% Rice, 11% Meat, 10% Veg)",4.81,76.6,2.79,264.8,1.64,Balanced Organic (High C / Moderate K)
"High-Vegetable / Market Scraps (40% Veg, 40% Rice, 20% Fruit)",2.31,83.57,1.79,180.4,0.58,High Nitrogen & Fiber (N-Rich)
"Standard PH Household Waste (74% Rice, 11% Meat, 10% Veg)",2.42,74.8,2.67,174.7,0.9,Balanced Organic (High C / Moderate K)
"High-Protein / Meat Scraps (40% Meat, 45% Rice, 15% Veg)",3.02,65.97,2.3,183.6,1.5,High Phosphorus & Nitrogen (P-N Rich)
Pure Carbohydrate / Grain Waste (90%+ Rice/Bread),4.76,75.5,3.73,260.5,1.7,Organic Soil Conditioner (High Carbon)
Pure Carbohydrate / Grain Waste (90%+ Rice/Bread),4.51,77.91,2.69,256.4,1.46,Organic Soil Conditioner (High Carbon)
"High-Vegetable / Market Scraps (40% Veg, 40% Rice, 20% Fruit)",1.41,82.98,1.46,144.0,0.38,High Nitrogen & Fiber (N-Rich)
"Standard PH Household Waste (74% Rice, 11% Meat, 10% Veg)",2.57,76.41,3.23,182.2,0.9,Balanced Organic (High C / Moderate K)
"High-Protein / Meat Scraps (40% Meat, 45% Rice, 15% Veg)",3.21,72.53,2.86,199.8,1.29,High Phosphorus & Nitrogen (P-N Rich)
"Standard PH Household Waste (74% Rice, 11% Meat, 10% Veg)",3.01,74.04,3.26,194.9,1.15,Balanced Organic (High C / Moderate K)
"Standard PH Household Waste (74% Rice, 11% Meat, 10% Veg)",1.78,72.6,3.29,149.7,0.73,Balanced Organic (High C / Moderate K)
"Standard PH Household Waste (74% Rice, 11% Meat, 10% Veg)",4.44,75.29,2.2,248.2,1.6,Balanced Organic (High C / Moderate K)
"Standard PH Household Waste (74% Rice, 11% Meat, 10% Veg)",3.71,77.12,3.39,225.1,1.25,Balanced Organic (High C / Moderate K)
"High-Protein / Meat Scraps (40% Meat, 45% Rice, 15% Veg)",4.35,65.53,2.22,224.8,2.18,High Phosphorus & Nitrogen (P-N Rich)
"High-Vegetable / Market Scraps (40% Veg, 40% Rice, 20% Fruit)",4.44,86.57,1.52,272.2,0.88,High Nitrogen & Fiber (N-Rich)
"Standard PH Household Waste (74% Rice, 11% Meat, 10% Veg)",3.99,73.99,2.41,229.7,1.52,Balanced Organic (High C / Moderate K)
"Standard PH Household Waste (74% Rice, 11% Meat, 10% Veg)",2.76,75.86,3.34,188.3,0.98,Balanced Organic (High C / Moderate K)
Pure Carbohydrate / Grain Waste (90%+ Rice/Bread),3.44,75.62,3.26,212.8,1.23,Organic Soil Conditioner (High Carbon)
"Standard PH Household Waste (74% Rice, 11% Meat, 10% Veg)",1.64,81.88,2.48,152.4,0.46,Balanced Organic (High C / Moderate K)
"Standard PH Household Waste (74% Rice, 11% Meat, 10% Veg)",3.69,72.58,2.1,216.6,1.48,Balanced Organic (High C / Moderate K)
"Standard PH Household Waste (74% Rice, 11% Meat, 10% Veg)",1.72,76.36,1.9,150.8,0.61,Balanced Organic (High C / Moderate K)
"High-Protein / Meat Scraps (40% Meat, 45% Rice, 15% Veg)",3.78,75.42,2.72,224.6,1.36,High Phosphorus & Nitrogen (P-N Rich)
"High-Vegetable / Market Scraps (40% Veg, 40% Rice, 20% Fruit)",1.92,80.68,1.67,162.2,0.56,High Nitrogen & Fiber (N-Rich)
"Standard PH Household Waste (74% Rice, 11% Meat, 10% Veg)",1.47,79.21,3.39,143.8,0.47,Balanced Organic (High C / Moderate K)
"Standard PH Household Waste (74% Rice, 11% Meat, 10% Veg)",1.66,80.82,2.58,152.3,0.49,Balanced Organic (High C / Moderate K)
"High-Vegetable / Market Scraps (40% Veg, 40% Rice, 20% Fruit)",1.01,85.75,1.65,129.4,0.24,High Nitrogen & Fiber (N-Rich)
"High-Vegetable / Market Scraps (40% Veg, 40% Rice, 20% Fruit)",3.87,83.53,1.29,243.2,0.95,High Nitrogen & Fiber (N-Rich)
"Standard PH Household Waste (74% Rice, 11% Meat, 10% Veg)",3.93,73.26,2.61,226.1,1.53,Balanced Organic (High C / Moderate K)
Pure Carbohydrate / Grain Waste (90%+ Rice/Bread),3.06,70.69,2.05,191.7,1.31,Organic Soil Conditioner (High Carbon)
"Standard PH Household Waste (74% Rice, 11% Meat, 10% Veg)",1.65,79.23,1.66,150.5,0.52,Balanced Organic (High C / Moderate K)
"Standard PH Household Waste (74% Rice, 11% Meat, 10% Veg)",1.33,77.95,2.62,137.8,0.45,Balanced Organic (High C / Moderate K)
Pure Carbohydrate / Grain Waste (90%+ Rice/Bread),1.08,77.69,3.21,128.0,0.38,Organic Soil Conditioner (High Carbon)
"Standard PH Household Waste (74% Rice, 11% Meat, 10% Veg)",1.66,72.64,2.65,145.9,0.68,Balanced Organic (High C / Moderate K)
"High-Vegetable / Market Scraps (40% Veg, 40% Rice, 20% Fruit)",4.56,86.41,2.0,277.2,0.92,High Nitrogen & Fiber (N-Rich)
"Standard PH Household Waste (74% Rice, 11% Meat, 10% Veg)",1.97,76.3,2.21,159.9,0.7,Balanced Organic (High C / Moderate K)
"Standard PH Household Waste (74% Rice, 11% Meat, 10% Veg)",2.42,81.07,1.96,181.9,0.69,Balanced Organic (High C / Moderate K)
Pure Carbohydrate / Grain Waste (90%+ Rice/Bread),1.42,74.15,3.01,138.5,0.56,Organic Soil Conditioner (High Carbon)
"Standard PH Household Waste (74% Rice, 11% Meat, 10% Veg)",1.89,72.41,2.26,153.5,0.78,Balanced Organic (High C / Moderate K)
"High-Protein / Meat Scraps (40% Meat, 45% Rice, 15% Veg)",3.08,67.92,2.62,188.2,1.44,High Phosphorus & Nitrogen (P-N Rich)
"Standard PH Household Waste (74% Rice, 11% Meat, 10% Veg)",3.43,81.49,2.11,222.1,0.94,Balanced Organic (High C / Moderate K)
"Standard PH Household Waste (74% Rice, 11% Meat, 10% Veg)",1.98,80.11,1.71,164.1,0.6,Balanced Organic (High C / Moderate K)
"Standard PH Household Waste (74% Rice, 11% Meat, 10% Veg)",1.23,77.38,1.73,133.6,0.43,Balanced Organic (High C / Moderate K)
"High-Vegetable / Market Scraps (40% Veg, 40% Rice, 20% Fruit)",2.56,87.34,1.81,195.4,0.5,High Nitrogen & Fiber (N-Rich)
"Standard PH Household Waste (74% Rice, 11% Meat, 10% Veg)",1.94,78.58,3.17,160.9,0.63,Balanced Organic (High C / Moderate K)
"High-Protein / Meat Scraps (40% Meat, 45% Rice, 15% Veg)",1.88,72.12,2.96,152.9,0.78,High Phosphorus & Nitrogen (P-N Rich)
"Standard PH Household Waste (74% Rice, 11% Meat, 10% Veg)",4.84,79.14,3.36,271.7,1.48,Balanced Organic (High C / Moderate K)
Pure Carbohydrate / Grain Waste (90%+ Rice/Bread),3.47,73.17,2.29,209.6,1.36,Organic Soil Conditioner (High Carbon)
"Standard PH Household Waste (74% Rice, 11% Meat, 10% Veg)",3.23,77.28,1.84,207.6,1.08,Balanced Organic (High C / Moderate K)
"High-Protein / Meat Scraps (40% Meat, 45% Rice, 15% Veg)",2.66,71.52,2.38,179.3,1.12,High Phosphorus & Nitrogen (P-N Rich)
"High-Protein / Meat Scraps (40% Meat, 45% Rice, 15% Veg)",2.72,71.85,1.81,181.5,1.13,High Phosphorus & Nitrogen (P-N Rich)
"High-Protein / Meat Scraps (40% Meat, 45% Rice, 15% Veg)",3.16,67.14,2.39,189.8,1.52,High Phosphorus & Nitrogen (P-N Rich)
"High-Protein / Meat Scraps (40% Meat, 45% Rice, 15% Veg)",3.79,75.46,2.26,225.0,1.36,High Phosphorus & Nitrogen (P-N Rich)
"High-Protein / Meat Scraps (40% Meat, 45% Rice, 15% Veg)",3.81,69.67,2.66,215.2,1.68,High Phosphorus & Nitrogen (P-N Rich)
"High-Vegetable / Market Scraps (40% Veg, 40% Rice, 20% Fruit)",1.69,84.04,1.44,155.9,0.42,High Nitrogen & Fiber (N-Rich)
"Standard PH Household Waste (74% Rice, 11% Meat, 10% Veg)",3.0,76.11,2.01,197.5,1.06,Balanced Organic (High C / Moderate K)
"Standard PH Household Waste (74% Rice, 11% Meat, 10% Veg)",2.65,81.66,1.85,191.7,0.73,Balanced Organic (High C / Moderate K)
Pure Carbohydrate / Grain Waste (90%+ Rice/Bread),4.48,71.72,2.06,242.2,1.84,Organic Soil Conditioner (High Carbon)
"High-Vegetable / Market Scraps (40% Veg, 40% Rice, 20% Fruit)",3.53,80.22,1.82,223.6,1.03,High Nitrogen & Fiber (N-Rich)
"High-Protein / Meat Scraps (40% Meat, 45% Rice, 15% Veg)",3.13,67.21,1.9,188.9,1.5,High Phosphorus & Nitrogen (P-N Rich)
"Standard PH Household Waste (74% Rice, 11% Meat, 10% Veg)",1.46,76.74,1.62,141.7,0.52,Balanced Organic (High C / Moderate K)
"Standard PH Household Waste (74% Rice, 11% Meat, 10% Veg)",3.42,72.85,3.13,207.6,1.36,Balanced Organic (High C / Moderate K)
"Standard PH Household Waste (74% Rice, 11% Meat, 10% Veg)",1.47,79.71,3.34,144.1,0.46,Balanced Organic (High C / Moderate K)
"High-Vegetable / Market Scraps (40% Veg, 40% Rice, 20% Fruit)",2.35,86.55,1.75,185.5,0.49,High Nitrogen & Fiber (N-Rich)
"Standard PH Household Waste (74% Rice, 11% Meat, 10% Veg)",1.57,72.52,3.09,142.6,0.65,Balanced Organic (High C / Moderate K)
"Standard PH Household Waste (74% Rice, 11% Meat, 10% Veg)",3.77,80.46,3.12,233.4,1.09,Balanced Organic (High C / Moderate K)
"Standard PH Household Waste (74% Rice, 11% Meat, 10% Veg)",1.83,77.08,2.04,155.4,0.63,Balanced Organic (High C / Moderate K)
"Standard PH Household Waste (74% Rice, 11% Meat, 10% Veg)",2.57,80.45,2.98,187.0,0.75,Balanced Organic (High C / Moderate K)
"High-Vegetable / Market Scraps (40% Veg, 40% Rice, 20% Fruit)",4.58,87.81,1.32,281.0,0.83,High Nitrogen & Fiber (N-Rich)
"Standard PH Household Waste (74% Rice, 11% Meat, 10% Veg)",1.82,74.26,2.0,152.7,0.7,Balanced Organic (High C / Moderate K)
"High-Protein / Meat Scraps (40% Meat, 45% Rice, 15% Veg)",3.03,73.72,2.02,195.1,1.17,High Phosphorus & Nitrogen (P-N Rich)
"Standard PH Household Waste (74% Rice, 11% Meat, 10% Veg)",2.68,72.67,3.5,181.3,1.08,Balanced Organic (High C / Moderate K)
"Standard PH Household Waste (74% Rice, 11% Meat, 10% Veg)",1.07,72.25,3.19,125.1,0.46,Balanced Organic (High C / Moderate K)
"Standard PH Household Waste (74% Rice, 11% Meat, 10% Veg)",4.17,75.65,3.2,239.3,1.48,Balanced Organic (High C / Moderate K)
"Standard PH Household Waste (74% Rice, 11% Meat, 10% Veg)",1.28,77.55,3.31,135.4,0.44,Balanced Organic (High C / Moderate K)
"Standard PH Household Waste (74% Rice, 11% Meat, 10% Veg)",2.9,81.26,1.62,200.9,0.81,Balanced Organic (High C / Moderate K)
"Standard PH Household Waste (74% Rice, 11% Meat, 10% Veg)",3.24,72.75,2.08,201.1,1.3,Balanced Organic (High C / Moderate K)
"High-Vegetable / Market Scraps (40% Veg, 40% Rice, 20% Fruit)",3.51,84.69,1.91,230.7,0.8,High Nitrogen & Fiber (N-Rich)
"Standard PH Household Waste (74% Rice, 11% Meat, 10% Veg)",3.75,76.6,2.75,225.9,1.29,Balanced Organic (High C / Moderate K)
"High-Vegetable / Market Scraps (40% Veg, 40% Rice, 20% Fruit)",2.01,79.88,1.84,165.1,0.61,High Nitrogen & Fiber (N-Rich)
"High-Protein / Meat Scraps (40% Meat, 45% Rice, 15% Veg)",1.04,75.64,2.12,125.6,0.4,High Phosphorus & Nitrogen (P-N Rich)
"High-Protein / Meat Scraps (40% Meat, 45% Rice, 15% Veg)",3.89,70.44,1.9,219.5,1.68,High Phosphorus & Nitrogen (P-N Rich)
"Standard PH Household Waste (74% Rice, 11% Meat, 10% Veg)",3.14,77.59,2.56,204.9,1.04,Balanced Organic (High C / Moderate K)
"Standard PH Household Waste (74% Rice, 11% Meat, 10% Veg)",4.34,73.44,2.44,241.0,1.68,Balanced Organic (High C / Moderate K)
"Standard PH Household Waste (74% Rice, 11% Meat, 10% Veg)",4.29,75.34,2.59,242.9,1.54,Balanced Organic (High C / Moderate K)
"Standard PH Household Waste (74% Rice, 11% Meat, 10% Veg)",4.37,77.86,1.62,251.3,1.42,Balanced Organic (High C / Moderate K)
Pure Carbohydrate / Grain Waste (90%+ Rice/Bread),2.94,75.61,3.78,194.6,1.06,Organic Soil Conditioner (High Carbon)
"Standard PH Household Waste (74% Rice, 11% Meat, 10% Veg)",2.33,75.66,1.7,172.7,0.85,Balanced Organic (High C / Moderate K)
"Standard PH Household Waste (74% Rice, 11% Meat, 10% Veg)",4.17,79.55,3.41,247.0,1.25,Balanced Organic (High C / Moderate K)
"High-Vegetable / Market Scraps (40% Veg, 40% Rice, 20% Fruit)",2.81,80.4,1.46,196.1,0.82,High Nitrogen & Fiber (N-Rich)
"High-Vegetable / Market Scraps (40% Veg, 40% Rice, 20% Fruit)",1.73,79.84,1.66,154.3,0.53,High Nitrogen & Fiber (N-Rich)
"High-Vegetable / Market Scraps (40% Veg, 40% Rice, 20% Fruit)",4.42,79.55,1.48,256.6,1.33,High Nitrogen & Fiber (N-Rich)
"Standard PH Household Waste (74% Rice, 11% Meat, 10% Veg)",4.53,78.97,2.66,259.6,1.39,Balanced Organic (High C / Moderate K)
"Standard PH Household Waste (74% Rice, 11% Meat, 10% Veg)",2.87,75.86,2.4,192.2,1.02,Balanced Organic (High C / Moderate K)
"Standard PH Household Waste (74% Rice, 11% Meat, 10% Veg)",1.3,77.62,1.61,136.4,0.45,Balanced Organic (High C / Moderate K)
"Standard PH Household Waste (74% Rice, 11% Meat, 10% Veg)",2.55,72.79,3.27,177.0,1.03,Balanced Organic (High C / Moderate K)
"Standard PH Household Waste (74% Rice, 11% Meat, 10% Veg)",4.21,72.78,2.94,235.1,1.67,Balanced Organic (High C / Moderate K)
"Standard PH Household Waste (74% Rice, 11% Meat, 10% Veg)",4.61,81.2,2.11,267.4,1.27,Balanced Organic (High C / Moderate K)
"Standard PH Household Waste (74% Rice, 11% Meat, 10% Veg)",1.81,75.7,2.68,153.8,0.66,Balanced Organic (High C / Moderate K)
"Standard PH Household Waste (74% Rice, 11% Meat, 10% Veg)",1.27,80.82,3.39,137.1,0.38,Balanced Organic (High C / Moderate K)
"Standard PH Household Waste (74% Rice, 11% Meat, 10% Veg)",4.51,79.4,1.76,259.7,1.36,Balanced Organic (High C / Moderate K)
"High-Vegetable / Market Scraps (40% Veg, 40% Rice, 20% Fruit)",2.56,84.69,1.53,191.8,0.59,High Nitrogen & Fiber (N-Rich)
"High-Vegetable / Market Scraps (40% Veg, 40% Rice, 20% Fruit)",3.17,82.71,1.24,213.6,0.82,High Nitrogen & Fiber (N-Rich)
"High-Protein / Meat Scraps (40% Meat, 45% Rice, 15% Veg)",4.87,67.1,2.75,244.8,2.32,High Phosphorus & Nitrogen (P-N Rich)
"Standard PH Household Waste (74% Rice, 11% Meat, 10% Veg)",1.27,76.54,2.17,134.4,0.46,Balanced Organic (High C / Moderate K)
"Standard PH Household Waste (74% Rice, 11% Meat, 10% Veg)",3.59,75.84,3.22,218.7,1.27,Balanced Organic (High C / Moderate K)
"Standard PH Household Waste (74% Rice, 11% Meat, 10% Veg)",1.3,79.49,2.12,137.3,0.41,Balanced Organic (High C / Moderate K)
"High-Vegetable / Market Scraps (40% Veg, 40% Rice, 20% Fruit)",2.5,79.18,1.4,183.0,0.78,High Nitrogen & Fiber (N-Rich)
"High-Vegetable / Market Scraps (40% Veg, 40% Rice, 20% Fruit)",4.22,87.21,1.67,264.3,0.8,High Nitrogen & Fiber (N-Rich)
"Standard PH Household Waste (74% Rice, 11% Meat, 10% Veg)",2.73,77.33,2.73,189.4,0.92,Balanced Organic (High C / Moderate K)
Pure Carbohydrate / Grain Waste (90%+ Rice/Bread),4.99,71.66,4.02,259.5,2.05,Organic Soil Conditioner (High Carbon)
"Standard PH Household Waste (74% Rice, 11% Meat, 10% Veg)",3.24,77.23,1.82,207.8,1.09,Balanced Organic (High C / Moderate K)
"Standard PH Household Waste (74% Rice, 11% Meat, 10% Veg)",2.28,73.29,2.62,168.2,0.91,Balanced Organic (High C / Moderate K)
"High-Vegetable / Market Scraps (40% Veg, 40% Rice, 20% Fruit)",1.88,87.37,1.45,166.7,0.37,High Nitrogen & Fiber (N-Rich)
"High-Protein / Meat Scraps (40% Meat, 45% Rice, 15% Veg)",2.4,74.56,2.72,173.8,0.91,High Phosphorus & Nitrogen (P-N Rich)
"High-Vegetable / Market Scraps (40% Veg, 40% Rice, 20% Fruit)",2.49,80.48,1.23,184.1,0.73,High Nitrogen & Fiber (N-Rich)
"High-Protein / Meat Scraps (40% Meat, 45% Rice, 15% Veg)",1.27,66.12,2.67,128.3,0.65,High Phosphorus & Nitrogen (P-N Rich)
"Standard PH Household Waste (74% Rice, 11% Meat, 10% Veg)",2.48,74.0,2.31,175.9,0.95,Balanced Organic (High C / Moderate K)
"High-Protein / Meat Scraps (40% Meat, 45% Rice, 15% Veg)",2.86,70.52,2.67,184.6,1.24,High Phosphorus & Nitrogen (P-N Rich)
"Standard PH Household Waste (74% Rice, 11% Meat, 10% Veg)",3.89,73.13,2.37,224.5,1.53,Balanced Organic (High C / Moderate K)
"High-Protein / Meat Scraps (40% Meat, 45% Rice, 15% Veg)",3.63,70.34,2.45,210.3,1.57,High Phosphorus & Nitrogen (P-N Rich)
"Standard PH Household Waste (74% Rice, 11% Meat, 10% Veg)",3.84,80.18,1.93,235.5,1.12,Balanced Organic (High C / Moderate K)
"High-Protein / Meat Scraps (40% Meat, 45% Rice, 15% Veg)",1.03,73.89,2.63,124.5,0.42,High Phosphorus & Nitrogen (P-N Rich)
"Standard PH Household Waste (74% Rice, 11% Meat, 10% Veg)",1.87,77.56,2.93,157.5,0.63,Balanced Organic (High C / Moderate K)
"High-Vegetable / Market Scraps (40% Veg, 40% Rice, 20% Fruit)",3.65,82.12,1.31,231.6,0.97,High Nitrogen & Fiber (N-Rich)
"Standard PH Household Waste (74% Rice, 11% Meat, 10% Veg)",2.94,78.66,2.6,198.7,0.93,Balanced Organic (High C / Moderate K)
"High-Vegetable / Market Scraps (40% Veg, 40% Rice, 20% Fruit)",1.02,84.39,1.47,129.2,0.26,High Nitrogen & Fiber (N-Rich)
"Standard PH Household Waste (74% Rice, 11% Meat, 10% Veg)",4.22,81.07,2.72,252.0,1.17,Balanced Organic (High C / Moderate K)
"Standard PH Household Waste (74% Rice, 11% Meat, 10% Veg)",4.09,72.85,2.45,230.9,1.62,Balanced Organic (High C / Moderate K)
"Standard PH Household Waste (74% Rice, 11% Meat, 10% Veg)",3.19,79.56,3.11,209.8,0.97,Balanced Organic (High C / Moderate K)
"Standard PH Household Waste (74% Rice, 11% Meat, 10% Veg)",1.27,76.95,3.3,134.6,0.45,Balanced Organic (High C / Moderate K)
"High-Protein / Meat Scraps (40% Meat, 45% Rice, 15% Veg)",4.07,67.94,2.29,220.5,1.9,High Phosphorus & Nitrogen (P-N Rich)
"Standard PH Household Waste (74% Rice, 11% Meat, 10% Veg)",3.33,80.99,3.3,217.5,0.94,Balanced Organic (High C / Moderate K)
Pure Carbohydrate / Grain Waste (90%+ Rice/Bread),4.13,74.86,4.15,236.2,1.52,Organic Soil Conditioner (High Carbon)
"Standard PH Household Waste (74% Rice, 11% Meat, 10% Veg)",4.01,72.89,3.24,228.1,1.59,Balanced Organic (High C / Moderate K)
"Standard PH Household Waste (74% Rice, 11% Meat, 10% Veg)",4.21,75.21,1.94,239.9,1.53,Balanced Organic (High C / Moderate K)
"High-Protein / Meat Scraps (40% Meat, 45% Rice, 15% Veg)",3.07,67.63,2.3,187.6,1.45,High Phosphorus & Nitrogen (P-N Rich)
"High-Vegetable / Market Scraps (40% Veg, 40% Rice, 20% Fruit)",1.56,80.51,1.46,148.2,0.47,High Nitrogen & Fiber (N-Rich)
"Standard PH Household Waste (74% Rice, 11% Meat, 10% Veg)",3.68,73.35,2.16,217.6,1.44,Balanced Organic (High C / Moderate K)
"High-Vegetable / Market Scraps (40% Veg, 40% Rice, 20% Fruit)",3.48,83.72,1.55,227.8,0.84,High Nitrogen & Fiber (N-Rich)
"High-Vegetable / Market Scraps (40% Veg, 40% Rice, 20% Fruit)",3.97,81.47,1.8,243.1,1.08,High Nitrogen & Fiber (N-Rich)
"Standard PH Household Waste (74% Rice, 11% Meat, 10% Veg)",1.68,80.94,3.04,153.1,0.49,Balanced Organic (High C / Moderate K)
Pure Carbohydrate / Grain Waste (90%+ Rice/Bread),1.78,71.32,3.86,148.8,0.76,Organic Soil Conditioner (High Carbon)
Pure Carbohydrate / Grain Waste (90%+ Rice/Bread),4.56,69.52,2.33,240.1,2.02,Organic Soil Conditioner (High Carbon)
"High-Vegetable / Market Scraps (40% Veg, 40% Rice, 20% Fruit)",4.0,81.46,1.85,244.3,1.09,High Nitrogen & Fiber (N-Rich)
"Standard PH Household Waste (74% Rice, 11% Meat, 10% Veg)",4.63,74.46,1.72,253.5,1.72,Balanced Organic (High C / Moderate K)
"High-Vegetable / Market Scraps (40% Veg, 40% Rice, 20% Fruit)",4.03,79.32,1.89,241.5,1.23,High Nitrogen & Fiber (N-Rich)
"Standard PH Household Waste (74% Rice, 11% Meat, 10% Veg)",3.39,78.34,2.08,215.3,1.08,Balanced Organic (High C / Moderate K)
"Standard PH Household Waste (74% Rice, 11% Meat, 10% Veg)",3.62,77.55,2.6,222.5,1.19,Balanced Organic (High C / Moderate K)
"Standard PH Household Waste (74% Rice, 11% Meat, 10% Veg)",4.56,78.55,2.04,259.7,1.43,Balanced Organic (High C / Moderate K)
"Standard PH Household Waste (74% Rice, 11% Meat, 10% Veg)",3.32,80.64,2.19,216.2,0.95,Balanced Organic (High C / Moderate K)
"High-Protein / Meat Scraps (40% Meat, 45% Rice, 15% Veg)",3.53,72.64,1.82,210.9,1.41,High Phosphorus & Nitrogen (P-N Rich)
"High-Vegetable / Market Scraps (40% Veg, 40% Rice, 20% Fruit)",1.63,81.73,1.48,151.7,0.46,High Nitrogen & Fiber (N-Rich)
"High-Vegetable / Market Scraps (40% Veg, 40% Rice, 20% Fruit)",2.9,83.43,1.26,203.8,0.72,High Nitrogen & Fiber (N-Rich)
"Standard PH Household Waste (74% Rice, 11% Meat, 10% Veg)",3.87,79.9,2.01,236.1,1.14,Balanced Organic (High C / Moderate K)
"Standard PH Household Waste (74% Rice, 11% Meat, 10% Veg)",2.08,78.77,3.13,166.7,0.67,Balanced Organic (High C / Moderate K)
"Standard PH Household Waste (74% Rice, 11% Meat, 10% Veg)",1.81,77.62,3.01,155.3,0.61,Balanced Organic (High C / Moderate K)
Pure Carbohydrate / Grain Waste (90%+ Rice/Bread),2.26,74.62,2.89,168.7,0.85,Organic Soil Conditioner (High Carbon)
"Standard PH Household Waste (74% Rice, 11% Meat, 10% Veg)",1.97,80.09,2.16,163.5,0.59,Balanced Organic (High C / Moderate K)
"High-Protein / Meat Scraps (40% Meat, 45% Rice, 15% Veg)",1.86,71.28,2.69,151.5,0.8,High Phosphorus & Nitrogen (P-N Rich)
"High-Vegetable / Market Scraps (40% Veg, 40% Rice, 20% Fruit)",2.7,81.79,1.44,193.9,0.74,High Nitrogen & Fiber (N-Rich)
"Standard PH Household Waste (74% Rice, 11% Meat, 10% Veg)",4.63,76.59,3.15,258.1,1.58,Balanced Organic (High C / Moderate K)
"High-Vegetable / Market Scraps (40% Veg, 40% Rice, 20% Fruit)",3.03,87.3,1.64,214.8,0.58,High Nitrogen & Fiber (N-Rich)
"Standard PH Household Waste (74% Rice, 11% Meat, 10% Veg)",1.75,78.61,3.32,154.0,0.57,Balanced Organic (High C / Moderate K)
"High-Protein / Meat Scraps (40% Meat, 45% Rice, 15% Veg)",1.31,66.08,2.08,129.4,0.67,High Phosphorus & Nitrogen (P-N Rich)
Pure Carbohydrate / Grain Waste (90%+ Rice/Bread),3.78,75.09,4.06,224.3,1.38,Organic Soil Conditioner (High Carbon)
"Standard PH Household Waste (74% Rice, 11% Meat, 10% Veg)",2.53,80.57,2.39,185.8,0.74,Balanced Organic (High C / Moderate K)
"Standard PH Household Waste (74% Rice, 11% Meat, 10% Veg)",4.29,72.89,2.43,237.9,1.69,Balanced Organic (High C / Moderate K)
"High-Vegetable / Market Scraps (40% Veg, 40% Rice, 20% Fruit)",3.64,80.31,1.43,228.1,1.06,High Nitrogen & Fiber (N-Rich)
Pure Carbohydrate / Grain Waste (90%+ Rice/Bread),4.18,75.72,2.19,240.0,1.49,Organic Soil Conditioner (High Carbon)
"Standard PH Household Waste (74% Rice, 11% Meat, 10% Veg)",2.09,80.28,2.41,168.3,0.62,Balanced Organic (High C / Moderate K)
"High-Vegetable / Market Scraps (40% Veg, 40% Rice, 20% Fruit)",3.77,83.96,1.27,239.8,0.9,High Nitrogen & Fiber (N-Rich)
"High-Vegetable / Market Scraps (40% Veg, 40% Rice, 20% Fruit)",2.06,81.37,1.27,168.2,0.58,High Nitrogen & Fiber (N-Rich)
"High-Vegetable / Market Scraps (40% Veg, 40% Rice, 20% Fruit)",4.76,87.62,1.85,287.9,0.88,High Nitrogen & Fiber (N-Rich)
"Standard PH Household Waste (74% Rice, 11% Meat, 10% Veg)",3.55,76.6,2.02,218.2,1.22,Balanced Organic (High C / Moderate K)
"High-Vegetable / Market Scraps (40% Veg, 40% Rice, 20% Fruit)",2.3,87.33,1.48,184.2,0.45,High Nitrogen & Fiber (N-Rich)
Pure Carbohydrate / Grain Waste (90%+ Rice/Bread),2.08,69.61,3.41,157.3,0.94,Organic Soil Conditioner (High Carbon)
"Standard PH Household Waste (74% Rice, 11% Meat, 10% Veg)",1.76,81.44,1.61,156.8,0.5,Balanced Organic (High C / Moderate K)
"Standard PH Household Waste (74% Rice, 11% Meat, 10% Veg)",3.78,74.38,3.38,222.8,1.42,Balanced Organic (High C / Moderate K)
Pure Carbohydrate / Grain Waste (90%+ Rice/Bread),1.87,69.71,2.28,150.6,0.85,Organic Soil Conditioner (High Carbon)
"Standard PH Household Waste (74% Rice, 11% Meat, 10% Veg)",3.38,77.7,3.24,214.0,1.11,Balanced Organic (High C / Moderate K)
"High-Protein / Meat Scraps (40% Meat, 45% Rice, 15% Veg)",2.06,70.25,2.99,157.3,0.91,High Phosphorus & Nitrogen (P-N Rich)
"Standard PH Household Waste (74% Rice, 11% Meat, 10% Veg)",3.65,78.79,1.74,225.8,1.14,Balanced Organic (High C / Moderate K)
"Standard PH Household Waste (74% Rice, 11% Meat, 10% Veg)",4.26,81.93,2.37,255.4,1.13,Balanced Organic (High C / Moderate K)
"High-Protein / Meat Scraps (40% Meat, 45% Rice, 15% Veg)",4.11,68.16,2.47,222.4,1.9,High Phosphorus & Nitrogen (P-N Rich)
"Standard PH Household Waste (74% Rice, 11% Meat, 10% Veg)",4.04,75.04,1.76,233.5,1.48,Balanced Organic (High C / Moderate K)
"Standard PH Household Waste (74% Rice, 11% Meat, 10% Veg)",1.75,72.01,2.45,148.4,0.73,Balanced Organic (High C / Moderate K)
"Standard PH Household Waste (74% Rice, 11% Meat, 10% Veg)",1.35,80.37,2.69,140.1,0.41,Balanced Organic (High C / Moderate K)
"High-Vegetable / Market Scraps (40% Veg, 40% Rice, 20% Fruit)",3.8,87.99,1.43,248.2,0.69,High Nitrogen & Fiber (N-Rich)
"Standard PH Household Waste (74% Rice, 11% Meat, 10% Veg)",2.47,74.8,1.9,176.7,0.92,Balanced Organic (High C / Moderate K)
"Standard PH Household Waste (74% Rice, 11% Meat, 10% Veg)",2.73,73.64,2.14,184.4,1.06,Balanced Organic (High C / Moderate K)
Pure Carbohydrate / Grain Waste (90%+ Rice/Bread),1.12,75.93,4.26,128.9,0.42,Organic Soil Conditioner (High Carbon)
"Standard PH Household Waste (74% Rice, 11% Meat, 10% Veg)",2.04,81.75,2.04,167.9,0.57,Balanced Organic (High C / Moderate K)
"High-Vegetable / Market Scraps (40% Veg, 40% Rice, 20% Fruit)",1.13,86.81,1.46,135.2,0.25,High Nitrogen & Fiber (N-Rich)
"Standard PH Household Waste (74% Rice, 11% Meat, 10% Veg)",4.52,73.13,3.25,246.4,1.77,Balanced Organic (High C / Moderate K)
"High-Protein / Meat Scraps (40% Meat, 45% Rice, 15% Veg)",1.97,72.0,2.0,156.1,0.82,High Phosphorus & Nitrogen (P-N Rich)
"Standard PH Household Waste (74% Rice, 11% Meat, 10% Veg)",3.23,76.3,2.15,206.1,1.13,Balanced Organic (High C / Moderate K)
Pure Carbohydrate / Grain Waste (90%+ Rice/Bread),1.16,75.37,3.13,129.7,0.44,Organic Soil Conditioner (High Carbon)
"Standard PH Household Waste (74% Rice, 11% Meat, 10% Veg)",3.67,81.89,1.7,232.0,0.98,Balanced Organic (High C / Moderate K)
"Standard PH Household Waste (74% Rice, 11% Meat, 10% Veg)",2.29,75.55,2.52,171.0,0.83,Balanced Organic (High C / Moderate K)
"Standard PH Household Waste (74% Rice, 11% Meat, 10% Veg)",4.59,77.03,2.2,257.7,1.54,Balanced Organic (High C / Moderate K)
"Standard PH Household Waste (74% Rice, 11% Meat, 10% Veg)",4.55,79.29,3.26,261.1,1.38,Balanced Organic (High C / Moderate K)
"Standard PH Household Waste (74% Rice, 11% Meat, 10% Veg)",2.3,81.39,3.13,177.8,0.65,Balanced Organic (High C / Moderate K)
"Standard PH Household Waste (74% Rice, 11% Meat, 10% Veg)",4.6,80.51,2.65,265.8,1.32,Balanced Organic (High C / Moderate K)
"High-Protein / Meat Scraps (40% Meat, 45% Rice, 15% Veg)",4.98,74.08,2.16,265.1,1.88,High Phosphorus & Nitrogen (P-N Rich)
"Standard PH Household Waste (74% Rice, 11% Meat, 10% Veg)",4.3,75.98,2.2,244.8,1.51,Balanced Organic (High C / Moderate K)
"Standard PH Household Waste (74% Rice, 11% Meat, 10% Veg)",4.38,76.67,2.14,249.0,1.49,Balanced Organic (High C / Moderate K)
"High-Vegetable / Market Scraps (40% Veg, 40% Rice, 20% Fruit)",2.0,87.62,1.45,171.8,0.39,High Nitrogen & Fiber (N-Rich)
"High-Vegetable / Market Scraps (40% Veg, 40% Rice, 20% Fruit)",3.31,78.98,1.62,213.2,1.03,High Nitrogen & Fiber (N-Rich)
"Standard PH Household Waste (74% Rice, 11% Meat, 10% Veg)",1.27,72.57,1.81,132.1,0.53,Balanced Organic (High C / Moderate K)
"Standard PH Household Waste (74% Rice, 11% Meat, 10% Veg)",1.38,74.19,2.48,137.0,0.54,Balanced Organic (High C / Moderate K)
"Standard PH Household Waste (74% Rice, 11% Meat, 10% Veg)",5.0,76.33,3.12,270.9,1.72,Balanced Organic (High C / Moderate K)
"High-Vegetable / Market Scraps (40% Veg, 40% Rice, 20% Fruit)",2.31,85.39,1.54,182.4,0.52,High Nitrogen & Fiber (N-Rich)
"High-Vegetable / Market Scraps (40% Veg, 40% Rice, 20% Fruit)",3.99,81.34,1.45,243.8,1.1,High Nitrogen & Fiber (N-Rich)
"Standard PH Household Waste (74% Rice, 11% Meat, 10% Veg)",4.23,79.74,1.7,249.7,1.26,Balanced Organic (High C / Moderate K)
"High-Protein / Meat Scraps (40% Meat, 45% Rice, 15% Veg)",4.43,65.14,2.75,226.5,2.24,High Phosphorus & Nitrogen (P-N Rich)
"High-Protein / Meat Scraps (40% Meat, 45% Rice, 15% Veg)",4.99,70.25,1.96,256.2,2.15,High Phosphorus & Nitrogen (P-N Rich)
"High-Vegetable / Market Scraps (40% Veg, 40% Rice, 20% Fruit)",1.97,80.36,1.95,163.7,0.59,High Nitrogen & Fiber (N-Rich)
"High-Protein / Meat Scraps (40% Meat, 45% Rice, 15% Veg)",1.16,74.45,2.65,129.4,0.46,High Phosphorus & Nitrogen (P-N Rich)
"Standard PH Household Waste (74% Rice, 11% Meat, 10% Veg)",2.64,76.82,2.59,185.4,0.91,Balanced Organic (High C / Moderate K)
"Standard PH Household Waste (74% Rice, 11% Meat, 10% Veg)",1.52,81.75,3.43,147.5,0.43,Balanced Organic (High C / Moderate K)
"Standard PH Household Waste (74% Rice, 11% Meat, 10% Veg)",1.09,74.15,3.14,126.7,0.44,Balanced Organic (High C / Moderate K)
"Standard PH Household Waste (74% Rice, 11% Meat, 10% Veg)",2.44,73.97,2.01,174.6,0.94,Balanced Organic (High C / Moderate K)
"Standard PH Household Waste (74% Rice, 11% Meat, 10% Veg)",4.13,78.76,2.37,244.2,1.29,Balanced Organic (High C / Moderate K)
Pure Carbohydrate / Grain Waste (90%+ Rice/Bread),3.26,77.32,2.22,209.0,1.09,Organic Soil Conditioner (High Carbon)
"Standard PH Household Waste (74% Rice, 11% Meat, 10% Veg)",2.25,77.12,3.35,171.2,0.77,Balanced Organic (High C / Moderate K)
"Standard PH Household Waste (74% Rice, 11% Meat, 10% Veg)",3.62,81.04,1.9,228.6,1.01,Balanced Organic (High C / Moderate K)
"Standard PH Household Waste (74% Rice, 11% Meat, 10% Veg)",1.93,75.67,2.78,157.9,0.7,Balanced Organic (High C / Moderate K)
Pure Carbohydrate / Grain Waste (90%+ Rice/Bread),1.06,69.59,4.42,123.2,0.49,Organic Soil Conditioner (High Carbon)
"Standard PH Household Waste (74% Rice, 11% Meat, 10% Veg)",4.06,81.15,1.92,245.9,1.13,Balanced Organic (High C / Moderate K)
"Standard PH Household Waste (74% Rice, 11% Meat, 10% Veg)",3.49,73.21,1.76,210.7,1.37,Balanced Organic (High C / Moderate K)
"Standard PH Household Waste (74% Rice, 11% Meat, 10% Veg)",4.05,81.09,1.97,245.5,1.13,Balanced Organic (High C / Moderate K)
"Standard PH Household Waste (74% Rice, 11% Meat, 10% Veg)",1.16,76.16,2.45,130.1,0.43,Balanced Organic (High C / Moderate K)
Pure Carbohydrate / Grain Waste (90%+ Rice/Bread),4.35,73.99,2.18,242.3,1.65,Organic Soil Conditioner (High Carbon)
Pure Carbohydrate / Grain Waste (90%+ Rice/Bread),3.48,70.27,4.33,205.2,1.51,Organic Soil Conditioner (High Carbon)
"Standard PH Household Waste (74% Rice, 11% Meat, 10% Veg)",3.25,81.08,3.08,214.5,0.91,Balanced Organic (High C / Moderate K)
Pure Carbohydrate / Grain Waste (90%+ Rice/Bread),3.5,68.19,2.82,202.4,1.62,Organic Soil Conditioner (High Carbon)
"High-Vegetable / Market Scraps (40% Veg, 40% Rice, 20% Fruit)",4.46,84.28,1.42,268.2,1.03,High Nitrogen & Fiber (N-Rich)
"High-Protein / Meat Scraps (40% Meat, 45% Rice, 15% Veg)",3.35,75.01,2.56,208.4,1.23,High Phosphorus & Nitrogen (P-N Rich)
"Standard PH Household Waste (74% Rice, 11% Meat, 10% Veg)",3.32,72.72,3.33,203.9,1.33,Balanced Organic (High C / Moderate K)
"Standard PH Household Waste (74% Rice, 11% Meat, 10% Veg)",4.96,81.58,1.75,282.2,1.34,Balanced Organic (High C / Moderate K)
"Standard PH Household Waste (74% Rice, 11% Meat, 10% Veg)",4.03,77.32,2.18,237.3,1.34,Balanced Organic (High C / Moderate K)
"High-Vegetable / Market Scraps (40% Veg, 40% Rice, 20% Fruit)",2.77,81.93,1.34,196.8,0.75,High Nitrogen & Fiber (N-Rich)
"Standard PH Household Waste (74% Rice, 11% Meat, 10% Veg)",3.83,77.78,3.42,230.9,1.25,Balanced Organic (High C / Moderate K)
"Standard PH Household Waste (74% Rice, 11% Meat, 10% Veg)",2.56,77.03,1.76,182.4,0.87,Balanced Organic (High C / Moderate K)
"Standard PH Household Waste (74% Rice, 11% Meat, 10% Veg)",1.92,78.2,2.25,159.8,0.63,Balanced Organic (High C / Moderate K)
"High-Vegetable / Market Scraps (40% Veg, 40% Rice, 20% Fruit)",3.39,86.56,1.55,228.6,0.68,High Nitrogen & Fiber (N-Rich)
"Standard PH Household Waste (74% Rice, 11% Meat, 10% Veg)",4.71,73.93,1.96,255.1,1.79,Balanced Organic (High C / Moderate K)
"High-Vegetable / Market Scraps (40% Veg, 40% Rice, 20% Fruit)",4.72,85.69,1.41,281.9,1.0,High Nitrogen & Fiber (N-Rich)
Pure Carbohydrate / Grain Waste (90%+ Rice/Bread),2.37,75.67,2.51,173.9,0.86,Organic Soil Conditioner (High Carbon)
"Standard PH Household Waste (74% Rice, 11% Meat, 10% Veg)",3.11,75.22,2.48,200.2,1.14,Balanced Organic (High C / Moderate K)
"High-Vegetable / Market Scraps (40% Veg, 40% Rice, 20% Fruit)",1.85,87.43,1.95,165.4,0.37,High Nitrogen & Fiber (N-Rich)
"Standard PH Household Waste (74% Rice, 11% Meat, 10% Veg)",4.98,74.07,2.28,265.0,1.88,Balanced Organic (High C / Moderate K)
"High-Protein / Meat Scraps (40% Meat, 45% Rice, 15% Veg)",4.92,66.64,2.41,245.4,2.38,High Phosphorus & Nitrogen (P-N Rich)
"Standard PH Household Waste (74% Rice, 11% Meat, 10% Veg)",3.6,76.61,3.31,220.2,1.24,Balanced Organic (High C / Moderate K)
"High-Vegetable / Market Scraps (40% Veg, 40% Rice, 20% Fruit)",4.22,87.3,1.51,264.6,0.8,High Nitrogen & Fiber (N-Rich)
"High-Protein / Meat Scraps (40% Meat, 45% Rice, 15% Veg)",3.86,70.41,2.88,218.3,1.67,High Phosphorus & Nitrogen (P-N Rich)
Pure Carbohydrate / Grain Waste (90%+ Rice/Bread),3.37,76.07,2.01,211.0,1.19,Organic Soil Conditioner (High Carbon)
"High-Vegetable / Market Scraps (40% Veg, 40% Rice, 20% Fruit)",1.21,81.2,1.54,135.2,0.36,High Nitrogen & Fiber (N-Rich)
"Standard PH Household Waste (74% Rice, 11% Meat, 10% Veg)",2.82,74.3,1.98,188.4,1.07,Balanced Organic (High C / Moderate K)
"High-Vegetable / Market Scraps (40% Veg, 40% Rice, 20% Fruit)",3.7,78.38,1.71,227.0,1.18,High Nitrogen & Fiber (N-Rich)
"High-Protein / Meat Scraps (40% Meat, 45% Rice, 15% Veg)",3.71,67.89,1.86,208.8,1.74,High Phosphorus & Nitrogen (P-N Rich)
"High-Vegetable / Market Scraps (40% Veg, 40% Rice, 20% Fruit)",2.49,80.31,1.84,184.0,0.73,High Nitrogen & Fiber (N-Rich)
"Standard PH Household Waste (74% Rice, 11% Meat, 10% Veg)",4.77,80.51,2.52,272.1,1.36,Balanced Organic (High C / Moderate K)
Pure Carbohydrate / Grain Waste (90%+ Rice/Bread),1.67,72.16,4.44,145.7,0.7,Organic Soil Conditioner (High Carbon)
"High-Vegetable / Market Scraps (40% Veg, 40% Rice, 20% Fruit)",3.0,80.01,1.37,203.1,0.89,High Nitrogen & Fiber (N-Rich)
"High-Vegetable / Market Scraps (40% Veg, 40% Rice, 20% Fruit)",3.76,80.92,1.34,234.1,1.06,High Nitrogen & Fiber (N-Rich)
"Standard PH Household Waste (74% Rice, 11% Meat, 10% Veg)",3.79,75.79,3.33,225.7,1.34,Balanced Organic (High C / Moderate K)
"High-Vegetable / Market Scraps (40% Veg, 40% Rice, 20% Fruit)",3.59,84.15,1.53,233.1,0.85,High Nitrogen & Fiber (N-Rich)
"Standard PH Household Waste (74% Rice, 11% Meat, 10% Veg)",2.1,81.34,1.69,169.9,0.59,Balanced Organic (High C / Moderate K)
"High-Vegetable / Market Scraps (40% Veg, 40% Rice, 20% Fruit)",1.62,80.1,1.65,150.3,0.5,High Nitrogen & Fiber (N-Rich)
"Standard PH Household Waste (74% Rice, 11% Meat, 10% Veg)",3.54,78.16,1.68,220.8,1.14,Balanced Organic (High C / Moderate K)
"High-Vegetable / Market Scraps (40% Veg, 40% Rice, 20% Fruit)",3.4,82.03,1.72,221.6,0.91,High Nitrogen & Fiber (N-Rich)
Pure Carbohydrate / Grain Waste (90%+ Rice/Bread),1.72,74.98,3.6,149.7,0.65,Organic Soil Conditioner (High Carbon)
"Standard PH Household Waste (74% Rice, 11% Meat, 10% Veg)",3.82,75.21,1.78,225.8,1.39,Balanced Organic (High C / Moderate K)
Pure Carbohydrate / Grain Waste (90%+ Rice/Bread),2.82,72.27,2.32,185.7,1.15,Organic Soil Conditioner (High Carbon)
"Standard PH Household Waste (74% Rice, 11% Meat, 10% Veg)",3.67,81.48,2.5,231.5,1.01,Balanced Organic (High C / Moderate K)
"High-Protein / Meat Scraps (40% Meat, 45% Rice, 15% Veg)",4.35,68.49,2.72,230.9,1.99,High Phosphorus & Nitrogen (P-N Rich)
"High-Protein / Meat Scraps (40% Meat, 45% Rice, 15% Veg)",1.68,70.48,2.17,144.7,0.74,High Phosphorus & Nitrogen (P-N Rich)
"High-Vegetable / Market Scraps (40% Veg, 40% Rice, 20% Fruit)",1.08,86.12,1.89,132.4,0.25,High Nitrogen & Fiber (N-Rich)
"High-Vegetable / Market Scraps (40% Veg, 40% Rice, 20% Fruit)",4.12,84.73,1.24,255.3,0.93,High Nitrogen & Fiber (N-Rich)
"High-Protein / Meat Scraps (40% Meat, 45% Rice, 15% Veg)",3.44,71.23,2.72,205.5,1.45,High Phosphorus & Nitrogen (P-N Rich)
"Standard PH Household Waste (74% Rice, 11% Meat, 10% Veg)",3.8,73.37,2.03,221.7,1.48,Balanced Organic (High C / Moderate K)
"Standard PH Household Waste (74% Rice, 11% Meat, 10% Veg)",4.35,80.82,1.64,256.7,1.23,Balanced Organic (High C / Moderate K)
"High-Vegetable / Market Scraps (40% Veg, 40% Rice, 20% Fruit)",4.21,85.53,1.58,260.8,0.9,High Nitrogen & Fiber (N-Rich)
"High-Protein / Meat Scraps (40% Meat, 45% Rice, 15% Veg)",4.84,69.91,1.81,250.4,2.12,High Phosphorus & Nitrogen (P-N Rich)
"High-Protein / Meat Scraps (40% Meat, 45% Rice, 15% Veg)",3.14,74.01,2.23,199.6,1.2,High Phosphorus & Nitrogen (P-N Rich)
"High-Protein / Meat Scraps (40% Meat, 45% Rice, 15% Veg)",2.95,70.95,2.61,188.5,1.26,High Phosphorus & Nitrogen (P-N Rich)
"Standard PH Household Waste (74% Rice, 11% Meat, 10% Veg)",2.61,79.03,3.42,186.8,0.81,Balanced Organic (High C / Moderate K)
"High-Protein / Meat Scraps (40% Meat, 45% Rice, 15% Veg)",1.61,70.84,2.28,142.8,0.71,High Phosphorus & Nitrogen (P-N Rich)
"Standard PH Household Waste (74% Rice, 11% Meat, 10% Veg)",3.29,81.54,2.82,216.7,0.9,Balanced Organic (High C / Moderate K)
"Standard PH Household Waste (74% Rice, 11% Meat, 10% Veg)",2.11,74.98,1.84,163.7,0.79,Balanced Organic (High C / Moderate K)
"Standard PH Household Waste (74% Rice, 11% Meat, 10% Veg)",4.69,80.43,2.29,268.8,1.34,Balanced Organic (High C / Moderate K)
"Standard PH Household Waste (74% Rice, 11% Meat, 10% Veg)",3.33,78.6,2.49,213.6,1.05,Balanced Organic (High C / Moderate K)
"Standard PH Household Waste (74% Rice, 11% Meat, 10% Veg)",3.37,73.99,2.74,207.6,1.29,Balanced Organic (High C / Moderate K)
"Standard PH Household Waste (74% Rice, 11% Meat, 10% Veg)",2.42,72.61,2.39,172.2,0.98,Balanced Organic (High C / Moderate K)
"High-Vegetable / Market Scraps (40% Veg, 40% Rice, 20% Fruit)",1.21,83.47,1.55,136.3,0.32,High Nitrogen & Fiber (N-Rich)
"Standard PH Household Waste (74% Rice, 11% Meat, 10% Veg)",1.13,79.49,3.17,130.9,0.36,Balanced Organic (High C / Moderate K)
"Standard PH Household Waste (74% Rice, 11% Meat, 10% Veg)",2.69,79.71,1.67,190.9,0.81,Balanced Organic (High C / Moderate K)
"Standard PH Household Waste (74% Rice, 11% Meat, 10% Veg)",1.34,73.94,2.62,135.4,0.53,Balanced Organic (High C / Moderate K)
"Standard PH Household Waste (74% Rice, 11% Meat, 10% Veg)",3.43,81.35,3.19,221.7,0.95,Balanced Organic (High C / Moderate K)
"Standard PH Household Waste (74% Rice, 11% Meat, 10% Veg)",4.52,80.43,2.18,262.5,1.3,Balanced Organic (High C / Moderate K)
"Standard PH Household Waste (74% Rice, 11% Meat, 10% Veg)",4.53,76.29,2.49,253.8,1.57,Balanced Organic (High C / Moderate K)
"High-Vegetable / Market Scraps (40% Veg, 40% Rice, 20% Fruit)",3.64,79.57,1.22,226.8,1.1,High Nitrogen & Fiber (N-Rich)
"High-Vegetable / Market Scraps (40% Veg, 40% Rice, 20% Fruit)",1.84,87.47,1.39,165.3,0.36,High Nitrogen & Fiber (N-Rich)
"High-Vegetable / Market Scraps (40% Veg, 40% Rice, 20% Fruit)",4.45,80.4,1.27,259.7,1.28,High Nitrogen & Fiber (N-Rich)
"Standard PH Household Waste (74% Rice, 11% Meat, 10% Veg)",4.54,81.29,2.7,265.2,1.25,Balanced Organic (High C / Moderate K)
"Standard PH Household Waste (74% Rice, 11% Meat, 10% Veg)",1.79,78.67,3.33,155.3,0.58,Balanced Organic (High C / Moderate K)
"High-Protein / Meat Scraps (40% Meat, 45% Rice, 15% Veg)",3.95,68.8,2.55,218.3,1.79,High Phosphorus & Nitrogen (P-N Rich)
"Standard PH Household Waste (74% Rice, 11% Meat, 10% Veg)",2.15,72.39,1.95,162.4,0.88,Balanced Organic (High C / Moderate K)
"Standard PH Household Waste (74% Rice, 11% Meat, 10% Veg)",4.21,80.31,3.06,250.2,1.22,Balanced Organic (High C / Moderate K)
"Standard PH Household Waste (74% Rice, 11% Meat, 10% Veg)",4.99,75.51,2.32,268.7,1.78,Balanced Organic (High C / Moderate K)
"Standard PH Household Waste (74% Rice, 11% Meat, 10% Veg)",1.12,77.34,1.6,129.5,0.4,Balanced Organic (High C / Moderate K)
"Standard PH Household Waste (74% Rice, 11% Meat, 10% Veg)",4.59,74.41,2.0,251.8,1.71,Balanced Organic (High C / Moderate K)
"Standard PH Household Waste (74% Rice, 11% Meat, 10% Veg)",3.49,74.5,3.13,212.7,1.31,Balanced Organic (High C / Moderate K)
"High-Vegetable / Market Scraps (40% Veg, 40% Rice, 20% Fruit)",4.89,80.8,1.35,277.7,1.38,High Nitrogen & Fiber (N-Rich)
"Standard PH Household Waste (74% Rice, 11% Meat, 10% Veg)",2.86,77.04,3.24,193.6,0.97,Balanced Organic (High C / Moderate K)
"High-Vegetable / Market Scraps (40% Veg, 40% Rice, 20% Fruit)",4.39,80.41,1.26,257.3,1.26,High Nitrogen & Fiber (N-Rich)
"High-Protein / Meat Scraps (40% Meat, 45% Rice, 15% Veg)",1.25,68.92,2.7,129.2,0.59,High Phosphorus & Nitrogen (P-N Rich)
"High-Protein / Meat Scraps (40% Meat, 45% Rice, 15% Veg)",2.34,71.06,2.78,167.7,1.0,High Phosphorus & Nitrogen (P-N Rich)
"High-Vegetable / Market Scraps (40% Veg, 40% Rice, 20% Fruit)",1.27,87.6,1.83,141.2,0.26,High Nitrogen & Fiber (N-Rich)
Pure Carbohydrate / Grain Waste (90%+ Rice/Bread),4.9,74.04,3.23,262.1,1.85,Organic Soil Conditioner (High Carbon)
"Standard PH Household Waste (74% Rice, 11% Meat, 10% Veg)",4.27,72.4,3.47,236.2,1.72,Balanced Organic (High C / Moderate K)
"Standard PH Household Waste (74% Rice, 11% Meat, 10% Veg)",4.41,75.83,1.89,248.4,1.56,Balanced Organic (High C / Moderate K)
"Standard PH Household Waste (74% Rice, 11% Meat, 10% Veg)",4.75,78.67,2.14,267.3,1.48,Balanced Organic (High C / Moderate K)
"High-Vegetable / Market Scraps (40% Veg, 40% Rice, 20% Fruit)",1.34,83.86,1.67,141.8,0.34,High Nitrogen & Fiber (N-Rich)
"High-Protein / Meat Scraps (40% Meat, 45% Rice, 15% Veg)",2.54,69.9,2.8,173.2,1.13,High Phosphorus & Nitrogen (P-N Rich)
"Standard PH Household Waste (74% Rice, 11% Meat, 10% Veg)",1.28,74.65,2.45,133.9,0.5,Balanced Organic (High C / Moderate K)
Pure Carbohydrate / Grain Waste (90%+ Rice/Bread),1.84,73.38,3.66,152.8,0.73,Organic Soil Conditioner (High Carbon)
"Standard PH Household Waste (74% Rice, 11% Meat, 10% Veg)",1.92,79.84,2.35,161.4,0.59,Balanced Organic (High C / Moderate K)
Pure Carbohydrate / Grain Waste (90%+ Rice/Bread),2.88,74.46,2.38,190.7,1.08,Organic Soil Conditioner (High Carbon)
"Standard PH Household Waste (74% Rice, 11% Meat, 10% Veg)",2.07,81.33,2.33,168.9,0.59,Balanced Organic (High C / Moderate K)
"Standard PH Household Waste (74% Rice, 11% Meat, 10% Veg)",1.4,79.3,1.64,141.3,0.45,Balanced Organic (High C / Moderate K)
"Standard PH Household Waste (74% Rice, 11% Meat, 10% Veg)",1.67,74.05,2.53,147.2,0.65,Balanced Organic (High C / Moderate K)
"Standard PH Household Waste (74% Rice, 11% Meat, 10% Veg)",1.59,80.78,2.6,149.5,0.47,Balanced Organic (High C / Moderate K)
"Standard PH Household Waste (74% Rice, 11% Meat, 10% Veg)",4.89,81.3,2.52,278.8,1.34,Balanced Organic (High C / Moderate K)
"Standard PH Household Waste (74% Rice, 11% Meat, 10% Veg)",4.04,76.9,1.83,236.9,1.37,Balanced Organic (High C / Moderate K)
"High-Protein / Meat Scraps (40% Meat, 45% Rice, 15% Veg)",4.87,73.83,2.1,260.5,1.85,High Phosphorus & Nitrogen (P-N Rich)
"Standard PH Household Waste (74% Rice, 11% Meat, 10% Veg)",2.76,81.0,3.33,195.1,0.78,Balanced Organic (High C / Moderate K)
"Standard PH Household Waste (74% Rice, 11% Meat, 10% Veg)",2.11,81.43,2.59,170.5,0.59,Balanced Organic (High C / Moderate K)
"High-Vegetable / Market Scraps (40% Veg, 40% Rice, 20% Fruit)",4.19,84.77,1.82,258.5,0.95,High Nitrogen & Fiber (N-Rich)
"High-Vegetable / Market Scraps (40% Veg, 40% Rice, 20% Fruit)",2.31,79.31,1.68,175.6,0.72,High Nitrogen & Fiber (N-Rich)
"Standard PH Household Waste (74% Rice, 11% Meat, 10% Veg)",2.2,72.34,2.55,164.2,0.9,Balanced Organic (High C / Moderate K)
"Standard PH Household Waste (74% Rice, 11% Meat, 10% Veg)",1.93,73.55,1.95,156.0,0.76,Balanced Organic (High C / Moderate K)
"Standard PH Household Waste (74% Rice, 11% Meat, 10% Veg)",1.52,75.65,2.42,143.0,0.56,Balanced Organic (High C / Moderate K)
"Standard PH Household Waste (74% Rice, 11% Meat, 10% Veg)",2.03,78.23,1.74,163.9,0.66,Balanced Organic (High C / Moderate K)
"High-Vegetable / Market Scraps (40% Veg, 40% Rice, 20% Fruit)",2.42,83.04,1.35,184.4,0.62,High Nitrogen & Fiber (N-Rich)
"Standard PH Household Waste (74% Rice, 11% Meat, 10% Veg)",3.7,77.74,2.81,225.8,1.21,Balanced Organic (High C / Moderate K)
"Standard PH Household Waste (74% Rice, 11% Meat, 10% Veg)",1.25,77.57,3.0,134.4,0.43,Balanced Organic (High C / Moderate K)
"High-Vegetable / Market Scraps (40% Veg, 40% Rice, 20% Fruit)",1.84,81.36,1.81,159.8,0.52,High Nitrogen & Fiber (N-Rich)
"Standard PH Household Waste (74% Rice, 11% Meat, 10% Veg)",4.24,76.33,2.52,243.1,1.47,Balanced Organic (High C / Moderate K)
"High-Vegetable / Market Scraps (40% Veg, 40% Rice, 20% Fruit)",1.59,84.48,1.21,152.3,0.39,High Nitrogen & Fiber (N-Rich)
"Standard PH Household Waste (74% Rice, 11% Meat, 10% Veg)",2.37,78.54,2.78,177.2,0.76,Balanced Organic (High C / Moderate K)
Pure Carbohydrate / Grain Waste (90%+ Rice/Bread),4.46,71.1,2.21,240.0,1.87,Organic Soil Conditioner (High Carbon)
"Standard PH Household Waste (74% Rice, 11% Meat, 10% Veg)",1.62,72.91,3.35,144.6,0.66,Balanced Organic (High C / Moderate K)
"High-Protein / Meat Scraps (40% Meat, 45% Rice, 15% Veg)",1.33,72.58,1.95,134.2,0.56,High Phosphorus & Nitrogen (P-N Rich)
"High-Vegetable / Market Scraps (40% Veg, 40% Rice, 20% Fruit)",2.94,81.57,1.67,202.9,0.81,High Nitrogen & Fiber (N-Rich)
"Standard PH Household Waste (74% Rice, 11% Meat, 10% Veg)",2.21,80.36,1.68,173.1,0.65,Balanced Organic (High C / Moderate K)
"High-Vegetable / Market Scraps (40% Veg, 40% Rice, 20% Fruit)",3.25,80.37,1.91,213.4,0.95,High Nitrogen & Fiber (N-Rich)
Pure Carbohydrate / Grain Waste (90%+ Rice/Bread),4.22,68.09,2.5,225.6,1.96,Organic Soil Conditioner (High Carbon)
"High-Vegetable / Market Scraps (40% Veg, 40% Rice, 20% Fruit)",1.55,87.59,1.69,153.0,0.31,High Nitrogen & Fiber (N-Rich)
"High-Protein / Meat Scraps (40% Meat, 45% Rice, 15% Veg)",3.32,67.88,1.88,196.1,1.56,High Phosphorus & Nitrogen (P-N Rich)
"High-Protein / Meat Scraps (40% Meat, 45% Rice, 15% Veg)",3.02,65.31,2.09,182.6,1.53,High Phosphorus & Nitrogen (P-N Rich)
"Standard PH Household Waste (74% Rice, 11% Meat, 10% Veg)",1.58,80.81,2.39,149.0,0.47,Balanced Organic (High C / Moderate K)
"Standard PH Household Waste (74% Rice, 11% Meat, 10% Veg)",3.5,79.2,3.34,220.8,1.07,Balanced Organic (High C / Moderate K)
"High-Vegetable / Market Scraps (40% Veg, 40% Rice, 20% Fruit)",2.09,82.08,1.35,170.4,0.57,High Nitrogen & Fiber (N-Rich)
"Standard PH Household Waste (74% Rice, 11% Meat, 10% Veg)",2.95,77.17,3.33,197.2,1.0,Balanced Organic (High C / Moderate K)
"High-Protein / Meat Scraps (40% Meat, 45% Rice, 15% Veg)",1.33,73.85,1.88,135.0,0.53,High Phosphorus & Nitrogen (P-N Rich)
Pure Carbohydrate / Grain Waste (90%+ Rice/Bread),2.84,74.93,3.43,190.0,1.05,Organic Soil Conditioner (High Carbon)
"Standard PH Household Waste (74% Rice, 11% Meat, 10% Veg)",2.23,81.07,1.83,174.5,0.64,Balanced Organic (High C / Moderate K)
"Standard PH Household Waste (74% Rice, 11% Meat, 10% Veg)",4.29,77.34,3.27,247.1,1.42,Balanced Organic (High C / Moderate K)
"High-Protein / Meat Scraps (40% Meat, 45% Rice, 15% Veg)",1.23,69.51,2.38,128.8,0.57,High Phosphorus & Nitrogen (P-N Rich)
"Standard PH Household Waste (74% Rice, 11% Meat, 10% Veg)",2.67,72.7,2.13,181.2,1.08,Balanced Organic (High C / Moderate K)
"High-Protein / Meat Scraps (40% Meat, 45% Rice, 15% Veg)",2.83,68.57,2.93,181.1,1.31,High Phosphorus & Nitrogen (P-N Rich)
"Standard PH Household Waste (74% Rice, 11% Meat, 10% Veg)",3.9,74.83,2.48,228.0,1.44,Balanced Organic (High C / Moderate K)
"High-Vegetable / Market Scraps (40% Veg, 40% Rice, 20% Fruit)",3.3,84.71,1.33,221.9,0.75,High Nitrogen & Fiber (N-Rich)
"Standard PH Household Waste (74% Rice, 11% Meat, 10% Veg)",3.67,76.86,3.0,223.2,1.25,Balanced Organic (High C / Moderate K)
"High-Vegetable / Market Scraps (40% Veg, 40% Rice, 20% Fruit)",4.11,86.67,1.7,258.8,0.82,High Nitrogen & Fiber (N-Rich)
"Standard PH Household Waste (74% Rice, 11% Meat, 10% Veg)",4.45,78.69,1.84,255.9,1.39,Balanced Organic (High C / Moderate K)
"High-Vegetable / Market Scraps (40% Veg, 40% Rice, 20% Fruit)",2.26,87.46,1.31,182.6,0.44,High Nitrogen & Fiber (N-Rich)
"Standard PH Household Waste (74% Rice, 11% Meat, 10% Veg)",3.15,79.75,2.1,208.5,0.95,Balanced Organic (High C / Moderate K)
"High-Vegetable / Market Scraps (40% Veg, 40% Rice, 20% Fruit)",4.36,87.34,1.78,270.7,0.82,High Nitrogen & Fiber (N-Rich)
"High-Protein / Meat Scraps (40% Meat, 45% Rice, 15% Veg)",4.96,73.29,2.06,262.3,1.93,High Phosphorus & Nitrogen (P-N Rich)
"Standard PH Household Waste (74% Rice, 11% Meat, 10% Veg)",4.56,76.43,2.77,255.1,1.57,Balanced Organic (High C / Moderate K)
"Standard PH Household Waste (74% Rice, 11% Meat, 10% Veg)",2.49,79.7,1.8,183.0,0.75,Balanced Organic (High C / Moderate K)
"Standard PH Household Waste (74% Rice, 11% Meat, 10% Veg)",1.78,81.62,3.29,157.6,0.5,Balanced Organic (High C / Moderate K)
"High-Vegetable / Market Scraps (40% Veg, 40% Rice, 20% Fruit)",2.96,80.7,1.86,202.4,0.85,High Nitrogen & Fiber (N-Rich)
"High-Vegetable / Market Scraps (40% Veg, 40% Rice, 20% Fruit)",3.97,83.18,1.57,246.2,0.99,High Nitrogen & Fiber (N-Rich)
"Standard PH Household Waste (74% Rice, 11% Meat, 10% Veg)",2.97,75.14,2.7,195.0,1.09,Balanced Organic (High C / Moderate K)
"Standard PH Household Waste (74% Rice, 11% Meat, 10% Veg)",2.93,79.3,2.38,199.5,0.9,Balanced Organic (High C / Moderate K)
"Standard PH Household Waste (74% Rice, 11% Meat, 10% Veg)",4.35,78.29,2.93,251.5,1.38,Balanced Organic (High C / Moderate K)
"High-Vegetable / Market Scraps (40% Veg, 40% Rice, 20% Fruit)",2.45,85.11,1.24,187.8,0.55,High Nitrogen & Fiber (N-Rich)
"Standard PH Household Waste (74% Rice, 11% Meat, 10% Veg)",4.44,80.6,2.47,259.6,1.26,Balanced Organic (High C / Moderate K)
Pure Carbohydrate / Grain Waste (90%+ Rice/Bread),2.63,70.62,2.6,176.9,1.14,Organic Soil Conditioner (High Carbon)
"Standard PH Household Waste (74% Rice, 11% Meat, 10% Veg)",2.31,76.83,3.28,173.2,0.8,Balanced Organic (High C / Moderate K)
"High-Vegetable / Market Scraps (40% Veg, 40% Rice, 20% Fruit)",2.82,81.78,1.8,198.4,0.77,High Nitrogen & Fiber (N-Rich)
"Standard PH Household Waste (74% Rice, 11% Meat, 10% Veg)",4.05,72.97,2.5,229.7,1.6,Balanced Organic (High C / Moderate K)
"Standard PH Household Waste (74% Rice, 11% Meat, 10% Veg)",1.5,81.92,3.06,147.0,0.42,Balanced Organic (High C / Moderate K)
"High-Vegetable / Market Scraps (40% Veg, 40% Rice, 20% Fruit)",1.79,80.11,1.6,156.5,0.54,High Nitrogen & Fiber (N-Rich)
"High-Vegetable / Market Scraps (40% Veg, 40% Rice, 20% Fruit)",4.81,80.34,1.53,273.2,1.38,High Nitrogen & Fiber (N-Rich)
Pure Carbohydrate / Grain Waste (90%+ Rice/Bread),1.7,75.8,3.93,149.8,0.62,Organic Soil Conditioner (High Carbon)
"Standard PH Household Waste (74% Rice, 11% Meat, 10% Veg)",3.27,74.28,3.35,204.5,1.24,Balanced Organic (High C / Moderate K)
"Standard PH Household Waste (74% Rice, 11% Meat, 10% Veg)",3.32,77.93,2.32,212.0,1.08,Balanced Organic (High C / Moderate K)
"High-Vegetable / Market Scraps (40% Veg, 40% Rice, 20% Fruit)",2.96,83.02,1.68,205.8,0.75,High Nitrogen & Fiber (N-Rich)
"High-Vegetable / Market Scraps (40% Veg, 40% Rice, 20% Fruit)",3.58,83.6,1.59,231.5,0.87,High Nitrogen & Fiber (N-Rich)
"Standard PH Household Waste (74% Rice, 11% Meat, 10% Veg)",1.92,77.05,1.94,158.9,0.66,Balanced Organic (High C / Moderate K)
"Standard PH Household Waste (74% Rice, 11% Meat, 10% Veg)",3.21,80.13,2.63,211.4,0.95,Balanced Organic (High C / Moderate K)
"Standard PH Household Waste (74% Rice, 11% Meat, 10% Veg)",2.49,73.31,3.06,175.5,0.98,Balanced Organic (High C / Moderate K)
"High-Protein / Meat Scraps (40% Meat, 45% Rice, 15% Veg)",3.65,75.26,2.94,219.6,1.32,High Phosphorus & Nitrogen (P-N Rich)
"Standard PH Household Waste (74% Rice, 11% Meat, 10% Veg)",1.56,75.69,1.86,144.7,0.58,Balanced Organic (High C / Moderate K)
"Standard PH Household Waste (74% Rice, 11% Meat, 10% Veg)",3.28,77.18,1.81,209.5,1.1,Balanced Organic (High C / Moderate K)
"Standard PH Household Waste (74% Rice, 11% Meat, 10% Veg)",1.74,81.34,1.95,155.9,0.5,Balanced Organic (High C / Moderate K)
"Standard PH Household Waste (74% Rice, 11% Meat, 10% Veg)",2.11,74.53,2.37,163.5,0.8,Balanced Organic (High C / Moderate K)
"Standard PH Household Waste (74% Rice, 11% Meat, 10% Veg)",1.87,75.83,3.11,156.1,0.68,Balanced Organic (High C / Moderate K)
"Standard PH Household Waste (74% Rice, 11% Meat, 10% Veg)",1.73,76.56,1.92,151.5,0.61,Balanced Organic (High C / Moderate K)
"Standard PH Household Waste (74% Rice, 11% Meat, 10% Veg)",4.3,74.67,2.57,242.1,1.59,Balanced Organic (High C / Moderate K)
"High-Protein / Meat Scraps (40% Meat, 45% Rice, 15% Veg)",2.14,66.62,2.53,156.4,1.06,High Phosphorus & Nitrogen (P-N Rich)
"Standard PH Household Waste (74% Rice, 11% Meat, 10% Veg)",4.71,77.66,2.96,263.4,1.54,Balanced Organic (High C / Moderate K)
"Standard PH Household Waste (74% Rice, 11% Meat, 10% Veg)",4.88,81.38,3.33,278.5,1.33,Balanced Organic (High C / Moderate K)
"High-Protein / Meat Scraps (40% Meat, 45% Rice, 15% Veg)",3.29,75.41,2.09,206.8,1.19,High Phosphorus & Nitrogen (P-N Rich)
"High-Vegetable / Market Scraps (40% Veg, 40% Rice, 20% Fruit)",1.57,79.32,1.44,147.7,0.5,High Nitrogen & Fiber (N-Rich)
"Standard PH Household Waste (74% Rice, 11% Meat, 10% Veg)",2.5,80.95,3.45,184.9,0.71,Balanced Organic (High C / Moderate K)
"Standard PH Household Waste (74% Rice, 11% Meat, 10% Veg)",4.19,80.59,1.81,250.0,1.2,Balanced Organic (High C / Moderate K)
"Standard PH Household Waste (74% Rice, 11% Meat, 10% Veg)",2.47,81.47,2.4,184.5,0.69,Balanced Organic (High C / Moderate K)
"High-Vegetable / Market Scraps (40% Veg, 40% Rice, 20% Fruit)",1.35,78.09,1.55,138.4,0.46,High Nitrogen & Fiber (N-Rich)
Pure Carbohydrate / Grain Waste (90%+ Rice/Bread),3.23,68.46,3.36,193.9,1.49,Organic Soil Conditioner (High Carbon)
"High-Vegetable / Market Scraps (40% Veg, 40% Rice, 20% Fruit)",4.38,81.39,1.58,259.0,1.2,High Nitrogen & Fiber (N-Rich)
"High-Vegetable / Market Scraps (40% Veg, 40% Rice, 20% Fruit)",4.18,84.13,1.9,256.8,0.98,High Nitrogen & Fiber (N-Rich)
"High-Vegetable / Market Scraps (40% Veg, 40% Rice, 20% Fruit)",1.7,84.62,1.55,156.9,0.41,High Nitrogen & Fiber (N-Rich)
"Standard PH Household Waste (74% Rice, 11% Meat, 10% Veg)",3.69,80.19,3.32,229.9,1.08,Balanced Organic (High C / Moderate K)
"Standard PH Household Waste (74% Rice, 11% Meat, 10% Veg)",1.88,73.2,2.61,154.0,0.75,Balanced Organic (High C / Moderate K)
"High-Vegetable / Market Scraps (40% Veg, 40% Rice, 20% Fruit)",1.87,80.85,1.24,160.6,0.55,High Nitrogen & Fiber (N-Rich)
Pure Carbohydrate / Grain Waste (90%+ Rice/Bread),4.5,74.69,4.16,249.1,1.66,Organic Soil Conditioner (High Carbon)
"Standard PH Household Waste (74% Rice, 11% Meat, 10% Veg)",2.0,73.63,3.14,158.5,0.79,Balanced Organic (High C / Moderate K)
"High-Vegetable / Market Scraps (40% Veg, 40% Rice, 20% Fruit)",2.05,86.53,1.93,173.1,0.43,High Nitrogen & Fiber (N-Rich)
"Standard PH Household Waste (74% Rice, 11% Meat, 10% Veg)",1.0,74.65,3.32,123.8,0.4,Balanced Organic (High C / Moderate K)
"Standard PH Household Waste (74% Rice, 11% Meat, 10% Veg)",4.48,75.21,2.65,249.7,1.62,Balanced Organic (High C / Moderate K)
"Standard PH Household Waste (74% Rice, 11% Meat, 10% Veg)",4.17,72.51,1.68,233.0,1.67,Balanced Organic (High C / Moderate K)
"Standard PH Household Waste (74% Rice, 11% Meat, 10% Veg)",3.51,79.2,2.44,221.3,1.08,Balanced Organic (High C / Moderate K)
"High-Protein / Meat Scraps (40% Meat, 45% Rice, 15% Veg)",4.0,67.82,2.03,218.1,1.87,High Phosphorus & Nitrogen (P-N Rich)
"Standard PH Household Waste (74% Rice, 11% Meat, 10% Veg)",1.61,78.7,1.6,148.6,0.52,Balanced Organic (High C / Moderate K)
"High-Vegetable / Market Scraps (40% Veg, 40% Rice, 20% Fruit)",2.83,86.06,1.26,204.9,0.6,High Nitrogen & Fiber (N-Rich)
"High-Protein / Meat Scraps (40% Meat, 45% Rice, 15% Veg)",2.4,67.11,2.26,165.3,1.16,High Phosphorus & Nitrogen (P-N Rich)
Pure Carbohydrate / Grain Waste (90%+ Rice/Bread),1.38,72.85,2.89,136.0,0.57,Organic Soil Conditioner (High Carbon)
"Standard PH Household Waste (74% Rice, 11% Meat, 10% Veg)",2.94,75.21,3.43,194.2,1.08,Balanced Organic (High C / Moderate K)
"Standard PH Household Waste (74% Rice, 11% Meat, 10% Veg)",4.68,78.42,1.64,264.2,1.48,Balanced Organic (High C / Moderate K)
"Standard PH Household Waste (74% Rice, 11% Meat, 10% Veg)",1.16,76.3,3.26,130.4,0.43,Balanced Organic (High C / Moderate K)
Pure Carbohydrate / Grain Waste (90%+ Rice/Bread),2.17,71.01,2.24,161.7,0.93,Organic Soil Conditioner (High Carbon)
Pure Carbohydrate / Grain Waste (90%+ Rice/Bread),1.83,75.58,3.52,154.3,0.67,Organic Soil Conditioner (High Carbon)
"Standard PH Household Waste (74% Rice, 11% Meat, 10% Veg)",1.95,77.7,1.7,160.7,0.66,Balanced Organic (High C / Moderate K)
"High-Protein / Meat Scraps (40% Meat, 45% Rice, 15% Veg)",4.63,66.55,2.55,235.9,2.25,High Phosphorus & Nitrogen (P-N Rich)
"Standard PH Household Waste (74% Rice, 11% Meat, 10% Veg)",2.87,74.08,2.56,190.0,1.1,Balanced Organic (High C / Moderate K)
"High-Vegetable / Market Scraps (40% Veg, 40% Rice, 20% Fruit)",2.87,83.45,1.43,202.6,0.71,High Nitrogen & Fiber (N-Rich)
"Standard PH Household Waste (74% Rice, 11% Meat, 10% Veg)",4.04,81.48,3.2,246.0,1.1,Balanced Organic (High C / Moderate K)
"High-Protein / Meat Scraps (40% Meat, 45% Rice, 15% Veg)",1.62,72.95,1.89,144.5,0.66,High Phosphorus & Nitrogen (P-N Rich)
"Standard PH Household Waste (74% Rice, 11% Meat, 10% Veg)",2.95,73.06,2.54,191.3,1.17,Balanced Organic (High C / Moderate K)
"High-Protein / Meat Scraps (40% Meat, 45% Rice, 15% Veg)",2.72,66.77,2.97,175.0,1.33,High Phosphorus & Nitrogen (P-N Rich)
"High-Protein / Meat Scraps (40% Meat, 45% Rice, 15% Veg)",3.39,66.74,2.38,196.4,1.64,High Phosphorus & Nitrogen (P-N Rich)
"High-Vegetable / Market Scraps (40% Veg, 40% Rice, 20% Fruit)",5.0,81.64,1.71,283.7,1.34,High Nitrogen & Fiber (N-Rich)
"Standard PH Household Waste (74% Rice, 11% Meat, 10% Veg)",4.08,73.29,2.42,231.3,1.59,Balanced Organic (High C / Moderate K)
"Standard PH Household Waste (74% Rice, 11% Meat, 10% Veg)",2.59,74.75,3.29,180.9,0.97,Balanced Organic (High C / Moderate K)
"Standard PH Household Waste (74% Rice, 11% Meat, 10% Veg)",4.31,72.41,3.34,237.7,1.73,Balanced Organic (High C / Moderate K)
"Standard PH Household Waste (74% Rice, 11% Meat, 10% Veg)",1.68,80.33,2.17,152.8,0.51,Balanced Organic (High C / Moderate K)
"Standard PH Household Waste (74% Rice, 11% Meat, 10% Veg)",1.12,79.89,1.66,130.9,0.36,Balanced Organic (High C / Moderate K)
Pure Carbohydrate / Grain Waste (90%+ Rice/Bread),1.82,77.67,3.32,155.6,0.61,Organic Soil Conditioner (High Carbon)
"High-Vegetable / Market Scraps (40% Veg, 40% Rice, 20% Fruit)",2.36,81.03,1.49,179.7,0.67,High Nitrogen & Fiber (N-Rich)
"Standard PH Household Waste (74% Rice, 11% Meat, 10% Veg)",3.04,72.66,3.48,194.0,1.22,Balanced Organic (High C / Moderate K)
"Standard PH Household Waste (74% Rice, 11% Meat, 10% Veg)",3.46,72.39,2.84,208.1,1.4,Balanced Organic (High C / Moderate K)
"Standard PH Household Waste (74% Rice, 11% Meat, 10% Veg)",4.64,76.43,3.4,258.2,1.6,Balanced Organic (High C / Moderate K)
"High-Vegetable / Market Scraps (40% Veg, 40% Rice, 20% Fruit)",3.04,80.46,1.63,205.3,0.88,High Nitrogen & Fiber (N-Rich)
"Standard PH Household Waste (74% Rice, 11% Meat, 10% Veg)",3.01,76.82,2.94,198.7,1.03,Balanced Organic (High C / Moderate K)
Pure Carbohydrate / Grain Waste (90%+ Rice/Bread),1.2,68.68,2.48,127.5,0.57,Organic Soil Conditioner (High Carbon)
"Standard PH Household Waste (74% Rice, 11% Meat, 10% Veg)",1.14,74.15,3.0,128.4,0.45,Balanced Organic (High C / Moderate K)
Pure Carbohydrate / Grain Waste (90%+ Rice/Bread),3.2,69.89,3.43,195.4,1.41,Organic Soil Conditioner (High Carbon)
"High-Protein / Meat Scraps (40% Meat, 45% Rice, 15% Veg)",2.75,67.37,2.83,176.9,1.32,High Phosphorus & Nitrogen (P-N Rich)
"Standard PH Household Waste (74% Rice, 11% Meat, 10% Veg)",4.36,81.42,2.59,258.1,1.19,Balanced Organic (High C / Moderate K)
Pure Carbohydrate / Grain Waste (90%+ Rice/Bread),1.64,71.52,2.59,144.3,0.7,Organic Soil Conditioner (High Carbon)
"Standard PH Household Waste (74% Rice, 11% Meat, 10% Veg)",1.1,72.5,2.11,126.2,0.47,Balanced Organic (High C / Moderate K)
"High-Protein / Meat Scraps (40% Meat, 45% Rice, 15% Veg)",2.8,72.2,2.44,184.8,1.14,High Phosphorus & Nitrogen (P-N Rich)
"Standard PH Household Waste (74% Rice, 11% Meat, 10% Veg)",1.95,81.44,2.35,164.1,0.55,Balanced Organic (High C / Moderate K)
"High-Protein / Meat Scraps (40% Meat, 45% Rice, 15% Veg)",1.2,72.63,2.39,129.7,0.5,High Phosphorus & Nitrogen (P-N Rich)
"High-Protein / Meat Scraps (40% Meat, 45% Rice, 15% Veg)",3.9,70.64,2.12,220.1,1.67,High Phosphorus & Nitrogen (P-N Rich)
"High-Protein / Meat Scraps (40% Meat, 45% Rice, 15% Veg)",1.45,70.0,2.36,136.5,0.65,High Phosphorus & Nitrogen (P-N Rich)
"High-Protein / Meat Scraps (40% Meat, 45% Rice, 15% Veg)",3.43,72.77,2.93,207.8,1.37,High Phosphorus & Nitrogen (P-N Rich)
"Standard PH Household Waste (74% Rice, 11% Meat, 10% Veg)",2.12,75.29,1.68,164.6,0.78,Balanced Organic (High C / Moderate K)
"Standard PH Household Waste (74% Rice, 11% Meat, 10% Veg)",1.69,76.96,2.63,150.5,0.59,Balanced Organic (High C / Moderate K)
"Standard PH Household Waste (74% Rice, 11% Meat, 10% Veg)",2.52,73.68,3.04,177.0,0.98,Balanced Organic (High C / Moderate K)
"Standard PH Household Waste (74% Rice, 11% Meat, 10% Veg)",4.21,81.85,3.4,253.1,1.12,Balanced Organic (High C / Moderate K)
"High-Vegetable / Market Scraps (40% Veg, 40% Rice, 20% Fruit)",2.57,79.97,1.9,186.5,0.77,High Nitrogen & Fiber (N-Rich)
"Standard PH Household Waste (74% Rice, 11% Meat, 10% Veg)",4.0,79.04,2.46,239.8,1.23,Balanced Organic (High C / Moderate K)
Pure Carbohydrate / Grain Waste (90%+ Rice/Bread),1.5,73.41,4.12,140.8,0.6,Organic Soil Conditioner (High Carbon)
"High-Vegetable / Market Scraps (40% Veg, 40% Rice, 20% Fruit)",4.09,82.8,1.5,250.5,1.04,High Nitrogen & Fiber (N-Rich)
"High-Protein / Meat Scraps (40% Meat, 45% Rice, 15% Veg)",1.95,70.43,2.49,153.7,0.86,High Phosphorus & Nitrogen (P-N Rich)
"Standard PH Household Waste (74% Rice, 11% Meat, 10% Veg)",3.71,73.89,3.31,219.4,1.42,Balanced Organic (High C / Moderate K)
"High-Protein / Meat Scraps (40% Meat, 45% Rice, 15% Veg)",3.26,72.42,2.56,201.3,1.32,High Phosphorus & Nitrogen (P-N Rich)
Pure Carbohydrate / Grain Waste (90%+ Rice/Bread),4.72,68.99,3.51,244.1,2.12,Organic Soil Conditioner (High Carbon)
"Standard PH Household Waste (74% Rice, 11% Meat, 10% Veg)",2.55,73.21,1.75,177.5,1.01,Balanced Organic (High C / Moderate K)
"High-Vegetable / Market Scraps (40% Veg, 40% Rice, 20% Fruit)",1.26,83.27,1.52,138.4,0.34,High Nitrogen & Fiber (N-Rich)
"High-Protein / Meat Scraps (40% Meat, 45% Rice, 15% Veg)",1.08,71.48,1.91,124.8,0.47,High Phosphorus & Nitrogen (P-N Rich)
"Standard PH Household Waste (74% Rice, 11% Meat, 10% Veg)",4.31,76.31,1.93,245.7,1.49,Balanced Organic (High C / Moderate K)
"Standard PH Household Waste (74% Rice, 11% Meat, 10% Veg)",3.1,81.87,2.67,209.7,0.84,Balanced Organic (High C / Moderate K)
"Standard PH Household Waste (74% Rice, 11% Meat, 10% Veg)",4.1,78.87,2.22,243.1,1.27,Balanced Organic (High C / Moderate K)
"Standard PH Household Waste (74% Rice, 11% Meat, 10% Veg)",1.94,72.95,3.45,155.7,0.78,Balanced Organic (High C / Moderate K)
"Standard PH Household Waste (74% Rice, 11% Meat, 10% Veg)",2.38,74.86,2.41,173.4,0.89,Balanced Organic (High C / Moderate K)
"Standard PH Household Waste (74% Rice, 11% Meat, 10% Veg)",1.12,78.5,1.65,130.1,0.38,Balanced Organic (High C / Moderate K)
"Standard PH Household Waste (74% Rice, 11% Meat, 10% Veg)",4.85,80.1,2.62,274.2,1.41,Balanced Organic (High C / Moderate K)
"Standard PH Household Waste (74% Rice, 11% Meat, 10% Veg)",3.67,74.78,1.72,219.7,1.36,Balanced Organic (High C / Moderate K)
Pure Carbohydrate / Grain Waste (90%+ Rice/Bread),4.73,69.62,4.24,246.0,2.09,Organic Soil Conditioner (High Carbon)
"Standard PH Household Waste (74% Rice, 11% Meat, 10% Veg)",2.06,78.86,2.07,165.9,0.66,Balanced Organic (High C / Moderate K)
Pure Carbohydrate / Grain Waste (90%+ Rice/Bread),3.45,68.66,3.73,201.4,1.58,Organic Soil Conditioner (High Carbon)
"Standard PH Household Waste (74% Rice, 11% Meat, 10% Veg)",3.71,77.72,2.37,226.4,1.22,Balanced Organic (High C / Moderate K)
"Standard PH Household Waste (74% Rice, 11% Meat, 10% Veg)",2.27,75.64,2.01,170.3,0.82,Balanced Organic (High C / Moderate K)
"Standard PH Household Waste (74% Rice, 11% Meat, 10% Veg)",4.39,78.7,3.44,253.8,1.37,Balanced Organic (High C / Moderate K)
"Standard PH Household Waste (74% Rice, 11% Meat, 10% Veg)",4.79,73.76,2.73,257.4,1.83,Balanced Organic (High C / Moderate K)
"Standard PH Household Waste (74% Rice, 11% Meat, 10% Veg)",4.54,76.24,2.45,254.0,1.57,Balanced Organic (High C / Moderate K)
"High-Vegetable / Market Scraps (40% Veg, 40% Rice, 20% Fruit)",3.96,80.54,1.86,240.8,1.13,High Nitrogen & Fiber (N-Rich)
"Standard PH Household Waste (74% Rice, 11% Meat, 10% Veg)",2.11,76.85,2.63,165.7,0.73,Balanced Organic (High C / Moderate K)
"High-Vegetable / Market Scraps (40% Veg, 40% Rice, 20% Fruit)",2.13,81.05,1.35,170.6,0.61,High Nitrogen & Fiber (N-Rich)
"High-Vegetable / Market Scraps (40% Veg, 40% Rice, 20% Fruit)",4.85,78.86,1.77,271.6,1.5,High Nitrogen & Fiber (N-Rich)
"Standard PH Household Waste (74% Rice, 11% Meat, 10% Veg)",1.04,73.96,2.91,124.8,0.42,Balanced Organic (High C / Moderate K)
"Standard PH Household Waste (74% Rice, 11% Meat, 10% Veg)",3.86,75.9,2.39,228.7,1.36,Balanced Organic (High C / Moderate K)
"High-Protein / Meat Scraps (40% Meat, 45% Rice, 15% Veg)",3.82,70.16,2.24,216.7,1.66,High Phosphorus & Nitrogen (P-N Rich)
"Standard PH Household Waste (74% Rice, 11% Meat, 10% Veg)",3.49,73.01,2.19,210.2,1.38,Balanced Organic (High C / Moderate K)
"Standard PH Household Waste (74% Rice, 11% Meat, 10% Veg)",4.96,78.64,2.86,275.1,1.55,Balanced Organic (High C / Moderate K)
Pure Carbohydrate / Grain Waste (90%+ Rice/Bread),2.25,70.86,3.15,164.3,0.97,Organic Soil Conditioner (High Carbon)
"Standard PH Household Waste (74% Rice, 11% Meat, 10% Veg)",2.36,73.93,2.0,171.6,0.91,Balanced Organic (High C / Moderate K)
"High-Vegetable / Market Scraps (40% Veg, 40% Rice, 20% Fruit)",1.32,78.23,1.92,137.3,0.44,High Nitrogen & Fiber (N-Rich)
Pure Carbohydrate / Grain Waste (90%+ Rice/Bread),2.77,70.11,2.57,181.1,1.22,Organic Soil Conditioner (High Carbon)
"Standard PH Household Waste (74% Rice, 11% Meat, 10% Veg)",2.04,74.8,1.84,161.3,0.77,Balanced Organic (High C / Moderate K)
"Standard PH Household Waste (74% Rice, 11% Meat, 10% Veg)",2.37,78.39,1.74,177.2,0.77,Balanced Organic (High C / Moderate K)
"Standard PH Household Waste (74% Rice, 11% Meat, 10% Veg)",4.34,73.34,2.83,240.6,1.69,Balanced Organic (High C / Moderate K)
"Standard PH Household Waste (74% Rice, 11% Meat, 10% Veg)",4.74,75.4,2.95,259.5,1.7,Balanced Organic (High C / Moderate K)
"Standard PH Household Waste (74% Rice, 11% Meat, 10% Veg)",1.74,77.57,2.09,152.8,0.59,Balanced Organic (High C / Moderate K)
"High-Vegetable / Market Scraps (40% Veg, 40% Rice, 20% Fruit)",2.49,84.51,1.29,188.9,0.58,High Nitrogen & Fiber (N-Rich)
"Standard PH Household Waste (74% Rice, 11% Meat, 10% Veg)",4.71,77.36,2.43,262.9,1.56,Balanced Organic (High C / Moderate K)
"Standard PH Household Waste (74% Rice, 11% Meat, 10% Veg)",1.25,74.68,2.75,132.6,0.48,Balanced Organic (High C / Moderate K)
Pure Carbohydrate / Grain Waste (90%+ Rice/Bread),1.37,76.71,4.5,138.3,0.49,Organic Soil Conditioner (High Carbon)
"High-Protein / Meat Scraps (40% Meat, 45% Rice, 15% Veg)",1.65,71.69,2.29,144.7,0.7,High Phosphorus & Nitrogen (P-N Rich)
"High-Vegetable / Market Scraps (40% Veg, 40% Rice, 20% Fruit)",3.38,80.25,1.41,218.1,0.99,High Nitrogen & Fiber (N-Rich)
"Standard PH Household Waste (74% Rice, 11% Meat, 10% Veg)",1.6,76.79,2.3,146.9,0.56,Balanced Organic (High C / Moderate K)
"High-Vegetable / Market Scraps (40% Veg, 40% Rice, 20% Fruit)",4.87,87.14,1.49,291.7,0.93,High Nitrogen & Fiber (N-Rich)
"Standard PH Household Waste (74% Rice, 11% Meat, 10% Veg)",2.79,75.73,2.33,189.2,1.0,Balanced Organic (High C / Moderate K)
"Standard PH Household Waste (74% Rice, 11% Meat, 10% Veg)",3.01,80.37,2.84,203.8,0.88,Balanced Organic (High C / Moderate K)
"Standard PH Household Waste (74% Rice, 11% Meat, 10% Veg)",1.99,78.14,2.23,162.4,0.65,Balanced Organic (High C / Moderate K)
"High-Protein / Meat Scraps (40% Meat, 45% Rice, 15% Veg)",2.88,74.0,1.85,190.3,1.1,High Phosphorus & Nitrogen (P-N Rich)
"Standard PH Household Waste (74% Rice, 11% Meat, 10% Veg)",3.65,80.71,2.57,229.2,1.04,Balanced Organic (High C / Moderate K)
"Standard PH Household Waste (74% Rice, 11% Meat, 10% Veg)",4.0,75.98,2.54,233.9,1.41,Balanced Organic (High C / Moderate K)
"Standard PH Household Waste (74% Rice, 11% Meat, 10% Veg)",4.02,78.67,1.62,239.5,1.26,Balanced Organic (High C / Moderate K)
"Standard PH Household Waste (74% Rice, 11% Meat, 10% Veg)",3.31,80.72,2.45,216.2,0.95,Balanced Organic (High C / Moderate K)
"High-Protein / Meat Scraps (40% Meat, 45% Rice, 15% Veg)",4.62,68.77,1.97,240.3,2.09,High Phosphorus & Nitrogen (P-N Rich)
"High-Vegetable / Market Scraps (40% Veg, 40% Rice, 20% Fruit)",4.27,82.39,1.6,256.7,1.11,High Nitrogen & Fiber (N-Rich)
"High-Protein / Meat Scraps (40% Meat, 45% Rice, 15% Veg)",4.03,69.44,2.61,222.1,1.79,High Phosphorus & Nitrogen (P-N Rich)
"Standard PH Household Waste (74% Rice, 11% Meat, 10% Veg)",1.22,76.21,3.43,132.6,0.45,Balanced Organic (High C / Moderate K)
"Standard PH Household Waste (74% Rice, 11% Meat, 10% Veg)",1.03,77.99,3.13,126.3,0.36,Balanced Organic (High C / Moderate K)
"Standard PH Household Waste (74% Rice, 11% Meat, 10% Veg)",1.85,73.09,2.35,152.8,0.74,Balanced Organic (High C / Moderate K)
"Standard PH Household Waste (74% Rice, 11% Meat, 10% Veg)",3.65,75.37,2.68,220.1,1.32,Balanced Organic (High C / Moderate K)
"Standard PH Household Waste (74% Rice, 11% Meat, 10% Veg)",2.64,80.61,1.75,190.2,0.77,Balanced Organic (High C / Moderate K)
"High-Protein / Meat Scraps (40% Meat, 45% Rice, 15% Veg)",2.61,65.8,2.82,170.3,1.31,High Phosphorus & Nitrogen (P-N Rich)
"Standard PH Household Waste (74% Rice, 11% Meat, 10% Veg)",4.54,74.13,2.87,249.4,1.71,Balanced Organic (High C / Moderate K)
"Standard PH Household Waste (74% Rice, 11% Meat, 10% Veg)",4.58,77.43,3.18,258.2,1.51,Balanced Organic (High C / Moderate K)
"Standard PH Household Waste (74% Rice, 11% Meat, 10% Veg)",4.64,73.25,1.85,250.9,1.81,Balanced Organic (High C / Moderate K)
"Standard PH Household Waste (74% Rice, 11% Meat, 10% Veg)",2.26,77.57,3.4,171.9,0.76,Balanced Organic (High C / Moderate K)
"Standard PH Household Waste (74% Rice, 11% Meat, 10% Veg)",3.76,76.15,2.22,225.5,1.32,Balanced Organic (High C / Moderate K)
Pure Carbohydrate / Grain Waste (90%+ Rice/Bread),2.09,74.07,4.33,162.1,0.81,Organic Soil Conditioner (High Carbon)
"High-Protein / Meat Scraps (40% Meat, 45% Rice, 15% Veg)",1.76,74.21,2.99,150.7,0.68,High Phosphorus & Nitrogen (P-N Rich)
Pure Carbohydrate / Grain Waste (90%+ Rice/Bread),1.74,68.23,2.28,144.8,0.82,Organic Soil Conditioner (High Carbon)
"Standard PH Household Waste (74% Rice, 11% Meat, 10% Veg)",2.37,78.09,3.16,176.7,0.78,Balanced Organic (High C / Moderate K)
"Standard PH Household Waste (74% Rice, 11% Meat, 10% Veg)",2.72,74.85,2.05,185.6,1.01,Balanced Organic (High C / Moderate K)
"Standard PH Household Waste (74% Rice, 11% Meat, 10% Veg)",4.32,79.87,1.71,253.6,1.28,Balanced Organic (High C / Moderate K)
"Standard PH Household Waste (74% Rice, 11% Meat, 10% Veg)",1.48,75.69,2.56,141.6,0.55,Balanced Organic (High C / Moderate K)
"High-Protein / Meat Scraps (40% Meat, 45% Rice, 15% Veg)",3.94,71.16,2.67,222.4,1.66,High Phosphorus & Nitrogen (P-N Rich)
"Standard PH Household Waste (74% Rice, 11% Meat, 10% Veg)",3.13,75.55,2.76,201.2,1.13,Balanced Organic (High C / Moderate K)
"Standard PH Household Waste (74% Rice, 11% Meat, 10% Veg)",2.15,77.85,2.64,168.3,0.71,Balanced Organic (High C / Moderate K)
"Standard PH Household Waste (74% Rice, 11% Meat, 10% Veg)",2.97,78.4,2.09,199.7,0.95,Balanced Organic (High C / Moderate K)
"Standard PH Household Waste (74% Rice, 11% Meat, 10% Veg)",2.2,72.85,1.83,164.8,0.89,Balanced Organic (High C / Moderate K)
"High-Vegetable / Market Scraps (40% Veg, 40% Rice, 20% Fruit)",3.38,80.25,1.6,218.2,0.99,High Nitrogen & Fiber (N-Rich)
"Standard PH Household Waste (74% Rice, 11% Meat, 10% Veg)",2.74,80.4,2.93,193.4,0.8,Balanced Organic (High C / Moderate K)
"Standard PH Household Waste (74% Rice, 11% Meat, 10% Veg)",1.66,79.89,2.27,151.4,0.51,Balanced Organic (High C / Moderate K)
"Standard PH Household Waste (74% Rice, 11% Meat, 10% Veg)",1.47,76.05,2.35,141.4,0.54,Balanced Organic (High C / Moderate K)
"Standard PH Household Waste (74% Rice, 11% Meat, 10% Veg)",3.19,73.92,1.72,200.9,1.22,Balanced Organic (High C / Moderate K)
"High-Protein / Meat Scraps (40% Meat, 45% Rice, 15% Veg)",4.61,71.5,2.99,246.1,1.91,High Phosphorus & Nitrogen (P-N Rich)
"High-Protein / Meat Scraps (40% Meat, 45% Rice, 15% Veg)",2.38,66.84,1.86,164.1,1.16,High Phosphorus & Nitrogen (P-N Rich)
Pure Carbohydrate / Grain Waste (90%+ Rice/Bread),3.93,75.8,2.63,230.9,1.39,Organic Soil Conditioner (High Carbon)
"High-Protein / Meat Scraps (40% Meat, 45% Rice, 15% Veg)",3.63,74.13,2.64,217.2,1.38,High Phosphorus & Nitrogen (P-N Rich)
"Standard PH Household Waste (74% Rice, 11% Meat, 10% Veg)",4.73,81.46,2.38,272.7,1.29,Balanced Organic (High C / Moderate K)
"High-Vegetable / Market Scraps (40% Veg, 40% Rice, 20% Fruit)",4.28,84.62,1.57,261.9,0.98,High Nitrogen & Fiber (N-Rich)
"Standard PH Household Waste (74% Rice, 11% Meat, 10% Veg)",3.27,78.31,2.45,210.7,1.05,Balanced Organic (High C / Moderate K)
"Standard PH Household Waste (74% Rice, 11% Meat, 10% Veg)",3.63,73.89,2.57,216.6,1.39,Balanced Organic (High C / Moderate K)
"High-Protein / Meat Scraps (40% Meat, 45% Rice, 15% Veg)",4.59,70.81,2.77,244.0,1.95,High Phosphorus & Nitrogen (P-N Rich)
"Standard PH Household Waste (74% Rice, 11% Meat, 10% Veg)",2.6,79.36,2.86,186.8,0.8,Balanced Organic (High C / Moderate K)
Pure Carbohydrate / Grain Waste (90%+ Rice/Bread),2.31,69.13,3.8,164.4,1.05,Organic Soil Conditioner (High Carbon)
"Standard PH Household Waste (74% Rice, 11% Meat, 10% Veg)",1.04,77.0,3.3,126.4,0.38,Balanced Organic (High C / Moderate K)
"High-Vegetable / Market Scraps (40% Veg, 40% Rice, 20% Fruit)",4.31,87.2,1.24,268.1,0.82,High Nitrogen & Fiber (N-Rich)
"High-Vegetable / Market Scraps (40% Veg, 40% Rice, 20% Fruit)",4.2,86.21,1.23,261.8,0.86,High Nitrogen & Fiber (N-Rich)
"High-Protein / Meat Scraps (40% Meat, 45% Rice, 15% Veg)",1.42,69.04,2.45,134.9,0.66,High Phosphorus & Nitrogen (P-N Rich)
"High-Vegetable / Market Scraps (40% Veg, 40% Rice, 20% Fruit)",3.31,79.48,1.8,214.1,1.0,High Nitrogen & Fiber (N-Rich)
"High-Vegetable / Market Scraps (40% Veg, 40% Rice, 20% Fruit)",2.86,78.08,1.33,194.9,0.93,High Nitrogen & Fiber (N-Rich)
"Standard PH Household Waste (74% Rice, 11% Meat, 10% Veg)",1.47,77.81,2.96,143.0,0.5,Balanced Organic (High C / Moderate K)
"Standard PH Household Waste (74% Rice, 11% Meat, 10% Veg)",4.92,81.17,2.94,279.7,1.36,Balanced Organic (High C / Moderate K)
"Standard PH Household Waste (74% Rice, 11% Meat, 10% Veg)",1.86,78.72,2.35,158.1,0.6,Balanced Organic (High C / Moderate K)
"High-Vegetable / Market Scraps (40% Veg, 40% Rice, 20% Fruit)",1.27,78.01,1.3,135.4,0.43,High Nitrogen & Fiber (N-Rich)
"Standard PH Household Waste (74% Rice, 11% Meat, 10% Veg)",3.38,77.35,2.88,213.3,1.13,Balanced Organic (High C / Moderate K)
"High-Vegetable / Market Scraps (40% Veg, 40% Rice, 20% Fruit)",3.96,82.17,1.78,243.9,1.04,High Nitrogen & Fiber (N-Rich)
"Standard PH Household Waste (74% Rice, 11% Meat, 10% Veg)",1.13,77.22,1.74,129.8,0.4,Balanced Organic (High C / Moderate K)
"Standard PH Household Waste (74% Rice, 11% Meat, 10% Veg)",3.63,73.92,3.2,216.8,1.39,Balanced Organic (High C / Moderate K)
"High-Vegetable / Market Scraps (40% Veg, 40% Rice, 20% Fruit)",3.13,85.25,1.92,215.9,0.69,High Nitrogen & Fiber (N-Rich)
"Standard PH Household Waste (74% Rice, 11% Meat, 10% Veg)",1.41,73.18,3.48,137.5,0.58,Balanced Organic (High C / Moderate K)
"Standard PH Household Waste (74% Rice, 11% Meat, 10% Veg)",1.69,74.09,1.62,148.0,0.66,Balanced Organic (High C / Moderate K)
"Standard PH Household Waste (74% Rice, 11% Meat, 10% Veg)",3.27,81.97,2.13,216.6,0.88,Balanced Organic (High C / Moderate K)
Pure Carbohydrate / Grain Waste (90%+ Rice/Bread),2.19,74.68,2.44,166.2,0.82,Organic Soil Conditioner (High Carbon)
"High-Vegetable / Market Scraps (40% Veg, 40% Rice, 20% Fruit)",4.75,83.8,1.92,279.1,1.13,High Nitrogen & Fiber (N-Rich)
"Standard PH Household Waste (74% Rice, 11% Meat, 10% Veg)",4.27,75.2,2.87,242.2,1.55,Balanced Organic (High C / Moderate K)
"Standard PH Household Waste (74% Rice, 11% Meat, 10% Veg)",4.93,73.88,2.79,262.9,1.88,Balanced Organic (High C / Moderate K)
"Standard PH Household Waste (74% Rice, 11% Meat, 10% Veg)",2.04,75.36,2.0,161.6,0.75,Balanced Organic (High C / Moderate K)
"High-Protein / Meat Scraps (40% Meat, 45% Rice, 15% Veg)",4.88,68.45,2.01,248.2,2.23,High Phosphorus & Nitrogen (P-N Rich)
"High-Vegetable / Market Scraps (40% Veg, 40% Rice, 20% Fruit)",2.72,87.02,1.52,201.7,0.54,High Nitrogen & Fiber (N-Rich)
"Standard PH Household Waste (74% Rice, 11% Meat, 10% Veg)",2.39,74.45,2.45,173.3,0.91,Balanced Organic (High C / Moderate K)
"Standard PH Household Waste (74% Rice, 11% Meat, 10% Veg)",1.2,75.21,3.01,131.2,0.46,Balanced Organic (High C / Moderate K)
"Standard PH Household Waste (74% Rice, 11% Meat, 10% Veg)",1.21,81.71,2.43,135.4,0.35,Balanced Organic (High C / Moderate K)
"High-Vegetable / Market Scraps (40% Veg, 40% Rice, 20% Fruit)",3.77,86.61,1.65,244.5,0.75,High Nitrogen & Fiber (N-Rich)
"High-Protein / Meat Scraps (40% Meat, 45% Rice, 15% Veg)",2.83,66.73,2.63,178.6,1.38,High Phosphorus & Nitrogen (P-N Rich)
"Standard PH Household Waste (74% Rice, 11% Meat, 10% Veg)",1.91,77.13,2.84,158.4,0.66,Balanced Organic (High C / Moderate K)
"Standard PH Household Waste (74% Rice, 11% Meat, 10% Veg)",3.46,80.9,2.44,222.1,0.98,Balanced Organic (High C / Moderate K)
"Standard PH Household Waste (74% Rice, 11% Meat, 10% Veg)",2.01,81.01,3.03,166.1,0.58,Balanced Organic (High C / Moderate K)
Pure Carbohydrate / Grain Waste (90%+ Rice/Bread),3.31,72.89,3.51,203.7,1.32,Organic Soil Conditioner (High Carbon)
"Standard PH Household Waste (74% Rice, 11% Meat, 10% Veg)",2.44,75.26,3.47,175.9,0.9,Balanced Organic (High C / Moderate K)
"High-Protein / Meat Scraps (40% Meat, 45% Rice, 15% Veg)",4.29,72.34,1.85,237.0,1.73,High Phosphorus & Nitrogen (P-N Rich)
"High-Vegetable / Market Scraps (40% Veg, 40% Rice, 20% Fruit)",4.28,81.27,1.7,254.9,1.18,High Nitrogen & Fiber (N-Rich)
"Standard PH Household Waste (74% Rice, 11% Meat, 10% Veg)",2.91,72.56,1.65,189.2,1.17,Balanced Organic (High C / Moderate K)
"Standard PH Household Waste (74% Rice, 11% Meat, 10% Veg)",2.4,76.5,2.23,176.1,0.84,Balanced Organic (High C / Moderate K)
"Standard PH Household Waste (74% Rice, 11% Meat, 10% Veg)",2.45,76.38,2.1,177.7,0.86,Balanced Organic (High C / Moderate K)
"High-Vegetable / Market Scraps (40% Veg, 40% Rice, 20% Fruit)",4.22,79.65,1.75,249.3,1.26,High Nitrogen & Fiber (N-Rich)
"High-Protein / Meat Scraps (40% Meat, 45% Rice, 15% Veg)",2.31,70.66,2.04,166.3,1.0,High Phosphorus & Nitrogen (P-N Rich)
"High-Vegetable / Market Scraps (40% Veg, 40% Rice, 20% Fruit)",1.84,81.2,1.67,159.4,0.53,High Nitrogen & Fiber (N-Rich)
"Standard PH Household Waste (74% Rice, 11% Meat, 10% Veg)",1.34,72.72,1.88,134.6,0.56,Balanced Organic (High C / Moderate K)
"Standard PH Household Waste (74% Rice, 11% Meat, 10% Veg)",2.87,72.73,3.14,188.0,1.15,Balanced Organic (High C / Moderate K)
Pure Carbohydrate / Grain Waste (90%+ Rice/Bread),2.93,75.52,3.88,194.0,1.06,Organic Soil Conditioner (High Carbon)
"High-Protein / Meat Scraps (40% Meat, 45% Rice, 15% Veg)",4.36,72.88,2.6,240.5,1.72,High Phosphorus & Nitrogen (P-N Rich)
"Standard PH Household Waste (74% Rice, 11% Meat, 10% Veg)",1.88,76.77,2.82,157.3,0.66,Balanced Organic (High C / Moderate K)
Pure Carbohydrate / Grain Waste (90%+ Rice/Bread),2.52,68.38,3.55,170.7,1.17,Organic Soil Conditioner (High Carbon)
"High-Vegetable / Market Scraps (40% Veg, 40% Rice, 20% Fruit)",4.23,85.78,1.6,262.2,0.89,High Nitrogen & Fiber (N-Rich)
"High-Vegetable / Market Scraps (40% Veg, 40% Rice, 20% Fruit)",4.29,81.58,1.42,256.0,1.16,High Nitrogen & Fiber (N-Rich)
"High-Vegetable / Market Scraps (40% Veg, 40% Rice, 20% Fruit)",2.54,84.43,1.75,190.8,0.6,High Nitrogen & Fiber (N-Rich)
"High-Protein / Meat Scraps (40% Meat, 45% Rice, 15% Veg)",2.84,74.58,2.21,189.4,1.06,High Phosphorus & Nitrogen (P-N Rich)
"High-Vegetable / Market Scraps (40% Veg, 40% Rice, 20% Fruit)",2.21,85.7,1.65,178.9,0.49,High Nitrogen & Fiber (N-Rich)
"Standard PH Household Waste (74% Rice, 11% Meat, 10% Veg)",4.73,80.83,2.6,271.4,1.33,Balanced Organic (High C / Moderate K)
"Standard PH Household Waste (74% Rice, 11% Meat, 10% Veg)",1.47,77.18,2.7,142.5,0.51,Balanced Organic (High C / Moderate K)
Pure Carbohydrate / Grain Waste (90%+ Rice/Bread),4.73,75.49,4.41,259.5,1.69,Organic Soil Conditioner (High Carbon)
"Standard PH Household Waste (74% Rice, 11% Meat, 10% Veg)",3.74,72.74,1.7,218.3,1.49,Balanced Organic (High C / Moderate K)
"Standard PH Household Waste (74% Rice, 11% Meat, 10% Veg)",3.13,81.38,2.61,210.0,0.87,Balanced Organic (High C / Moderate K)
"Standard PH Household Waste (74% Rice, 11% Meat, 10% Veg)",1.13,78.15,2.52,130.3,0.39,Balanced Organic (High C / Moderate K)
"Standard PH Household Waste (74% Rice, 11% Meat, 10% Veg)",2.9,72.94,3.06,189.5,1.16,Balanced Organic (High C / Moderate K)
"High-Vegetable / Market Scraps (40% Veg, 40% Rice, 20% Fruit)",2.63,85.47,1.45,195.8,0.58,High Nitrogen & Fiber (N-Rich)
Pure Carbohydrate / Grain Waste (90%+ Rice/Bread),1.64,71.06,4.09,144.0,0.71,Organic Soil Conditioner (High Carbon)
"Standard PH Household Waste (74% Rice, 11% Meat, 10% Veg)",3.63,72.72,3.27,214.4,1.45,Balanced Organic (High C / Moderate K)
"Standard PH Household Waste (74% Rice, 11% Meat, 10% Veg)",4.88,74.57,2.73,262.7,1.81,Balanced Organic (High C / Moderate K)
"Standard PH Household Waste (74% Rice, 11% Meat, 10% Veg)",3.25,81.36,2.89,214.7,0.9,Balanced Organic (High C / Moderate K)
"High-Protein / Meat Scraps (40% Meat, 45% Rice, 15% Veg)",3.86,69.56,2.63,216.7,1.71,High Phosphorus & Nitrogen (P-N Rich)
"High-Vegetable / Market Scraps (40% Veg, 40% Rice, 20% Fruit)",1.27,81.44,1.42,137.7,0.37,High Nitrogen & Fiber (N-Rich)
"Standard PH Household Waste (74% Rice, 11% Meat, 10% Veg)",2.67,81.97,3.03,193.0,0.72,Balanced Organic (High C / Moderate K)
"High-Protein / Meat Scraps (40% Meat, 45% Rice, 15% Veg)",1.47,72.09,2.23,138.6,0.62,High Phosphorus & Nitrogen (P-N Rich)
"High-Protein / Meat Scraps (40% Meat, 45% Rice, 15% Veg)",3.45,65.54,1.84,196.4,1.73,High Phosphorus & Nitrogen (P-N Rich)
"High-Protein / Meat Scraps (40% Meat, 45% Rice, 15% Veg)",4.75,71.1,2.71,250.1,2.0,High Phosphorus & Nitrogen (P-N Rich)
Pure Carbohydrate / Grain Waste (90%+ Rice/Bread),3.65,73.37,4.1,216.3,1.42,Organic Soil Conditioner (High Carbon)
"Standard PH Household Waste (74% Rice, 11% Meat, 10% Veg)",1.31,72.33,2.3,133.3,0.55,Balanced Organic (High C / Moderate K)
"High-Protein / Meat Scraps (40% Meat, 45% Rice, 15% Veg)",2.42,67.61,2.34,166.4,1.15,High Phosphorus & Nitrogen (P-N Rich)
"Standard PH Household Waste (74% Rice, 11% Meat, 10% Veg)",3.2,72.72,3.41,199.7,1.28,Balanced Organic (High C / Moderate K)
"High-Protein / Meat Scraps (40% Meat, 45% Rice, 15% Veg)",2.61,67.46,2.91,172.5,1.25,High Phosphorus & Nitrogen (P-N Rich)
"High-Vegetable / Market Scraps (40% Veg, 40% Rice, 20% Fruit)",4.33,82.26,1.99,259.0,1.13,High Nitrogen & Fiber (N-Rich)
"High-Protein / Meat Scraps (40% Meat, 45% Rice, 15% Veg)",4.26,71.09,2.92,233.2,1.79,High Phosphorus & Nitrogen (P-N Rich)
"High-Vegetable / Market Scraps (40% Veg, 40% Rice, 20% Fruit)",3.45,78.05,1.8,217.0,1.11,High Nitrogen & Fiber (N-Rich)
"Standard PH Household Waste (74% Rice, 11% Meat, 10% Veg)",2.49,81.03,1.87,184.9,0.71,Balanced Organic (High C / Moderate K)
"Standard PH Household Waste (74% Rice, 11% Meat, 10% Veg)",2.02,72.96,2.41,158.7,0.81,Balanced Organic (High C / Moderate K)
Pure Carbohydrate / Grain Waste (90%+ Rice/Bread),1.42,77.34,3.36,140.7,0.49,Organic Soil Conditioner (High Carbon)
Pure Carbohydrate / Grain Waste (90%+ Rice/Bread),2.42,73.27,2.35,173.0,0.96,Organic Soil Conditioner (High Carbon)
"Standard PH Household Waste (74% Rice, 11% Meat, 10% Veg)",2.65,72.01,3.14,179.6,1.09,Balanced Organic (High C / Moderate K)
"Standard PH Household Waste (74% Rice, 11% Meat, 10% Veg)",3.7,72.88,2.8,217.4,1.47,Balanced Organic (High C / Moderate K)
"Standard PH Household Waste (74% Rice, 11% Meat, 10% Veg)",3.63,81.15,2.0,229.4,1.01,Balanced Organic (High C / Moderate K)
"High-Vegetable / Market Scraps (40% Veg, 40% Rice, 20% Fruit)",1.28,84.65,1.26,139.9,0.31,High Nitrogen & Fiber (N-Rich)
"High-Protein / Meat Scraps (40% Meat, 45% Rice, 15% Veg)",2.58,71.64,2.0,176.6,1.08,High Phosphorus & Nitrogen (P-N Rich)
"Standard PH Household Waste (74% Rice, 11% Meat, 10% Veg)",1.73,79.36,2.17,153.7,0.54,Balanced Organic (High C / Moderate K)
"Standard PH Household Waste (74% Rice, 11% Meat, 10% Veg)",1.63,76.63,2.74,147.7,0.58,Balanced Organic (High C / Moderate K)
"High-Protein / Meat Scraps (40% Meat, 45% Rice, 15% Veg)",4.31,66.88,2.69,226.2,2.07,High Phosphorus & Nitrogen (P-N Rich)
"High-Vegetable / Market Scraps (40% Veg, 40% Rice, 20% Fruit)",1.17,81.03,1.73,133.3,0.35,High Nitrogen & Fiber (N-Rich)
"Standard PH Household Waste (74% Rice, 11% Meat, 10% Veg)",2.68,73.58,2.91,182.4,1.04,Balanced Organic (High C / Moderate K)
"High-Vegetable / Market Scraps (40% Veg, 40% Rice, 20% Fruit)",1.67,79.28,1.54,151.5,0.53,High Nitrogen & Fiber (N-Rich)
"Standard PH Household Waste (74% Rice, 11% Meat, 10% Veg)",4.52,74.47,3.02,249.4,1.68,Balanced Organic (High C / Moderate K)
"Standard PH Household Waste (74% Rice, 11% Meat, 10% Veg)",3.23,74.62,3.28,203.5,1.2,Balanced Organic (High C / Moderate K)
"High-Vegetable / Market Scraps (40% Veg, 40% Rice, 20% Fruit)",1.93,86.92,1.36,168.2,0.39,High Nitrogen & Fiber (N-Rich)
"High-Vegetable / Market Scraps (40% Veg, 40% Rice, 20% Fruit)",3.01,84.14,1.27,209.4,0.72,High Nitrogen & Fiber (N-Rich)
"High-Protein / Meat Scraps (40% Meat, 45% Rice, 15% Veg)",3.93,69.31,2.66,218.5,1.76,High Phosphorus & Nitrogen (P-N Rich)
"High-Vegetable / Market Scraps (40% Veg, 40% Rice, 20% Fruit)",4.83,84.59,1.7,284.1,1.1,High Nitrogen & Fiber (N-Rich)
"High-Protein / Meat Scraps (40% Meat, 45% Rice, 15% Veg)",1.88,68.11,2.25,149.4,0.89,High Phosphorus & Nitrogen (P-N Rich)
"Standard PH Household Waste (74% Rice, 11% Meat, 10% Veg)",4.54,73.03,2.97,247.2,1.78,Balanced Organic (High C / Moderate K)
"Standard PH Household Waste (74% Rice, 11% Meat, 10% Veg)",4.74,77.04,2.95,263.1,1.59,Balanced Organic (High C / Moderate K)
"Standard PH Household Waste (74% Rice, 11% Meat, 10% Veg)",4.67,74.49,2.22,254.7,1.73,Balanced Organic (High C / Moderate K)
"Standard PH Household Waste (74% Rice, 11% Meat, 10% Veg)",3.54,75.34,1.65,216.0,1.28,Balanced Organic (High C / Moderate K)
"High-Vegetable / Market Scraps (40% Veg, 40% Rice, 20% Fruit)",3.52,81.41,1.84,225.4,0.97,High Nitrogen & Fiber (N-Rich)
Pure Carbohydrate / Grain Waste (90%+ Rice/Bread),2.61,76.97,3.3,184.4,0.89,Organic Soil Conditioner (High Carbon)
"Standard PH Household Waste (74% Rice, 11% Meat, 10% Veg)",4.01,76.56,1.66,235.2,1.38,Balanced Organic (High C / Moderate K)
"Standard PH Household Waste (74% Rice, 11% Meat, 10% Veg)",3.13,80.79,1.62,209.1,0.89,Balanced Organic (High C / Moderate K)
"High-Protein / Meat Scraps (40% Meat, 45% Rice, 15% Veg)",3.71,75.39,2.39,222.1,1.34,High Phosphorus & Nitrogen (P-N Rich)
"Standard PH Household Waste (74% Rice, 11% Meat, 10% Veg)",2.71,75.42,3.36,186.1,0.99,Balanced Organic (High C / Moderate K)
"High-Vegetable / Market Scraps (40% Veg, 40% Rice, 20% Fruit)",3.93,78.24,1.67,235.3,1.25,High Nitrogen & Fiber (N-Rich)
"High-Vegetable / Market Scraps (40% Veg, 40% Rice, 20% Fruit)",4.3,83.49,1.38,260.1,1.05,High Nitrogen & Fiber (N-Rich)
"High-Vegetable / Market Scraps (40% Veg, 40% Rice, 20% Fruit)",1.59,82.29,1.72,150.5,0.44,High Nitrogen & Fiber (N-Rich)
"Standard PH Household Waste (74% Rice, 11% Meat, 10% Veg)",4.33,79.27,1.6,252.7,1.32,Balanced Organic (High C / Moderate K)
"Standard PH Household Waste (74% Rice, 11% Meat, 10% Veg)",3.16,81.37,1.91,211.3,0.88,Balanced Organic (High C / Moderate K)
"High-Protein / Meat Scraps (40% Meat, 45% Rice, 15% Veg)",4.38,67.57,2.12,229.9,2.06,High Phosphorus & Nitrogen (P-N Rich)
"High-Vegetable / Market Scraps (40% Veg, 40% Rice, 20% Fruit)",2.73,78.38,1.3,190.4,0.88,High Nitrogen & Fiber (N-Rich)
"Standard PH Household Waste (74% Rice, 11% Meat, 10% Veg)",2.52,81.86,2.2,186.7,0.69,Balanced Organic (High C / Moderate K)
"High-Protein / Meat Scraps (40% Meat, 45% Rice, 15% Veg)",4.66,66.27,1.93,236.1,2.28,High Phosphorus & Nitrogen (P-N Rich)
"Standard PH Household Waste (74% Rice, 11% Meat, 10% Veg)",2.0,79.19,3.22,164.1,0.63,Balanced Organic (High C / Moderate K)
"High-Vegetable / Market Scraps (40% Veg, 40% Rice, 20% Fruit)",4.38,80.57,1.22,257.1,1.25,High Nitrogen & Fiber (N-Rich)
"Standard PH Household Waste (74% Rice, 11% Meat, 10% Veg)",2.94,74.23,1.71,192.5,1.11,Balanced Organic (High C / Moderate K)
Pure Carbohydrate / Grain Waste (90%+ Rice/Bread),3.06,69.03,3.08,189.1,1.39,Organic Soil Conditioner (High Carbon)
"Standard PH Household Waste (74% Rice, 11% Meat, 10% Veg)",2.23,74.3,2.58,167.5,0.85,Balanced Organic (High C / Moderate K)
"Standard PH Household Waste (74% Rice, 11% Meat, 10% Veg)",3.29,74.53,3.39,205.7,1.23,Balanced Organic (High C / Moderate K)
"Standard PH Household Waste (74% Rice, 11% Meat, 10% Veg)",2.3,81.06,2.68,177.4,0.66,Balanced Organic (High C / Moderate K)
"Standard PH Household Waste (74% Rice, 11% Meat, 10% Veg)",1.16,75.54,2.32,129.8,0.44,Balanced Organic (High C / Moderate K)
"High-Protein / Meat Scraps (40% Meat, 45% Rice, 15% Veg)",2.09,69.53,2.67,157.6,0.94,High Phosphorus & Nitrogen (P-N Rich)
Pure Carbohydrate / Grain Waste (90%+ Rice/Bread),1.03,72.52,4.14,123.6,0.44,Organic Soil Conditioner (High Carbon)
"Standard PH Household Waste (74% Rice, 11% Meat, 10% Veg)",4.91,81.44,2.24,279.9,1.34,Balanced Organic (High C / Moderate K)
"Standard PH Household Waste (74% Rice, 11% Meat, 10% Veg)",4.86,77.61,1.78,269.0,1.59,Balanced Organic (High C / Moderate K)
"High-Vegetable / Market Scraps (40% Veg, 40% Rice, 20% Fruit)",2.58,80.0,1.53,187.0,0.77,High Nitrogen & Fiber (N-Rich)
"High-Protein / Meat Scraps (40% Meat, 45% Rice, 15% Veg)",3.91,67.27,2.85,214.2,1.86,High Phosphorus & Nitrogen (P-N Rich)
"High-Vegetable / Market Scraps (40% Veg, 40% Rice, 20% Fruit)",2.38,79.58,1.56,178.9,0.73,High Nitrogen & Fiber (N-Rich)
"Standard PH Household Waste (74% Rice, 11% Meat, 10% Veg)",3.68,78.06,2.91,225.9,1.19,Balanced Organic (High C / Moderate K)
"Standard PH Household Waste (74% Rice, 11% Meat, 10% Veg)",4.22,75.83,3.25,241.5,1.49,Balanced Organic (High C / Moderate K)
"High-Vegetable / Market Scraps (40% Veg, 40% Rice, 20% Fruit)",4.79,83.68,1.55,280.2,1.15,High Nitrogen & Fiber (N-Rich)
"Standard PH Household Waste (74% Rice, 11% Meat, 10% Veg)",2.6,72.67,2.48,178.6,1.05,Balanced Organic (High C / Moderate K)
"High-Vegetable / Market Scraps (40% Veg, 40% Rice, 20% Fruit)",4.13,86.21,1.69,258.9,0.85,High Nitrogen & Fiber (N-Rich)
"Standard PH Household Waste (74% Rice, 11% Meat, 10% Veg)",2.06,80.32,2.54,167.4,0.61,Balanced Organic (High C / Moderate K)
"High-Protein / Meat Scraps (40% Meat, 45% Rice, 15% Veg)",4.96,66.3,1.82,245.8,2.42,High Phosphorus & Nitrogen (P-N Rich)
"Standard PH Household Waste (74% Rice, 11% Meat, 10% Veg)",1.1,75.03,2.93,127.6,0.43,Balanced Organic (High C / Moderate K)
"High-Vegetable / Market Scraps (40% Veg, 40% Rice, 20% Fruit)",3.41,85.9,1.44,228.6,0.72,High Nitrogen & Fiber (N-Rich)
"Standard PH Household Waste (74% Rice, 11% Meat, 10% Veg)",3.64,76.96,2.4,222.3,1.23,Balanced Organic (High C / Moderate K)
"High-Vegetable / Market Scraps (40% Veg, 40% Rice, 20% Fruit)",3.75,82.11,1.39,235.8,0.99,High Nitrogen & Fiber (N-Rich)
"Standard PH Household Waste (74% Rice, 11% Meat, 10% Veg)",1.48,73.36,1.97,140.0,0.6,Balanced Organic (High C / Moderate K)
"High-Vegetable / Market Scraps (40% Veg, 40% Rice, 20% Fruit)",4.75,78.55,1.36,267.1,1.49,High Nitrogen & Fiber (N-Rich)
"High-Vegetable / Market Scraps (40% Veg, 40% Rice, 20% Fruit)",1.72,78.09,1.7,152.5,0.57,High Nitrogen & Fiber (N-Rich)
"High-Vegetable / Market Scraps (40% Veg, 40% Rice, 20% Fruit)",3.49,81.16,1.98,223.9,0.97,High Nitrogen & Fiber (N-Rich)
"High-Vegetable / Market Scraps (40% Veg, 40% Rice, 20% Fruit)",1.89,79.94,1.48,160.4,0.58,High Nitrogen & Fiber (N-Rich)
"High-Vegetable / Market Scraps (40% Veg, 40% Rice, 20% Fruit)",2.23,81.58,1.21,175.2,0.62,High Nitrogen & Fiber (N-Rich)
"High-Protein / Meat Scraps (40% Meat, 45% Rice, 15% Veg)",3.19,74.23,1.84,201.4,1.21,High Phosphorus & Nitrogen (P-N Rich)
"Standard PH Household Waste (74% Rice, 11% Meat, 10% Veg)",2.67,81.4,3.29,192.2,0.74,Balanced Organic (High C / Moderate K)
"High-Protein / Meat Scraps (40% Meat, 45% Rice, 15% Veg)",1.64,70.89,2.45,143.7,0.72,High Phosphorus & Nitrogen (P-N Rich)
"Standard PH Household Waste (74% Rice, 11% Meat, 10% Veg)",1.68,78.54,2.34,151.4,0.55,Balanced Organic (High C / Moderate K)
"Standard PH Household Waste (74% Rice, 11% Meat, 10% Veg)",2.67,78.47,1.69,188.5,0.86,Balanced Organic (High C / Moderate K)
"Standard PH Household Waste (74% Rice, 11% Meat, 10% Veg)",4.03,72.54,2.47,228.2,1.61,Balanced Organic (High C / Moderate K)
"Standard PH Household Waste (74% Rice, 11% Meat, 10% Veg)",4.59,77.5,3.29,258.7,1.51,Balanced Organic (High C / Moderate K)
"High-Protein / Meat Scraps (40% Meat, 45% Rice, 15% Veg)",1.34,66.15,2.79,130.3,0.68,High Phosphorus & Nitrogen (P-N Rich)
"High-Vegetable / Market Scraps (40% Veg, 40% Rice, 20% Fruit)",2.57,80.1,1.52,186.8,0.77,High Nitrogen & Fiber (N-Rich)
"High-Protein / Meat Scraps (40% Meat, 45% Rice, 15% Veg)",1.4,68.48,2.28,133.9,0.66,High Phosphorus & Nitrogen (P-N Rich)
"Standard PH Household Waste (74% Rice, 11% Meat, 10% Veg)",1.07,73.5,2.56,125.5,0.44,Balanced Organic (High C / Moderate K)
"Standard PH Household Waste (74% Rice, 11% Meat, 10% Veg)",3.65,80.02,2.44,228.0,1.07,Balanced Organic (High C / Moderate K)
"Standard PH Household Waste (74% Rice, 11% Meat, 10% Veg)",3.41,76.91,3.21,213.8,1.16,Balanced Organic (High C / Moderate K)
"Standard PH Household Waste (74% Rice, 11% Meat, 10% Veg)",1.65,79.06,2.53,150.6,0.53,Balanced Organic (High C / Moderate K)
"Standard PH Household Waste (74% Rice, 11% Meat, 10% Veg)",1.94,74.58,3.28,157.2,0.74,Balanced Organic (High C / Moderate K)
"Standard PH Household Waste (74% Rice, 11% Meat, 10% Veg)",1.09,77.77,2.02,128.7,0.38,Balanced Organic (High C / Moderate K)
"Standard PH Household Waste (74% Rice, 11% Meat, 10% Veg)",4.34,74.69,3.13,243.5,1.6,Balanced Organic (High C / Moderate K)
"High-Vegetable / Market Scraps (40% Veg, 40% Rice, 20% Fruit)",4.9,78.44,1.99,272.3,1.54,High Nitrogen & Fiber (N-Rich)
"High-Vegetable / Market Scraps (40% Veg, 40% Rice, 20% Fruit)",1.54,79.3,1.84,146.6,0.49,High Nitrogen & Fiber (N-Rich)
Pure Carbohydrate / Grain Waste (90%+ Rice/Bread),1.93,71.95,3.23,154.4,0.81,Organic Soil Conditioner (High Carbon)
Pure Carbohydrate / Grain Waste (90%+ Rice/Bread),4.47,76.81,3.03,252.8,1.52,Organic Soil Conditioner (High Carbon)
"High-Vegetable / Market Scraps (40% Veg, 40% Rice, 20% Fruit)",4.71,83.37,1.24,276.2,1.15,High Nitrogen & Fiber (N-Rich)
"Standard PH Household Waste (74% Rice, 11% Meat, 10% Veg)",2.68,72.02,2.07,180.5,1.1,Balanced Organic (High C / Moderate K)
"High-Vegetable / Market Scraps (40% Veg, 40% Rice, 20% Fruit)",1.2,84.81,1.3,136.8,0.29,High Nitrogen & Fiber (N-Rich)
"High-Protein / Meat Scraps (40% Meat, 45% Rice, 15% Veg)",1.16,66.25,2.29,124.7,0.59,High Phosphorus & Nitrogen (P-N Rich)
"Standard PH Household Waste (74% Rice, 11% Meat, 10% Veg)",3.3,78.48,2.95,212.0,1.05,Balanced Organic (High C / Moderate K)
"Standard PH Household Waste (74% Rice, 11% Meat, 10% Veg)",2.57,73.78,1.75,178.9,1.0,Balanced Organic (High C / Moderate K)
"High-Protein / Meat Scraps (40% Meat, 45% Rice, 15% Veg)",1.11,75.34,2.11,128.2,0.43,High Phosphorus & Nitrogen (P-N Rich)
"Standard PH Household Waste (74% Rice, 11% Meat, 10% Veg)",3.33,80.53,3.24,216.7,0.96,Balanced Organic (High C / Moderate K)
"High-Vegetable / Market Scraps (40% Veg, 40% Rice, 20% Fruit)",1.05,85.73,1.34,130.9,0.25,High Nitrogen & Fiber (N-Rich)
"High-Vegetable / Market Scraps (40% Veg, 40% Rice, 20% Fruit)",4.15,86.22,1.82,259.6,0.85,High Nitrogen & Fiber (N-Rich)
"Standard PH Household Waste (74% Rice, 11% Meat, 10% Veg)",2.23,77.97,2.24,171.2,0.73,Balanced Organic (High C / Moderate K)
"Standard PH Household Waste (74% Rice, 11% Meat, 10% Veg)",1.16,74.63,1.83,129.5,0.45,Balanced Organic (High C / Moderate K)
"Standard PH Household Waste (74% Rice, 11% Meat, 10% Veg)",3.35,77.1,2.71,212.0,1.13,Balanced Organic (High C / Moderate K)
"Standard PH Household Waste (74% Rice, 11% Meat, 10% Veg)",2.59,75.59,2.5,181.9,0.94,Balanced Organic (High C / Moderate K)
"Standard PH Household Waste (74% Rice, 11% Meat, 10% Veg)",4.9,75.64,2.82,265.6,1.74,Balanced Organic (High C / Moderate K)
"High-Protein / Meat Scraps (40% Meat, 45% Rice, 15% Veg)",3.18,74.91,2.0,202.1,1.17,High Phosphorus & Nitrogen (P-N Rich)
"Standard PH Household Waste (74% Rice, 11% Meat, 10% Veg)",2.1,75.81,1.87,164.3,0.76,Balanced Organic (High C / Moderate K)
"Standard PH Household Waste (74% Rice, 11% Meat, 10% Veg)",3.84,78.25,2.98,232.0,1.23,Balanced Organic (High C / Moderate K)
"Standard PH Household Waste (74% Rice, 11% Meat, 10% Veg)",2.09,81.32,2.13,169.3,0.59,Balanced Organic (High C / Moderate K)
Pure Carbohydrate / Grain Waste (90%+ Rice/Bread),4.62,77.5,2.16,259.6,1.52,Organic Soil Conditioner (High Carbon)
"Standard PH Household Waste (74% Rice, 11% Meat, 10% Veg)",2.5,78.03,1.71,181.5,0.82,Balanced Organic (High C / Moderate K)
"Standard PH Household Waste (74% Rice, 11% Meat, 10% Veg)",3.2,80.94,2.61,212.2,0.91,Balanced Organic (High C / Moderate K)
"High-Protein / Meat Scraps (40% Meat, 45% Rice, 15% Veg)",1.2,72.36,2.8,129.6,0.51,High Phosphorus & Nitrogen (P-N Rich)
"High-Protein / Meat Scraps (40% Meat, 45% Rice, 15% Veg)",2.7,66.65,1.85,174.4,1.32,High Phosphorus & Nitrogen (P-N Rich)
"Standard PH Household Waste (74% Rice, 11% Meat, 10% Veg)",4.33,80.79,2.2,255.8,1.22,Balanced Organic (High C / Moderate K)
"High-Protein / Meat Scraps (40% Meat, 45% Rice, 15% Veg)",4.22,66.42,2.36,222.5,2.06,High Phosphorus & Nitrogen (P-N Rich)
"Standard PH Household Waste (74% Rice, 11% Meat, 10% Veg)",1.9,77.98,1.66,158.9,0.63,Balanced Organic (High C / Moderate K)
"Standard PH Household Waste (74% Rice, 11% Meat, 10% Veg)",1.9,74.75,1.66,156.2,0.72,Balanced Organic (High C / Moderate K)
"Standard PH Household Waste (74% Rice, 11% Meat, 10% Veg)",4.27,76.2,3.3,244.0,1.49,Balanced Organic (High C / Moderate K)
"Standard PH Household Waste (74% Rice, 11% Meat, 10% Veg)",4.72,81.83,2.81,273.3,1.26,Balanced Organic (High C / Moderate K)
"High-Vegetable / Market Scraps (40% Veg, 40% Rice, 20% Fruit)",1.38,79.62,1.92,140.7,0.44,High Nitrogen & Fiber (N-Rich)
"Standard PH Household Waste (74% Rice, 11% Meat, 10% Veg)",2.8,77.16,1.89,191.6,0.95,Balanced Organic (High C / Moderate K)
"Standard PH Household Waste (74% Rice, 11% Meat, 10% Veg)",2.35,81.22,3.04,179.5,0.66,Balanced Organic (High C / Moderate K)
"High-Vegetable / Market Scraps (40% Veg, 40% Rice, 20% Fruit)",4.48,85.32,1.77,271.5,0.97,High Nitrogen & Fiber (N-Rich)
"High-Protein / Meat Scraps (40% Meat, 45% Rice, 15% Veg)",1.33,67.2,2.05,130.9,0.66,High Phosphorus & Nitrogen (P-N Rich)
"Standard PH Household Waste (74% Rice, 11% Meat, 10% Veg)",1.84,78.88,2.02,157.7,0.59,Balanced Organic (High C / Moderate K)
"High-Vegetable / Market Scraps (40% Veg, 40% Rice, 20% Fruit)",4.01,82.39,1.83,246.5,1.04,High Nitrogen & Fiber (N-Rich)
"Standard PH Household Waste (74% Rice, 11% Meat, 10% Veg)",1.21,79.84,2.46,134.1,0.38,Balanced Organic (High C / Moderate K)
"High-Protein / Meat Scraps (40% Meat, 45% Rice, 15% Veg)",2.97,73.71,2.81,193.0,1.15,High Phosphorus & Nitrogen (P-N Rich)
"High-Vegetable / Market Scraps (40% Veg, 40% Rice, 20% Fruit)",2.77,84.55,1.38,200.2,0.64,High Nitrogen & Fiber (N-Rich)
Pure Carbohydrate / Grain Waste (90%+ Rice/Bread),2.34,70.74,2.79,167.3,1.01,Organic Soil Conditioner (High Carbon)
"Standard PH Household Waste (74% Rice, 11% Meat, 10% Veg)",2.58,73.17,2.12,178.4,1.02,Balanced Organic (High C / Moderate K)
"Standard PH Household Waste (74% Rice, 11% Meat, 10% Veg)",3.12,74.1,2.47,198.8,1.19,Balanced Organic (High C / Moderate K)
"Standard PH Household Waste (74% Rice, 11% Meat, 10% Veg)",1.65,81.08,1.8,151.9,0.48,Balanced Organic (High C / Moderate K)
