Chamber_Temp_C,Moisture_Percent,Motor_Load_A,Target_Heater_PWM,Target_Fan_PWM
31.6,74.97,2.56,98.29,57.68
35.05,74.94,2.56,94.97,57.61
38.32,74.91,2.54,92.02,57.97
41.45,74.88,2.54,89.7,56.71
44.44,74.85,2.53,86.5,57.8
47.38,74.82,2.53,85.29,57.5
50.13,74.78,2.55,81.88,57.63
51.97,74.75,2.56,59.32,57.4
53.61,74.71,2.53,54.09,56.98
55.01,74.68,2.55,49.26,56.5
56.26,74.64,2.54,45.33,57.53
57.3,74.6,2.55,40.47,57.05
58.27,74.57,2.54,38.26,56.49
59.09,74.53,2.55,34.86,57.64
59.8,74.49,2.55,32.3,57.15
60.4,74.45,2.53,30.36,57.17
60.96,74.41,2.55,29.22,57.91
61.45,74.37,2.55,27.31,56.87
61.81,74.33,2.55,25.63,57.94
62.18,74.29,2.52,24.62,56.97
62.53,74.26,2.53,23.34,57.99
62.79,74.22,2.54,22.02,58.89
63.01,74.18,2.54,21.35,60.44
63.18,74.13,2.52,20.62,60.84
63.35,74.09,2.53,20.6,61.78
63.46,74.05,2.52,19.23,62.09
63.62,74.01,2.53,19.54,62.89
63.69,73.97,2.53,19.27,63.25
63.77,73.93,2.53,18.97,64.75
63.87,73.89,2.54,18.68,63.22
63.98,73.85,2.52,18.78,63.73
64.01,73.8,2.52,18.35,65.68
64.03,73.76,2.53,18.01,64.42
64.03,73.72,2.54,17.38,64.93
64.07,73.68,2.51,17.52,64.49
64.07,73.64,2.53,17.9,65.43
64.09,73.59,2.51,17.91,65.14
64.13,73.55,2.53,18.01,64.9
64.15,73.51,2.52,17.26,65.02
64.18,73.47,2.53,18.48,65.17
64.2,73.43,2.51,16.96,65.43
64.25,73.38,2.54,17.87,65.28
64.24,73.34,2.51,17.11,64.86
64.26,73.3,2.53,17.24,65.31
64.25,73.26,2.55,17.24,65.88
64.26,73.22,2.52,17.55,64.68
64.27,73.17,2.52,17.12,65.44
64.25,73.13,2.52,16.77,64.33
64.27,73.09,2.52,17.35,64.37
64.26,73.05,2.5,16.73,65.11
64.3,73.01,2.52,17.39,65.24
64.29,72.97,2.52,16.41,64.59
64.3,72.92,2.52,17.39,66.9
64.32,72.88,2.52,17.56,65.32
64.29,72.84,2.51,16.66,64.89
64.37,72.8,2.49,18.27,63.94
64.35,72.76,2.5,16.67,65.66
64.31,72.71,2.51,16.6,65.35
64.36,72.67,2.51,17.08,64.51
64.3,72.63,2.52,15.9,65.08
64.3,72.59,2.52,16.69,64.66
64.28,72.55,2.5,16.49,64.51
64.29,72.5,2.51,18.05,64.73
64.31,72.46,2.5,18.18,65.07
64.35,72.42,2.51,17.7,64.23
64.27,72.38,2.49,16.48,64.68
64.31,72.34,2.49,17.07,63.7
64.34,72.29,2.49,16.85,64.53
64.34,72.25,2.51,17.57,64.53
64.35,72.21,2.5,17.08,64.2
64.38,72.17,2.49,17.01,64.83
64.42,72.13,2.5,17.92,63.61
64.42,72.09,2.49,16.87,64.4
64.4,72.04,2.49,16.46,65.07
64.43,72.0,2.5,17.25,64.69
64.42,71.96,2.5,16.31,64.33
64.43,71.92,2.49,16.74,64.59
64.43,71.88,2.5,16.98,64.45
64.46,71.83,2.49,17.13,64.91
64.47,71.79,2.49,16.96,64.42
64.43,71.75,2.51,16.65,64.86
64.43,71.71,2.5,16.19,63.79
64.43,71.67,2.48,17.02,64.66
64.45,71.62,2.49,16.74,63.97
64.43,71.58,2.48,16.25,64.17
64.41,71.54,2.48,16.31,64.34
64.36,71.5,2.47,16.54,64.21
64.36,71.46,2.5,16.55,63.77
64.38,71.42,2.48,17.35,63.74
64.39,71.37,2.48,16.85,63.72
64.39,71.33,2.49,17.1,64.62
64.41,71.29,2.48,17.18,63.62
64.41,71.25,2.49,16.82,63.47
64.48,71.21,2.47,17.5,64.3
64.52,71.16,2.47,17.01,64.14
64.45,71.12,2.47,16.01,63.9
64.43,71.08,2.5,16.28,63.92
64.43,71.04,2.48,17.19,63.45
64.41,71.0,2.47,16.06,64.61
64.37,70.96,2.49,15.9,64.28
64.34,70.91,2.48,16.09,63.09
64.32,70.87,2.47,16.74,63.56
64.35,70.83,2.46,17.1,63.37
64.33,70.79,2.47,16.19,63.82
64.39,70.75,2.47,17.79,63.12
64.43,70.71,2.48,17.85,64.17
64.41,70.66,2.48,17.04,64.06
64.42,70.62,2.45,17.29,62.41
64.44,70.58,2.47,16.62,63.61
64.44,70.54,2.47,17.5,62.61
64.4,70.5,2.47,16.88,63.24
64.38,70.46,2.46,16.15,63.41
64.38,70.42,2.48,16.6,62.43
64.35,70.37,2.46,16.37,63.16
64.35,70.33,2.45,16.89,62.25
64.39,70.29,2.47,17.92,62.74
64.4,70.25,2.47,16.78,62.72
64.39,70.21,2.44,16.52,62.57
64.4,70.17,2.46,16.06,63.45
64.47,70.13,2.47,17.1,62.9
64.44,70.08,2.46,16.52,62.54
64.41,70.04,2.45,16.32,62.11
64.44,70.0,2.47,17.61,63.12
64.48,69.96,2.46,16.7,62.35
64.43,69.92,2.44,16.05,62.78
64.42,69.88,2.46,17.16,63.61
64.4,69.83,2.45,16.42,62.32
64.41,69.79,2.46,16.83,62.02
64.4,69.75,2.46,16.64,62.01
64.43,69.71,2.46,17.04,61.89
64.38,69.67,2.46,15.89,62.7
64.35,69.63,2.45,16.48,61.3
64.38,69.59,2.44,17.09,61.59
64.38,69.55,2.45,16.82,61.54
64.4,69.51,2.45,16.42,61.91
64.44,69.46,2.46,17.23,61.56
64.4,69.42,2.45,15.45,61.84
64.42,69.38,2.45,16.97,61.76
64.46,69.34,2.44,17.32,62.23
64.46,69.3,2.44,16.38,61.99
64.47,69.26,2.44,16.77,63.2
64.46,69.22,2.44,17.18,61.99
64.42,69.17,2.46,15.69,61.91
64.45,69.13,2.42,16.9,61.79
64.43,69.09,2.46,16.76,62.37
64.45,69.05,2.47,16.89,61.64
64.45,69.01,2.43,16.73,62.04
64.47,68.97,2.44,17.06,61.43
64.5,68.93,2.44,16.82,62.08
64.49,68.89,2.44,16.36,61.5
64.52,68.84,2.45,16.92,61.43
64.5,68.8,2.43,16.64,62.93
64.47,68.76,2.44,15.61,62.62
64.53,68.72,2.44,16.73,61.15
64.53,68.68,2.44,16.46,62.27
64.55,68.64,2.45,16.01,62.11
64.55,68.6,2.43,17.16,61.63
64.5,68.56,2.45,16.38,62.41
64.48,68.51,2.42,16.41,61.43
64.47,68.47,2.42,16.97,61.55
64.46,68.43,2.42,16.42,62.27
64.41,68.39,2.43,16.5,61.21
64.45,68.35,2.44,16.67,61.44
64.51,68.31,2.43,16.52,60.68
64.51,68.27,2.43,16.49,61.4
64.5,68.23,2.42,16.19,61.12
64.48,68.19,2.44,16.15,61.36
64.45,68.14,2.41,15.24,61.73
64.42,68.1,2.42,16.48,60.85
64.43,68.06,2.44,16.17,61.77
64.45,68.02,2.43,17.08,60.31
64.43,67.98,2.42,16.05,61.27
64.44,67.94,2.43,17.08,61.0
64.44,67.9,2.42,16.13,61.12
64.48,67.86,2.42,16.84,60.15
64.46,67.82,2.41,16.29,61.42
64.41,67.77,2.44,15.84,61.06
64.38,67.73,2.42,15.73,61.37
64.39,67.69,2.43,16.58,60.58
64.41,67.65,2.42,16.88,60.45
64.41,67.61,2.42,16.94,59.54
64.43,67.57,2.42,16.86,60.27
64.44,67.53,2.41,16.44,60.02
64.49,67.49,2.42,16.89,59.56
64.53,67.45,2.42,16.67,61.05
64.48,67.41,2.41,15.49,60.05
64.51,67.37,2.41,16.81,60.11
64.48,67.33,2.4,16.17,59.82
64.45,67.28,2.44,16.06,60.92
64.46,67.24,2.42,16.9,60.31
64.51,67.2,2.41,16.35,60.26
64.54,67.16,2.43,17.05,60.02
64.53,67.12,2.4,16.08,61.36
64.56,67.08,2.39,16.72,60.88
64.54,67.04,2.41,15.97,60.33
64.56,67.0,2.41,16.47,59.68
64.58,66.96,2.41,16.61,60.91
64.59,66.92,2.41,16.23,59.59
64.57,66.88,2.41,16.38,59.78
64.56,66.83,2.4,16.27,60.65
64.58,66.79,2.4,16.78,59.99
64.58,66.75,2.4,16.03,60.14
64.6,66.71,2.4,16.9,59.77
64.64,66.67,2.39,16.93,60.36
64.63,66.63,2.41,16.21,60.84
64.65,66.59,2.39,15.84,61.03
64.66,66.55,2.39,15.82,61.1
64.61,66.51,2.39,15.82,60.21
64.58,66.47,2.4,15.67,59.73
64.63,66.43,2.39,17.02,59.48
64.6,66.38,2.4,16.07,60.48
64.6,66.34,2.42,16.29,60.21
64.57,66.3,2.39,15.87,59.67
64.59,66.26,2.39,15.96,60.38
64.56,66.22,2.4,15.83,60.03
64.6,66.18,2.41,16.44,58.87
64.59,66.14,2.39,15.9,59.57
64.59,66.1,2.38,16.56,60.7
64.56,66.06,2.41,15.54,59.29
64.56,66.02,2.4,16.05,59.62
64.6,65.98,2.4,17.6,59.17
64.62,65.94,2.38,16.54,60.51
64.64,65.89,2.39,16.44,60.17
64.68,65.85,2.39,16.62,60.24
64.68,65.81,2.38,15.89,59.84
64.68,65.77,2.4,16.13,59.56
64.64,65.73,2.39,16.06,59.72
64.64,65.69,2.38,16.4,60.6
64.63,65.65,2.38,16.22,60.24
64.63,65.61,2.38,16.42,59.47
64.65,65.57,2.37,16.66,58.82
64.66,65.53,2.38,16.65,58.62
64.67,65.49,2.4,16.81,59.35
64.65,65.45,2.37,15.26,58.3
64.62,65.41,2.37,15.55,59.62
64.61,65.37,2.38,15.49,59.56
64.62,65.32,2.37,17.11,58.48
64.61,65.28,2.38,16.13,59.14
64.58,65.24,2.39,15.55,59.67
64.6,65.2,2.38,16.44,59.02
64.61,65.16,2.38,16.52,59.51
64.6,65.12,2.39,16.11,59.58
64.6,65.08,2.36,16.19,58.03
64.62,65.04,2.35,16.61,58.42
64.58,65.0,2.38,15.92,57.54
64.58,64.96,2.37,16.64,58.8
64.62,64.92,2.38,16.24,57.97
64.62,64.88,2.35,16.02,58.68
64.6,64.84,2.36,16.01,58.29
64.63,64.8,2.37,17.1,58.82
64.65,64.76,2.36,16.82,59.03
64.68,64.72,2.37,16.39,58.83
64.72,64.68,2.37,16.48,58.44
64.79,64.64,2.37,16.87,58.49
64.75,64.6,2.37,15.31,58.81
64.74,64.55,2.38,16.02,58.56
64.76,64.51,2.36,16.64,59.01
64.75,64.47,2.34,16.03,58.32
64.73,64.43,2.38,15.94,59.08
64.7,64.39,2.37,15.19,57.9
64.75,64.35,2.36,16.73,58.25
64.74,64.31,2.34,15.66,59.08
64.74,64.27,2.36,16.51,59.25
64.72,64.23,2.35,16.03,58.65
64.72,64.19,2.35,15.81,59.0
64.76,64.15,2.34,16.23,56.94
64.71,64.11,2.37,15.55,57.91
64.69,64.07,2.36,15.63,58.42
64.71,64.03,2.35,15.96,57.49
64.7,63.99,2.36,15.09,57.96
64.68,63.95,2.37,15.72,57.93
64.71,63.91,2.35,16.14,58.2
64.69,63.87,2.35,15.75,57.94
64.72,63.83,2.35,16.28,57.98
64.74,63.79,2.35,15.88,57.01
64.8,63.75,2.35,16.29,56.6
64.81,63.71,2.34,16.16,57.73
64.77,63.67,2.35,15.24,59.24
64.77,63.62,2.35,16.12,58.31
64.81,63.58,2.36,16.88,58.01
64.82,63.54,2.33,16.12,58.74
64.84,63.5,2.34,16.35,57.58
64.82,63.46,2.35,15.44,58.36
64.83,63.42,2.35,16.34,58.3
64.84,63.38,2.35,16.12,57.44
64.81,63.34,2.34,15.32,58.77
64.76,63.3,2.33,15.5,57.9
64.76,63.26,2.32,16.51,57.26
64.78,63.22,2.35,15.39,56.99
64.76,63.18,2.33,15.33,58.79
64.67,63.14,2.32,14.46,58.72
64.71,63.1,2.34,16.51,58.37
64.73,63.06,2.34,16.16,57.72
64.71,63.02,2.33,15.85,57.31
64.66,62.98,2.32,15.01,57.18
64.68,62.94,2.32,16.11,57.66
64.64,62.9,2.33,15.46,57.49
64.67,62.86,2.32,16.35,56.34
64.63,62.82,2.34,15.7,57.04
64.64,62.78,2.34,16.11,56.96
64.66,62.74,2.33,16.14,56.49
64.65,62.7,2.32,16.05,56.75
64.6,62.66,2.32,15.34,57.54
64.6,62.62,2.34,15.83,56.88
64.58,62.58,2.35,15.88,56.51
64.59,62.54,2.33,15.66,56.43
64.61,62.5,2.32,16.14,56.21
64.62,62.46,2.31,16.66,57.4
64.61,62.42,2.34,16.08,57.62
64.68,62.38,2.34,17.0,55.97
64.66,62.34,2.31,15.78,56.36
64.66,62.3,2.31,15.68,55.76
64.69,62.26,2.33,16.13,55.56
64.68,62.22,2.31,14.94,56.59
64.7,62.18,2.32,16.8,56.53
64.73,62.14,2.31,16.17,56.42
64.73,62.1,2.31,15.9,55.74
64.74,62.06,2.32,15.43,57.05
64.74,62.02,2.32,15.24,56.24
64.79,61.98,2.31,16.94,56.57
64.8,61.94,2.32,15.7,56.45
64.74,61.9,2.32,15.22,55.86
64.73,61.86,2.34,15.23,55.18
64.73,61.82,2.31,15.8,56.61
64.76,61.78,2.32,16.26,56.01
64.74,61.74,2.3,15.39,56.72
64.75,61.7,2.31,16.06,55.64
64.77,61.66,2.32,16.29,56.35
64.79,61.62,2.3,16.39,56.43
64.75,61.58,2.31,15.09,56.06
64.75,61.54,2.31,15.77,56.28
64.74,61.5,2.31,15.78,54.98
64.75,61.46,2.32,15.18,56.18
64.74,61.42,2.3,15.65,56.62
64.72,61.38,2.31,15.47,55.66
64.74,61.34,2.32,15.91,55.71
64.72,61.3,2.31,16.25,55.0
64.67,61.26,2.28,15.17,55.49
64.68,61.22,2.28,16.25,55.77
64.65,61.18,2.3,15.68,55.59
64.67,61.14,2.29,16.03,55.53
64.71,61.1,2.29,16.58,55.19
64.71,61.06,2.32,15.65,54.94
64.72,61.02,2.3,15.19,54.54
64.7,60.98,2.32,15.49,55.89
64.77,60.94,2.29,16.23,55.0
64.81,60.9,2.31,16.06,55.63
64.82,60.86,2.29,15.58,55.23
64.84,60.82,2.3,16.55,55.66
64.83,60.78,2.29,14.79,55.18
64.83,60.74,2.3,14.97,55.85
64.81,60.7,2.31,16.02,55.14
64.83,60.66,2.3,15.4,55.3
64.81,60.62,2.3,15.74,56.53
64.84,60.58,2.3,15.59,55.48
64.83,60.54,2.28,15.75,55.95
64.85,60.5,2.28,14.98,54.36
64.84,60.46,2.3,15.33,55.25
64.85,60.42,2.29,15.9,55.03
64.84,60.38,2.29,15.32,56.12
64.85,60.34,2.27,15.8,55.83
64.84,60.31,2.29,15.65,54.9
64.87,60.27,2.3,16.1,55.16
64.86,60.23,2.27,15.53,56.51
64.89,60.19,2.29,15.79,55.36
64.88,60.15,2.27,15.25,54.64
64.89,60.11,2.29,15.08,55.44
64.87,60.07,2.28,14.75,55.36
64.84,60.03,2.29,15.32,55.06
64.82,59.99,2.28,15.41,55.11
64.87,59.95,2.28,15.91,54.57
64.83,59.91,2.26,15.51,55.38
64.78,59.87,2.3,14.74,55.37
64.81,59.83,2.3,15.37,54.6
64.87,59.79,2.28,16.61,55.17
64.86,59.75,2.28,15.79,54.49
64.87,59.71,2.28,15.34,54.47
64.83,59.67,2.27,15.45,55.42
64.82,59.63,2.27,15.14,53.58
64.83,59.59,2.29,16.29,54.75
64.85,59.55,2.26,16.12,54.72
64.87,59.51,2.29,15.27,55.0
64.86,59.47,2.25,15.14,53.96
64.85,59.43,2.25,15.58,54.37
64.84,59.39,2.24,15.7,54.11
64.86,59.35,2.26,15.47,55.16
64.83,59.31,2.27,15.11,54.58
64.84,59.27,2.26,15.9,54.77
64.82,59.23,2.27,15.05,53.75
64.87,59.2,2.26,16.0,53.64
64.82,59.16,2.27,15.38,53.85
64.84,59.12,2.27,15.91,53.84
64.83,59.08,2.25,14.7,53.76
64.85,59.04,2.26,15.67,53.25
64.8,59.0,2.25,14.65,54.56
64.79,58.96,2.26,15.71,54.31
64.8,58.92,2.26,15.86,54.0
64.77,58.88,2.23,15.17,53.74
64.74,58.84,2.25,15.9,53.98
64.77,58.8,2.25,16.08,54.4
64.76,58.76,2.25,15.61,54.12
64.77,58.72,2.27,15.48,52.89
64.78,58.68,2.24,15.85,53.24
64.81,58.64,2.29,16.09,53.35
64.82,58.6,2.27,15.72,53.08
64.85,58.57,2.25,15.6,52.72
64.88,58.53,2.27,16.39,54.07
64.88,58.49,2.24,15.4,54.03
64.86,58.45,2.25,15.03,54.11
64.88,58.41,2.24,14.95,53.67
64.87,58.37,2.26,15.37,54.21
64.85,58.33,2.26,14.85,53.66
64.88,58.29,2.25,16.05,54.59
64.89,58.25,2.25,15.46,53.21
64.87,58.21,2.26,15.42,54.05
64.85,58.17,2.24,16.06,53.21
64.86,58.13,2.24,16.09,53.16
64.87,58.09,2.24,15.83,53.45
64.9,58.05,2.24,15.18,52.73
64.94,58.01,2.24,15.9,54.02
64.92,57.97,2.25,15.38,53.36
64.88,57.94,2.24,14.65,53.85
64.9,57.9,2.24,15.5,52.93
64.92,57.86,2.26,15.74,52.42
64.91,57.82,2.24,14.74,52.81
64.92,57.78,2.25,15.45,53.31
64.94,57.74,2.26,15.43,52.97
64.96,57.7,2.24,15.11,52.63
64.89,57.66,2.24,14.04,53.57
64.91,57.62,2.23,15.49,52.94
64.94,57.58,2.24,15.52,52.76
64.9,57.54,2.24,14.73,53.49
64.9,57.5,2.23,15.49,53.68
64.91,57.46,2.22,15.3,52.56
64.91,57.43,2.25,14.73,52.21
64.91,57.39,2.24,15.21,52.62
64.91,57.35,2.24,14.8,52.78
64.86,57.31,2.24,15.36,53.13
64.87,57.27,2.24,15.1,51.46
64.9,57.23,2.24,15.33,52.86
64.94,57.19,2.21,16.12,52.85
64.97,57.15,2.23,15.07,52.15
64.97,57.11,2.24,15.14,52.96
64.93,57.07,2.21,14.79,52.72
64.91,57.03,2.22,14.9,52.43
64.85,57.0,2.23,14.57,52.27
64.86,56.96,2.22,15.48,51.33
64.84,56.92,2.23,15.57,52.73
64.85,56.88,2.22,15.41,52.25
64.88,56.84,2.22,15.29,51.53
64.91,56.8,2.21,16.32,51.98
64.89,56.76,2.23,14.37,51.31
64.85,56.72,2.22,14.55,52.42
64.89,56.68,2.21,16.26,52.23
64.85,56.65,2.21,14.27,51.54
64.85,56.61,2.21,15.39,51.75
64.85,56.57,2.23,15.52,51.91
64.87,56.53,2.22,15.41,51.64
64.89,56.49,2.22,15.86,51.84
64.87,56.45,2.21,14.76,51.78
64.88,56.41,2.22,15.32,50.68
64.92,56.37,2.21,15.45,51.08
64.93,56.33,2.23,15.73,51.94
64.92,56.3,2.21,14.62,52.19
64.96,56.26,2.22,15.93,51.55
64.97,56.22,2.19,15.05,52.2
65.02,56.18,2.22,15.74,50.96
65.56,56.14,2.21,29.34,51.74
66.02,56.1,2.22,26.46,54.48
66.29,56.06,2.2,23.59,55.78
66.52,56.02,2.2,22.73,57.73
66.69,55.98,2.21,20.84,57.95
66.82,55.94,2.21,19.65,58.41
66.91,55.89,2.2,18.85,58.87
66.99,55.85,2.2,18.41,60.04
67.08,55.81,2.21,18.43,59.34
67.07,55.77,2.19,17.47,60.06
67.12,55.73,2.23,16.96,59.85
67.11,55.69,2.2,17.63,60.15
67.11,55.64,2.2,16.94,59.53
67.07,55.6,2.2,16.32,60.19
67.1,55.56,2.2,18.6,59.15
67.12,55.52,2.2,17.96,60.65
67.18,55.48,2.18,17.08,59.65
67.21,55.43,2.2,17.04,60.16
67.22,55.39,2.19,16.9,59.8
67.23,55.35,2.2,17.0,59.81
67.21,55.31,2.21,17.16,59.99
67.18,55.27,2.21,16.28,59.56
67.15,55.22,2.2,15.86,61.29
67.17,55.18,2.2,17.05,59.72
67.19,55.14,2.19,17.23,59.67
67.2,55.1,2.16,16.77,60.2
67.21,55.06,2.19,17.15,59.73
67.21,55.02,2.19,17.3,60.12
67.18,54.97,2.2,16.24,58.92
67.22,54.93,2.19,17.38,59.71
67.22,54.89,2.2,16.36,59.78
67.24,54.85,2.2,17.29,59.87
67.23,54.81,2.18,16.53,59.14
67.2,54.77,2.18,16.27,59.42
67.16,54.72,2.18,15.87,59.42
67.15,54.68,2.18,17.36,59.6
67.17,54.64,2.18,16.7,58.59
67.2,54.6,2.17,16.83,58.1
67.23,54.56,2.17,16.85,59.29
67.2,54.52,2.19,15.12,59.34
67.23,54.47,2.17,16.91,58.84
67.25,54.43,2.21,16.89,59.4
67.25,54.39,2.16,16.69,58.96
67.22,54.35,2.18,16.15,58.97
67.2,54.31,2.18,16.28,59.57
67.21,54.27,2.17,16.65,58.96
67.18,54.22,2.17,16.39,58.75
67.18,54.18,2.18,16.71,59.15
67.22,54.14,2.17,17.34,58.63
67.18,54.1,2.17,16.83,58.51
67.23,54.06,2.19,17.65,59.06
67.22,54.02,2.17,16.64,58.89
67.23,53.97,2.17,16.99,59.3
67.2,53.93,2.15,16.64,58.99
67.19,53.89,2.17,16.55,57.91
67.19,53.85,2.17,16.65,59.17
67.24,53.81,2.17,17.16,57.85
67.22,53.77,2.18,16.91,58.03
67.22,53.73,2.18,16.86,58.01
67.17,53.68,2.17,16.11,59.23
67.17,53.64,2.16,16.8,58.49
67.21,53.6,2.16,17.0,57.64
67.16,53.56,2.16,16.65,57.75
67.23,53.52,2.16,18.24,58.42
67.2,53.48,2.17,16.66,58.52
67.23,53.43,2.16,17.14,58.48
67.24,53.39,2.16,16.94,58.49
67.21,53.35,2.15,16.62,58.95
67.23,53.31,2.16,16.82,58.05
67.19,53.27,2.15,16.54,58.79
67.2,53.23,2.17,16.82,57.04
67.19,53.19,2.15,16.8,57.99
67.22,53.14,2.16,16.69,57.62
67.21,53.1,2.17,16.12,58.0
67.24,53.06,2.14,17.51,57.3
67.26,53.02,2.15,16.44,58.1
67.23,52.98,2.17,16.31,57.97
67.24,52.94,2.15,15.82,57.84
67.24,52.9,2.17,16.46,57.58
67.16,52.86,2.15,15.47,58.47
67.14,52.81,2.16,16.81,57.66
67.22,52.77,2.14,18.15,56.57
67.22,52.73,2.15,16.89,57.53
67.28,52.69,2.14,17.55,57.4
67.28,52.65,2.15,15.82,57.92
67.24,52.61,2.15,16.14,57.65
67.26,52.57,2.15,16.98,57.23
67.29,52.53,2.14,16.24,57.43
67.29,52.48,2.14,16.08,57.23
67.29,52.44,2.14,15.93,58.18
67.23,52.4,2.15,15.31,57.99
67.17,52.36,2.15,15.64,57.64
67.19,52.32,2.15,16.98,56.45
67.25,52.28,2.13,16.91,57.25
67.27,52.24,2.13,17.32,57.21
67.26,52.2,2.15,16.31,57.65
67.2,52.15,2.14,15.74,57.1
67.19,52.11,2.14,17.22,56.65
67.24,52.07,2.13,17.1,56.96
67.22,52.03,2.14,16.9,57.53
67.23,51.99,2.13,16.42,56.77
67.21,51.95,2.12,16.28,56.83
67.25,51.91,2.14,17.11,56.1
67.25,51.87,2.12,15.62,56.48
67.26,51.83,2.13,16.28,57.0
67.28,51.78,2.14,16.15,57.48
67.27,51.74,2.14,16.36,56.41
67.28,51.7,2.12,16.61,57.42
67.3,51.66,2.13,16.82,56.26
67.33,51.62,2.13,17.21,58.32
67.32,51.58,2.15,16.26,57.32
67.32,51.54,2.13,16.2,57.03
67.32,51.5,2.12,16.47,56.45
67.32,51.45,2.14,16.31,57.09
67.29,51.41,2.12,16.06,57.01
67.29,51.37,2.12,16.63,56.92
67.28,51.33,2.13,15.5,56.29
67.29,51.29,2.12,16.59,56.39
67.31,51.25,2.12,16.63,56.59
67.25,51.21,2.11,15.07,56.97
67.29,51.17,2.13,16.87,55.93
67.33,51.13,2.12,16.59,55.59
67.28,51.09,2.12,15.82,56.47
67.23,51.04,2.13,15.83,55.46
67.22,51.0,2.1,16.3,56.69
67.21,50.96,2.11,16.13,56.45
67.25,50.92,2.13,16.83,56.0
67.25,50.88,2.12,16.29,55.23
67.25,50.84,2.11,16.0,55.37
67.26,50.8,2.11,16.5,55.43
67.25,50.76,2.1,16.87,56.32
67.23,50.72,2.1,15.76,55.39
67.24,50.68,2.11,16.16,55.1
67.23,50.64,2.11,16.22,55.68
67.25,50.6,2.12,17.48,56.18
67.3,50.55,2.13,16.91,54.99
67.3,50.51,2.11,15.65,55.26
67.32,50.47,2.1,16.49,55.85
67.32,50.43,2.11,16.63,56.3
67.3,50.39,2.11,15.29,55.96
67.33,50.35,2.1,16.78,55.39
67.33,50.31,2.1,15.99,55.58
67.31,50.27,2.09,15.96,56.02
67.31,50.23,2.11,17.03,56.18
67.3,50.19,2.1,15.88,55.59
67.27,50.15,2.09,15.78,55.05
67.3,50.11,2.12,16.33,54.87
67.3,50.06,2.11,15.93,55.4
67.31,50.02,2.09,16.26,55.62
67.31,49.98,2.1,16.58,55.7
67.34,49.94,2.12,16.49,55.11
67.33,49.9,2.11,15.54,54.63
67.29,49.86,2.1,15.91,55.95
67.32,49.82,2.09,15.97,55.88
67.29,49.78,2.1,15.82,55.53
67.31,49.74,2.09,16.24,54.01
67.27,49.7,2.1,15.92,55.7
67.29,49.66,2.1,16.25,54.65
67.3,49.62,2.09,16.53,55.33
67.34,49.58,2.1,15.65,54.43
67.32,49.54,2.1,15.26,54.32
67.33,49.49,2.09,16.33,54.73
67.33,49.45,2.08,16.05,53.74
67.33,49.41,2.09,16.09,56.3
67.35,49.37,2.09,16.48,55.01
67.4,49.33,2.08,16.91,54.25
67.38,49.29,2.08,15.88,54.5
67.36,49.25,2.09,16.19,55.32
67.34,49.21,2.08,15.49,54.1
67.35,49.17,2.08,17.2,54.81
67.33,49.13,2.07,16.4,55.66
67.35,49.09,2.09,16.97,54.68
67.3,49.05,2.09,14.6,54.52
67.27,49.01,2.08,15.72,54.32
67.25,48.97,2.09,15.96,53.91
67.29,48.93,2.07,16.95,53.89
67.35,48.89,2.07,16.12,54.11
67.37,48.85,2.1,16.66,54.82
67.37,48.8,2.09,15.94,54.59
67.36,48.76,2.08,16.34,54.02
67.36,48.72,2.07,15.46,54.22
67.37,48.68,2.05,15.82,54.25
67.37,48.64,2.07,15.48,54.33
67.31,48.6,2.06,14.83,54.51
67.29,48.56,2.05,15.83,53.82
67.33,48.52,2.06,16.69,54.45
67.34,48.48,2.08,15.9,53.92
67.34,48.44,2.09,15.58,53.97
67.35,48.4,2.09,16.33,54.26
67.39,48.36,2.08,16.1,53.45
67.37,48.32,2.07,15.45,53.75
67.4,48.28,2.08,15.85,54.06
67.37,48.24,2.07,15.68,54.45
67.38,48.2,2.06,16.7,53.69
67.35,48.16,2.05,15.17,53.42
67.33,48.12,2.08,15.94,54.08
67.33,48.08,2.07,16.3,54.03
67.31,48.04,2.07,15.5,53.92
67.31,48.0,2.05,15.55,52.93
67.35,47.96,2.05,16.36,52.66
67.35,47.92,2.07,16.16,53.78
67.34,47.88,2.04,16.04,53.14
67.35,47.84,2.06,16.16,52.54
67.36,47.8,2.07,16.21,53.21
67.38,47.75,2.04,15.99,53.51
67.36,47.71,2.06,16.13,53.67
67.37,47.67,2.07,15.8,53.21
67.4,47.63,2.07,16.34,52.6
67.44,47.59,2.07,15.78,53.91
67.42,47.55,2.06,15.51,53.98
67.38,47.51,2.07,15.31,54.14
67.39,47.47,2.03,16.0,52.44
67.38,47.43,2.06,15.96,53.61
67.4,47.39,2.07,16.68,52.84
67.45,47.35,2.07,16.6,53.11
67.44,47.31,2.07,14.95,53.03
67.47,47.27,2.05,15.67,52.75
67.47,47.23,2.06,15.01,53.46
67.45,47.19,2.06,15.42,53.46
67.38,47.15,2.04,14.06,52.97
67.42,47.11,2.06,15.91,52.71
67.4,47.07,2.04,15.25,52.86
67.37,47.03,2.05,15.72,52.42
67.41,46.99,2.04,16.08,52.27
67.4,46.95,2.05,15.7,53.17
67.38,46.91,2.04,15.35,52.6
67.37,46.87,2.04,15.65,51.8
67.36,46.83,2.05,15.67,52.38
67.36,46.79,2.03,16.25,52.12
67.34,46.75,2.03,15.58,52.22
67.35,46.71,2.04,15.72,52.37
67.35,46.67,2.03,15.67,51.83
67.37,46.63,2.04,16.16,51.36
67.38,46.59,2.03,15.87,53.63
67.38,46.55,2.03,15.7,51.37
67.4,46.51,2.03,16.19,51.96
67.47,46.47,2.04,16.49,52.11
67.46,46.43,2.02,15.45,52.69
67.43,46.39,2.02,15.11,52.87
67.44,46.35,2.03,15.4,53.14
67.41,46.31,2.02,15.86,52.09
67.43,46.27,2.03,16.33,51.99
67.5,46.23,2.03,16.38,52.99
67.51,46.19,2.02,15.17,51.64
67.47,46.15,2.02,15.07,51.86
67.43,46.11,2.04,14.88,51.95
67.42,46.07,2.02,14.89,52.12
67.42,46.03,2.03,15.13,51.82
67.38,45.99,2.03,15.21,52.15
67.38,45.95,2.02,15.93,51.55
67.37,45.91,2.03,16.02,52.27
67.34,45.87,2.02,14.71,51.32
67.34,45.83,2.02,15.5,51.1
67.31,45.79,2.03,14.82,50.35
67.27,45.75,2.04,14.78,50.98
67.3,45.71,2.0,16.2,51.23
67.35,45.67,2.06,16.6,51.22
67.31,45.63,2.02,14.86,52.15
67.32,45.59,2.02,16.11,50.88
67.3,45.55,2.01,15.3,51.48
67.31,45.51,2.02,15.95,51.62
67.33,45.47,2.04,15.79,51.34
67.35,45.43,2.03,15.93,51.35
67.34,45.39,2.02,15.56,51.42
67.36,45.35,2.02,16.0,51.12
67.42,45.31,2.01,16.64,51.51
67.41,45.27,2.03,15.05,51.69
67.37,45.23,2.01,15.23,51.04
67.41,45.19,2.01,16.3,50.7
67.42,45.15,1.98,15.69,50.51
67.44,45.12,2.02,15.37,50.27
67.42,45.08,2.03,15.57,51.9
67.46,45.04,2.0,15.94,50.89
67.42,45.0,2.0,14.82,50.82
67.45,44.96,2.0,16.08,50.81
67.37,44.92,2.01,14.37,51.15
67.36,44.88,2.01,15.12,51.63
67.42,44.84,2.01,16.44,50.17
67.43,44.8,2.01,15.63,51.4
67.4,44.76,2.01,14.57,50.31
67.4,44.72,2.01,15.06,51.81
67.39,44.68,2.0,15.62,50.49
67.41,44.64,2.0,15.79,49.89
67.37,44.6,2.02,14.56,50.13
67.41,44.56,1.99,16.04,49.69
67.44,44.52,2.01,16.08,50.24
67.4,44.48,2.01,14.75,49.84
67.37,44.44,2.01,14.85,48.94
67.41,44.4,2.01,16.35,49.99
67.38,44.36,2.0,14.63,50.11
67.33,44.32,1.99,15.47,50.18
67.37,44.28,2.0,16.24,49.44
67.36,44.24,1.99,15.6,50.14
67.38,44.21,2.0,16.14,50.05
67.44,44.17,1.99,16.08,48.99
67.41,44.13,1.99,15.59,50.8
67.45,44.09,1.98,15.38,49.68
67.41,44.05,1.99,15.03,50.28
67.42,44.01,1.99,15.71,49.81
67.43,43.97,1.99,14.72,50.15
67.41,43.93,2.01,15.54,50.33
67.4,43.89,2.01,15.66,50.68
67.43,43.85,1.99,15.99,50.07
67.42,43.81,1.98,16.03,49.94
67.42,43.77,2.0,15.42,49.94
67.35,43.73,1.99,14.53,49.82
67.35,43.69,2.0,15.87,49.64
67.39,43.65,1.99,16.41,49.7
67.42,43.61,2.0,15.29,49.97
67.39,43.57,1.99,15.1,49.8
67.39,43.53,1.98,15.91,48.5
67.41,43.5,1.99,15.49,48.83
67.44,43.46,2.0,15.43,49.09
67.44,43.42,1.98,15.11,49.24
67.4,43.38,1.99,15.27,49.89
67.42,43.34,1.98,15.63,49.11
67.39,43.3,1.98,14.64,50.08
67.43,43.26,1.98,16.16,48.67
67.46,43.22,1.97,15.82,48.27
67.45,43.18,1.97,15.46,49.64
67.47,43.14,1.97,15.24,48.88
67.39,43.1,1.96,13.74,49.17
67.41,43.06,1.98,15.06,49.05
67.4,43.02,1.97,15.26,49.26
67.39,42.99,1.98,15.04,48.08
67.39,42.95,1.98,15.63,48.67
67.36,42.91,1.96,15.03,49.23
67.38,42.87,1.98,15.13,48.44
67.39,42.83,1.97,16.24,48.99
67.37,42.79,1.98,15.25,49.43
67.4,42.75,1.98,16.24,49.54
67.43,42.71,1.95,16.76,48.39
67.45,42.67,1.97,15.77,47.86
67.46,42.63,1.98,15.38,49.06
67.43,42.59,1.97,14.75,48.51
67.48,42.55,1.95,15.87,48.91
67.52,42.51,1.98,15.96,49.61
67.46,42.48,1.97,14.06,48.7
67.46,42.44,1.97,14.73,49.06
67.46,42.4,1.98,15.35,48.18
67.47,42.36,1.94,15.65,48.59
67.42,42.32,1.96,14.66,49.57
67.46,42.28,1.97,16.01,47.74
67.42,42.24,1.97,15.26,49.93
67.44,42.2,1.95,15.4,48.69
67.47,42.16,1.96,15.49,47.41
67.49,42.12,1.96,15.51,48.96
67.49,42.08,1.97,14.64,48.11
67.46,42.05,1.97,14.93,48.47
67.46,42.01,1.95,15.55,49.27
67.46,41.97,1.95,15.37,48.56
67.46,41.93,1.97,15.68,48.57
67.49,41.89,1.96,15.81,48.25
67.43,41.85,1.96,14.62,48.27
67.4,41.81,1.95,14.65,48.72
67.44,41.77,1.93,15.29,47.67
67.45,41.73,1.94,16.01,48.1
67.47,41.69,1.96,16.14,47.47
67.49,41.65,1.94,15.34,47.53
67.52,41.62,1.95,15.62,48.56
67.52,41.58,1.95,15.78,48.1
67.55,41.54,1.95,15.92,47.57
67.56,41.5,1.97,14.69,47.66
67.51,41.46,1.95,14.77,47.69
67.53,41.42,1.94,15.48,48.17
67.51,41.38,1.93,14.3,48.37
67.56,41.34,1.93,15.73,48.14
67.53,41.3,1.96,13.94,47.95
67.51,41.26,1.96,15.2,47.72
67.48,41.23,1.96,14.45,48.56
67.48,41.19,1.94,15.48,47.5
67.48,41.15,1.94,15.31,47.6
67.5,41.11,1.93,15.14,46.46
67.45,41.07,1.93,14.4,46.72
67.43,41.03,1.94,14.96,48.28
67.45,40.99,1.93,15.62,47.27
67.46,40.95,1.93,16.0,48.16
67.47,40.92,1.93,15.12,46.75
67.53,40.88,1.95,16.23,47.86
67.53,40.84,1.94,15.4,47.15
67.5,40.8,1.93,15.27,47.47
67.54,40.76,1.92,14.94,47.24
67.58,40.72,1.93,15.0,48.13
67.57,40.68,1.93,14.75,47.8
67.58,40.64,1.93,14.78,46.17
67.54,40.6,1.93,14.38,48.47
67.56,40.57,1.93,15.77,46.81
67.54,40.53,1.92,15.06,47.38
67.53,40.49,1.93,14.48,47.11
67.49,40.45,1.94,13.96,47.6
67.51,40.41,1.94,15.3,47.42
67.56,40.37,1.94,15.21,46.87
67.54,40.33,1.93,14.9,46.47
67.54,40.29,1.94,14.84,46.67
67.55,40.26,1.92,15.11,46.37
67.52,40.22,1.91,14.52,46.72
67.46,40.18,1.94,14.81,46.51
67.5,40.14,1.91,15.78,46.32
67.53,40.1,1.93,15.86,47.57
67.53,40.06,1.92,14.88,46.06
67.52,40.02,1.92,14.6,46.56
67.51,39.98,1.91,14.93,46.05
67.56,39.95,1.93,15.45,45.46
67.54,39.91,1.92,14.5,45.38
67.55,39.87,1.92,14.24,46.32
67.52,39.83,1.91,14.25,45.77
67.54,39.79,1.94,15.12,46.15
67.55,39.75,1.91,15.15,46.45
67.57,39.72,1.92,15.29,46.15
67.56,39.68,1.91,14.33,45.82
67.58,39.64,1.9,14.9,46.16
67.62,39.6,1.92,15.35,45.62
67.6,39.56,1.89,13.9,46.8
67.58,39.52,1.93,14.65,45.24
67.55,39.48,1.93,14.23,45.78
67.54,39.45,1.93,13.76,45.7
67.58,39.41,1.93,14.69,45.53
67.58,39.37,1.91,14.84,45.86
67.59,39.33,1.9,14.66,46.96
67.61,39.29,1.92,15.15,46.38
67.56,39.25,1.89,13.76,46.27
67.52,39.21,1.91,14.82,47.28
67.53,39.18,1.89,15.23,45.88
67.5,39.14,1.92,14.93,45.46
67.53,39.1,1.91,15.51,45.69
67.53,39.06,1.92,14.93,46.22
67.51,39.02,1.91,14.99,45.82
67.49,38.98,1.89,14.52,45.3
67.58,38.94,1.89,16.14,46.15
67.56,38.91,1.89,14.56,45.17
67.6,38.87,1.91,15.26,45.5
67.66,38.83,1.91,15.54,45.09
67.61,38.79,1.9,13.54,46.54
67.62,38.75,1.9,13.91,45.45
67.6,38.71,1.91,14.66,45.4
67.56,38.68,1.9,13.71,45.48
67.57,38.64,1.9,14.54,45.69
67.57,38.6,1.9,14.11,45.33
67.49,38.56,1.89,13.91,45.61
67.53,38.52,1.9,15.99,44.63
67.52,38.48,1.89,14.03,44.91
67.53,38.45,1.89,14.76,45.51
67.53,38.41,1.9,14.65,45.33
67.5,38.37,1.89,14.6,45.0
67.51,38.33,1.89,14.58,44.41
67.55,38.29,1.89,15.34,44.73
67.56,38.25,1.89,14.95,44.65
67.57,38.22,1.91,14.63,44.05
67.57,38.18,1.89,14.4,44.72
67.61,38.14,1.89,15.18,44.42
67.61,38.1,1.89,14.28,45.33
67.57,38.06,1.89,13.76,45.55
67.59,38.03,1.88,14.62,44.86
67.57,37.99,1.9,13.88,44.8
67.63,37.95,1.89,14.91,44.43
67.65,37.91,1.89,14.86,44.99
67.66,37.87,1.88,14.73,45.63
67.64,37.83,1.88,13.74,45.3
67.62,37.8,1.87,14.68,45.74
67.59,37.76,1.89,14.21,45.04
67.56,37.72,1.87,14.67,44.75
67.6,37.68,1.88,14.76,43.52
67.64,37.64,1.88,16.04,45.84
67.6,37.6,1.86,14.64,45.68
67.59,37.57,1.89,14.06,44.93
67.58,37.53,1.87,13.86,43.39
67.56,37.49,1.87,13.48,44.56
67.54,37.45,1.86,14.44,44.26
67.54,37.41,1.88,14.38,44.51
67.49,37.38,1.87,14.25,44.12
67.53,37.34,1.88,15.79,43.22
67.56,37.3,1.85,15.43,43.87
67.56,37.26,1.87,14.72,45.18
67.56,37.22,1.88,14.78,44.14
67.55,37.18,1.88,14.77,44.1
67.59,37.15,1.86,15.05,43.74
67.54,37.11,1.87,14.07,43.77
67.47,37.07,1.87,13.86,43.29
67.48,37.03,1.85,15.08,43.45
67.52,37.0,1.86,15.35,43.33
67.55,36.96,1.86,14.94,44.4
67.57,36.92,1.86,14.82,43.7
67.55,36.88,1.85,14.52,43.94
67.51,36.84,1.86,14.02,42.92
67.51,36.81,1.84,14.5,43.8
67.52,36.77,1.87,15.26,43.92
67.5,36.73,1.84,14.44,43.57
67.51,36.69,1.85,14.83,43.32
67.52,36.65,1.86,14.76,43.52
67.5,36.62,1.86,14.55,43.98
67.54,36.58,1.85,15.61,43.51
67.56,36.54,1.85,15.28,42.7
67.57,36.5,1.85,15.26,43.64
67.59,36.46,1.84,14.26,43.11
67.64,36.43,1.85,15.28,43.9
67.62,36.39,1.86,14.09,42.95
67.63,36.35,1.85,14.94,42.99
67.58,36.31,1.85,13.5,43.86
67.58,36.28,1.85,14.3,42.92
67.58,36.24,1.87,14.35,42.9
67.56,36.2,1.85,14.57,43.76
67.54,36.16,1.86,14.1,42.39
67.54,36.12,1.85,15.25,43.12
67.53,36.09,1.84,14.9,43.07
67.5,36.05,1.85,14.81,43.15
67.54,36.01,1.85,15.07,43.17
67.54,35.97,1.86,14.35,41.92
67.59,35.94,1.85,15.46,43.19
67.62,35.9,1.84,14.18,42.94
67.67,35.86,1.83,15.1,42.91
67.64,35.82,1.85,14.25,42.89
67.62,35.78,1.84,14.66,42.67
67.63,35.75,1.84,14.21,43.26
67.66,35.71,1.83,15.12,43.11
67.66,35.67,1.85,13.93,42.88
67.63,35.63,1.86,13.46,43.11
67.64,35.6,1.84,14.64,43.27
67.66,35.56,1.83,14.76,42.23
67.64,35.52,1.82,14.25,43.52
67.63,35.48,1.84,13.97,43.25
67.63,35.44,1.83,14.08,42.09
67.66,35.41,1.83,15.29,42.99
67.67,35.37,1.84,14.0,42.65
67.63,35.33,1.84,13.63,43.72
67.62,35.29,1.82,13.89,42.78
67.65,35.26,1.82,15.27,43.16
67.65,35.22,1.84,14.28,42.63
67.66,35.18,1.82,14.33,43.3
67.74,35.14,1.82,14.71,43.39
67.73,35.1,1.83,13.71,41.79
67.7,35.07,1.83,14.6,42.37
67.6,35.03,1.83,12.78,43.01
67.6,34.99,1.83,13.37,42.01
67.59,34.95,1.83,13.98,42.12
67.51,34.92,1.82,13.79,42.35
67.53,34.88,1.81,14.67,42.05
67.54,34.84,1.82,14.31,41.87
67.54,34.8,1.83,14.54,42.09
67.57,34.77,1.83,15.85,41.01
67.56,34.73,1.82,14.22,41.66
67.63,34.69,1.81,15.44,42.13
67.6,34.65,1.83,13.67,40.54
67.62,34.62,1.82,14.68,41.69
67.59,34.58,1.83,14.41,42.23
67.64,34.54,1.85,14.93,41.5
67.62,34.5,1.82,14.14,42.05
67.61,34.47,1.82,14.53,41.84
67.66,34.43,1.82,15.08,41.9
67.65,34.39,1.82,14.4,42.0
67.63,34.35,1.82,13.6,41.46
67.62,34.32,1.81,13.61,42.19
67.58,34.28,1.82,13.52,41.5
67.59,34.24,1.81,14.31,40.4
67.65,34.2,1.8,14.78,41.04
67.69,34.17,1.82,14.75,41.49
67.68,34.13,1.83,14.41,41.53
67.69,34.09,1.8,13.86,41.76
67.69,34.05,1.81,14.15,41.36
67.68,34.02,1.82,13.12,41.22
67.66,33.98,1.83,13.91,41.64
67.67,33.94,1.8,13.94,41.53
67.73,33.9,1.81,14.74,40.67
67.7,33.87,1.8,13.47,40.7
67.69,33.83,1.81,13.48,41.41
67.67,33.79,1.83,13.99,40.87
67.64,33.76,1.81,13.59,42.13
67.66,33.72,1.8,14.68,41.77
67.67,33.68,1.81,14.02,41.34
67.68,33.64,1.81,14.27,42.01
67.66,33.61,1.8,13.15,39.87
67.64,33.57,1.82,13.79,41.18
67.67,33.53,1.8,14.17,40.6
67.67,33.49,1.8,14.24,40.8
67.66,33.46,1.78,14.02,41.22
67.64,33.42,1.8,13.85,41.3
67.63,33.38,1.8,14.66,40.45
67.63,33.35,1.81,13.95,40.27
67.67,33.31,1.8,14.21,40.85
67.66,33.27,1.79,14.1,40.58
67.7,33.23,1.79,13.81,40.92
67.69,33.2,1.8,13.62,40.82
67.66,33.16,1.79,14.53,39.57
67.63,33.12,1.8,14.56,39.88
67.63,33.08,1.79,14.34,39.94
67.65,33.05,1.77,14.29,40.13
67.64,33.01,1.79,13.67,39.94
67.67,32.97,1.8,14.58,39.47
67.71,32.94,1.77,14.93,40.25
67.65,32.9,1.8,12.54,41.06
67.66,32.86,1.8,13.42,40.61
67.64,32.83,1.8,14.17,40.37
67.6,32.79,1.78,13.87,40.49
67.68,32.75,1.79,15.11,39.88
67.62,32.71,1.8,13.01,40.77
67.65,32.68,1.81,14.26,39.31
67.68,32.64,1.79,14.37,40.1
67.69,32.6,1.8,14.0,39.7
67.67,32.57,1.78,13.42,40.96
67.7,32.53,1.78,14.51,39.95
67.7,32.49,1.76,13.75,40.46
67.66,32.45,1.78,13.25,40.63
67.6,32.42,1.78,13.33,39.45
67.61,32.38,1.79,14.08,39.23
67.7,32.34,1.79,15.37,38.96
67.67,32.31,1.78,13.41,40.13
67.71,32.27,1.78,14.74,40.17
67.7,32.23,1.76,12.99,39.89
67.65,32.19,1.77,13.29,39.97
67.64,32.16,1.79,13.88,39.01
67.61,32.12,1.79,13.53,38.8
67.63,32.08,1.76,14.21,39.24
67.65,32.05,1.79,14.46,39.7
67.63,32.01,1.77,13.56,40.1
67.67,31.97,1.76,14.18,39.39
67.65,31.94,1.78,13.58,40.08
67.71,31.9,1.76,14.97,39.22
67.73,31.86,1.77,14.14,39.73
67.64,31.83,1.77,12.82,39.92
67.71,31.79,1.78,14.63,39.39
67.69,31.75,1.76,13.41,39.55
67.63,31.71,1.77,13.39,39.15
67.66,31.68,1.78,14.08,38.32
67.68,31.64,1.78,14.17,39.06
67.7,31.6,1.78,14.05,38.88
67.67,31.57,1.77,13.5,40.38
67.63,31.53,1.76,13.64,39.28
67.64,31.49,1.77,13.69,39.03
67.61,31.46,1.76,12.95,40.02
67.62,31.42,1.77,14.41,38.92
67.62,31.38,1.75,13.95,38.64
67.65,31.35,1.77,14.36,39.08
67.69,31.31,1.75,14.25,38.62
67.7,31.27,1.77,13.41,38.52
67.69,31.24,1.77,14.05,39.54
67.69,31.2,1.76,13.8,39.35
67.68,31.16,1.76,14.16,39.32
67.68,31.13,1.77,13.36,37.59
67.69,31.09,1.74,14.05,37.82
67.75,31.05,1.77,14.54,38.25
67.73,31.02,1.75,13.05,38.44
67.69,30.98,1.74,13.67,38.65
67.69,30.94,1.76,13.96,38.42
67.71,30.91,1.76,14.44,38.52
67.7,30.87,1.76,13.04,38.83
67.65,30.83,1.76,12.86,38.23
67.66,30.8,1.75,14.37,39.12
67.72,30.76,1.76,14.63,38.54
67.67,30.72,1.76,13.1,37.93
67.72,30.69,1.76,14.59,39.28
67.72,30.65,1.76,13.42,37.93
67.73,30.61,1.76,13.71,38.7
67.77,30.57,1.76,14.28,38.77
67.71,30.54,1.76,13.17,38.99
67.67,30.5,1.75,13.12,38.51
67.7,30.46,1.74,13.95,37.37
67.73,30.43,1.74,14.26,38.23
67.73,30.39,1.76,13.33,38.09
67.67,30.35,1.73,13.2,38.84
67.63,30.32,1.75,13.52,37.33
67.67,30.28,1.75,14.09,38.03
67.67,30.25,1.75,14.33,37.9
67.67,30.21,1.73,13.68,37.45
67.68,30.17,1.73,13.76,38.06
67.69,30.14,1.76,13.65,38.44
67.69,30.1,1.75,14.44,38.47
67.71,30.06,1.75,13.81,37.59
67.74,30.03,1.73,14.01,37.44
67.74,30.0,1.75,13.67,37.83
67.67,30.0,1.73,13.06,38.92
67.69,30.0,1.74,14.16,37.98
67.74,30.0,1.75,14.06,37.65
67.75,30.0,1.74,14.01,37.47
67.71,30.0,1.75,12.98,38.19
67.67,30.0,1.74,13.18,38.72
67.72,30.0,1.73,14.35,37.41
67.74,30.0,1.74,14.39,37.9
67.74,30.0,1.74,13.96,37.67
67.7,30.0,1.75,12.97,38.87
67.71,30.0,1.75,13.92,37.3
67.73,30.0,1.75,13.63,38.45
67.71,30.0,1.74,13.39,37.38
67.73,30.0,1.74,14.01,36.76
67.73,30.0,1.75,13.46,38.58
67.76,30.0,1.75,13.51,38.39
67.72,30.0,1.74,12.92,37.89
67.74,30.0,1.72,14.02,37.46
67.77,30.0,1.74,14.28,37.7
67.79,30.0,1.74,13.96,36.65
67.74,30.0,1.75,13.04,39.02
67.73,30.0,1.73,13.74,38.59
67.72,30.0,1.73,14.19,38.12
67.71,30.0,1.71,13.89,38.29
67.69,30.0,1.71,13.99,37.24
67.71,30.0,1.75,14.27,37.82
67.7,30.0,1.74,14.05,38.65
67.67,30.0,1.75,13.02,37.67
67.7,30.0,1.76,14.01,37.98
67.71,30.0,1.73,13.66,37.32
67.73,30.0,1.74,14.5,37.69
67.73,30.0,1.76,13.97,37.85
67.73,30.0,1.72,13.17,37.95
67.76,30.0,1.73,13.88,37.38
67.78,30.0,1.74,13.81,38.58
67.79,30.0,1.73,13.22,37.82
67.73,30.0,1.73,12.74,38.49
67.7,30.0,1.74,12.87,37.7
67.72,30.0,1.74,14.25,38.08
67.73,30.0,1.74,13.91,38.53
67.73,30.0,1.75,13.1,37.21
67.77,30.0,1.74,13.91,37.86
67.77,30.0,1.75,13.86,38.06
67.76,30.0,1.74,13.61,38.24
67.81,30.0,1.74,14.61,38.65
67.81,30.0,1.74,13.63,38.51
67.8,30.0,1.74,13.11,36.65
67.79,30.0,1.74,14.0,38.21
67.75,30.0,1.75,12.75,38.39
67.7,30.0,1.75,13.08,38.04
67.72,30.0,1.74,14.03,38.07
67.76,30.0,1.73,14.48,37.74
67.75,30.0,1.74,13.02,38.08
67.73,30.0,1.74,13.36,37.81
67.68,30.0,1.75,12.86,38.57
67.68,30.0,1.74,13.26,38.07
67.65,30.0,1.74,13.41,37.85
67.69,30.0,1.73,14.61,38.0
67.67,30.0,1.75,14.18,37.77
67.66,30.0,1.71,13.99,38.27
67.65,30.0,1.73,14.2,37.78
67.74,30.0,1.73,15.49,37.44
67.69,30.0,1.74,12.51,37.87
67.69,30.0,1.73,13.8,37.89
67.68,30.0,1.75,14.08,36.8
67.67,30.0,1.73,14.19,37.68
67.67,30.0,1.75,13.82,36.9
67.73,30.0,1.72,14.67,37.48
67.75,30.0,1.74,13.93,37.53
67.79,30.0,1.74,14.14,37.58
67.75,30.0,1.74,13.19,38.06
67.75,30.0,1.75,13.46,38.13
67.78,30.0,1.73,13.99,37.46
67.74,30.0,1.74,13.62,38.43
67.75,30.0,1.73,13.34,37.57
67.74,30.0,1.74,13.07,38.06
67.72,30.0,1.73,14.11,38.24
67.66,30.0,1.77,13.41,38.11
67.71,30.0,1.76,14.33,37.7
67.73,30.0,1.74,14.18,38.31
67.71,30.0,1.73,13.37,37.51
67.72,30.0,1.74,13.7,37.0
67.79,30.0,1.75,13.74,37.63
67.74,30.0,1.73,12.64,38.28
67.69,30.0,1.75,12.92,38.16
67.7,30.0,1.74,14.35,38.45
67.71,30.0,1.76,14.12,37.56
67.7,30.0,1.73,13.88,38.14
67.67,30.0,1.74,13.52,37.73
67.67,30.0,1.75,13.11,37.14
67.66,30.0,1.74,13.77,37.18
67.68,30.0,1.73,14.35,38.11
67.69,30.0,1.75,14.05,37.31
67.69,30.0,1.74,14.27,37.84
67.75,30.0,1.75,14.38,37.58
67.79,30.0,1.75,14.33,38.16
67.77,30.0,1.74,13.49,37.9
67.76,30.0,1.72,12.71,38.02
67.77,30.0,1.75,14.22,38.59
67.77,30.0,1.73,13.4,38.69
67.77,30.0,1.73,13.66,37.99
67.78,30.0,1.73,14.23,38.62
67.76,30.0,1.75,13.13,38.33
67.77,30.0,1.73,13.83,38.53
67.75,30.0,1.75,13.27,38.62
67.74,30.0,1.74,13.33,37.49
67.71,30.0,1.75,13.24,37.84
67.73,30.0,1.74,13.62,38.55
67.69,30.0,1.73,13.11,36.88
67.73,30.0,1.72,14.57,37.81
67.71,30.0,1.74,13.0,38.38
67.72,30.0,1.74,14.02,38.66
67.68,30.0,1.75,13.79,39.07
67.67,30.0,1.74,13.89,37.98
67.71,30.0,1.73,14.32,39.25
67.67,30.0,1.74,13.54,37.61
67.73,30.0,1.74,14.34,37.05
67.74,30.0,1.75,13.28,37.83
67.74,30.0,1.73,13.54,37.86
67.69,30.0,1.74,12.5,38.99
67.7,30.0,1.72,13.81,37.4
67.74,30.0,1.74,14.94,37.18
67.73,30.0,1.75,14.23,37.95
67.76,30.0,1.76,13.96,38.21
67.83,30.0,1.74,14.53,37.7
67.81,30.0,1.73,13.27,37.47
67.76,30.0,1.74,13.53,38.79
67.79,30.0,1.74,13.99,37.96
67.76,30.0,1.73,13.43,38.03
67.76,30.0,1.74,13.81,38.04
67.74,30.0,1.73,13.29,38.56
67.75,30.0,1.76,13.96,37.84
67.72,30.0,1.74,13.49,38.14
67.74,30.0,1.74,13.99,37.1
67.74,30.0,1.75,13.57,38.49
67.72,30.0,1.73,13.05,38.04
67.73,30.0,1.75,14.16,39.04
67.7,30.0,1.73,13.64,37.58
67.67,30.0,1.74,13.11,38.65
67.69,30.0,1.74,14.41,37.13
67.73,30.0,1.74,14.36,38.02
67.71,30.0,1.74,13.84,38.01
67.69,30.0,1.77,13.18,37.9
67.7,30.0,1.75,13.86,37.04
67.71,30.0,1.75,14.65,37.5
67.68,30.0,1.74,13.05,37.62
67.71,30.0,1.74,14.24,37.39
67.72,30.0,1.75,13.84,37.87
67.7,30.0,1.74,13.86,38.12
67.7,30.0,1.73,14.04,38.16
67.72,30.0,1.74,13.51,38.07
67.73,30.0,1.74,14.16,37.92
67.79,30.0,1.73,13.97,38.1
67.77,30.0,1.74,13.51,37.9
67.75,30.0,1.73,13.45,39.54
67.75,30.0,1.74,13.65,36.96
67.75,30.0,1.74,13.88,38.5
67.74,30.0,1.73,13.12,37.43
67.74,30.0,1.76,13.37,37.45
67.71,30.0,1.74,12.91,37.04
67.72,30.0,1.74,13.82,37.63
67.74,30.0,1.74,14.2,36.9
67.7,30.0,1.74,13.09,38.83
67.68,30.0,1.74,14.07,37.51
67.7,30.0,1.75,14.41,37.57
67.71,30.0,1.75,13.63,37.55
67.78,30.0,1.73,14.95,38.24
67.75,30.0,1.73,12.8,38.15
67.74,30.0,1.75,13.43,38.19
67.74,30.0,1.73,13.68,37.73
67.77,30.0,1.73,14.47,37.96
67.81,30.0,1.74,14.87,37.53
67.83,30.0,1.75,13.45,38.71
67.79,30.0,1.76,12.48,38.2
67.74,30.0,1.75,12.56,38.76
67.76,30.0,1.75,13.48,37.56
67.76,30.0,1.72,13.95,38.02
67.74,30.0,1.73,13.88,38.23
67.72,30.0,1.73,13.3,37.23
67.68,30.0,1.76,13.48,37.5
67.73,30.0,1.74,14.53,37.34
67.78,30.0,1.73,14.23,37.5
67.76,30.0,1.77,12.68,38.47
67.72,30.0,1.75,12.84,38.39
67.68,30.0,1.74,12.96,37.24
67.7,30.0,1.75,13.61,38.04
67.71,30.0,1.75,14.62,38.0
67.73,30.0,1.74,13.42,38.31
67.73,30.0,1.74,12.85,37.48
67.74,30.0,1.74,13.65,38.3
67.75,30.0,1.75,13.43,37.82
67.74,30.0,1.73,13.35,38.55
67.72,30.0,1.75,13.21,37.45
67.69,30.0,1.74,13.3,37.96
67.67,30.0,1.75,13.11,37.65
67.71,30.0,1.74,14.11,37.07
67.71,30.0,1.74,13.82,37.85
67.72,30.0,1.74,13.97,36.97
67.71,30.0,1.74,13.81,38.47
67.7,30.0,1.75,13.5,37.43
67.65,30.0,1.73,13.28,38.01
67.65,30.0,1.72,13.93,38.44
67.65,30.0,1.74,13.08,37.63
67.66,30.0,1.75,14.21,38.17
67.61,30.0,1.74,13.24,37.18
67.64,30.0,1.73,14.31,37.5
67.69,30.0,1.74,14.05,36.82
67.66,30.0,1.73,13.59,38.57
67.67,30.0,1.75,13.47,37.62
67.75,30.0,1.73,15.28,36.55
67.72,30.0,1.76,13.18,37.71
67.77,30.0,1.72,14.1,37.89
67.72,30.0,1.74,12.74,36.97
67.7,30.0,1.75,13.72,37.96
67.67,30.0,1.74,13.94,38.15
67.67,30.0,1.74,13.39,37.48
67.64,30.0,1.75,13.53,37.7
67.65,30.0,1.73,14.05,38.12
67.64,30.0,1.75,13.74,38.02
67.65,30.0,1.73,13.99,36.56
67.69,30.0,1.74,14.13,37.0
67.72,30.0,1.74,13.75,38.1
67.7,30.0,1.73,13.32,36.98
67.72,30.0,1.73,13.88,37.61
67.73,30.0,1.74,13.64,38.48
67.7,30.0,1.73,13.35,37.58
67.7,30.0,1.76,14.19,37.68
67.71,30.0,1.74,13.99,37.08
67.77,30.0,1.75,14.62,37.27
67.73,30.0,1.74,13.07,37.94
67.75,30.0,1.73,13.63,38.23
67.71,30.0,1.74,12.55,37.97
67.74,30.0,1.74,13.59,37.89
67.72,30.0,1.76,13.4,37.69
67.71,30.0,1.75,13.56,37.89
67.76,30.0,1.74,14.71,38.07
67.7,30.0,1.74,12.27,38.4
67.69,30.0,1.75,13.44,37.61
67.69,30.0,1.73,13.69,38.79
67.66,30.0,1.76,13.78,37.45
67.69,30.0,1.73,14.4,37.9
67.67,30.0,1.71,13.6,38.19
67.68,30.0,1.75,13.87,37.61
67.73,30.0,1.72,14.22,37.86
67.71,30.0,1.72,13.86,38.24
67.72,30.0,1.73,13.34,37.53
67.73,30.0,1.74,13.25,37.57
67.75,30.0,1.73,13.54,37.86
67.77,30.0,1.77,14.15,38.11
67.71,30.0,1.75,12.87,37.89
67.77,30.0,1.74,14.57,38.68
67.8,30.0,1.74,13.2,37.24
67.74,30.0,1.74,12.97,38.85
67.73,30.0,1.73,13.45,38.3
67.73,30.0,1.75,13.64,38.46
67.7,30.0,1.75,13.1,37.91
67.72,30.0,1.75,13.84,38.13
67.73,30.0,1.73,13.79,37.4
67.71,30.0,1.72,13.42,37.75
67.67,30.0,1.74,13.42,37.93
67.75,30.0,1.74,14.92,38.2
67.76,30.0,1.71,14.05,37.66
67.76,30.0,1.74,14.03,38.81
67.76,30.0,1.72,13.07,38.23
67.76,30.0,1.74,13.66,37.89
67.74,30.0,1.75,13.34,37.99
67.72,30.0,1.74,13.75,38.09
67.75,30.0,1.76,14.12,37.91
67.76,30.0,1.71,13.99,38.06
67.75,30.0,1.74,13.37,37.87
67.73,30.0,1.74,13.31,37.13
67.77,30.0,1.75,14.49,37.86
67.73,30.0,1.75,12.98,38.26
67.71,30.0,1.75,13.72,38.05
67.75,30.0,1.74,14.77,37.35
67.71,30.0,1.75,13.86,37.74
67.72,30.0,1.76,14.13,36.96
67.75,30.0,1.74,14.39,38.36
67.72,30.0,1.73,13.46,38.55
67.77,30.0,1.73,14.2,37.85
67.76,30.0,1.73,13.36,37.61
67.76,30.0,1.75,13.2,37.32
67.76,30.0,1.74,12.58,38.7
67.71,30.0,1.74,13.11,39.46
67.72,30.0,1.74,13.86,38.49
67.68,30.0,1.74,13.22,37.7
67.71,30.0,1.74,13.62,36.98
67.69,30.0,1.72,13.09,37.77
67.75,30.0,1.75,14.0,37.25
67.73,30.0,1.75,13.32,37.62
67.73,30.0,1.73,13.58,37.83
67.75,30.0,1.74,13.43,36.89
67.73,30.0,1.73,13.11,38.95
67.75,30.0,1.74,14.08,38.1
67.76,30.0,1.72,13.73,37.87
67.73,30.0,1.73,13.19,38.92
67.68,30.0,1.74,13.42,37.29
67.69,30.0,1.74,14.01,37.68
67.71,30.0,1.74,14.37,37.67
67.71,30.0,1.74,14.03,38.55
67.72,30.0,1.73,13.91,37.34
67.68,30.0,1.74,12.77,38.08
67.7,30.0,1.73,13.9,37.24
67.73,30.0,1.73,14.52,37.11
67.73,30.0,1.75,13.89,37.76
67.71,30.0,1.73,13.61,38.19
67.73,30.0,1.74,13.79,37.69
67.78,30.0,1.74,13.71,37.11
67.79,30.0,1.73,13.69,37.69
67.78,30.0,1.75,13.51,37.97
67.75,30.0,1.76,12.7,37.78
67.74,30.0,1.76,13.41,38.31
67.67,30.0,1.71,12.69,38.01
67.68,30.0,1.74,14.14,37.74
67.77,30.0,1.73,15.44,37.61
67.76,30.0,1.76,13.53,37.96
67.73,30.0,1.74,14.05,38.09
67.8,30.0,1.75,15.0,37.79
67.74,30.0,1.75,13.29,37.79
67.7,30.0,1.74,13.15,38.05
67.68,30.0,1.75,13.84,37.92
67.69,30.0,1.74,13.61,36.89
67.69,30.0,1.74,13.97,38.42
67.68,30.0,1.74,13.3,38.18
67.63,30.0,1.73,12.96,38.44
67.63,30.0,1.72,14.42,36.91
67.73,30.0,1.73,14.55,37.27
67.72,30.0,1.74,13.13,37.66
67.71,30.0,1.72,13.98,37.39
67.67,30.0,1.73,12.63,37.58
67.7,30.0,1.72,14.62,38.28
67.68,30.0,1.73,13.53,37.49
67.67,30.0,1.74,13.57,37.54
67.72,30.0,1.73,14.16,37.23
67.67,30.0,1.74,12.86,38.08
67.65,30.0,1.72,12.76,38.39
67.62,30.0,1.73,13.36,38.43
67.6,30.0,1.75,13.14,37.31
67.62,30.0,1.75,13.69,36.65
67.62,30.0,1.75,13.48,38.03
67.65,30.0,1.75,14.27,36.21
67.65,30.0,1.71,13.65,37.41
67.72,30.0,1.74,14.93,37.15
67.74,30.0,1.73,14.32,38.08
67.77,30.0,1.73,13.96,37.02
67.8,30.0,1.74,14.0,38.17
67.76,30.0,1.74,12.34,37.76
67.75,30.0,1.73,14.04,38.24
67.79,30.0,1.74,13.53,36.86
67.83,30.0,1.76,13.88,37.37
67.77,30.0,1.72,12.38,38.69
67.75,30.0,1.75,13.62,38.5
67.72,30.0,1.74,12.64,37.27
67.72,30.0,1.75,13.31,38.29
67.71,30.0,1.76,13.64,38.17
67.69,30.0,1.73,13.35,38.88
67.74,30.0,1.75,14.54,37.83
67.77,30.0,1.74,13.7,37.68
67.79,30.0,1.73,13.73,37.0
67.81,30.0,1.74,14.11,38.46
67.8,30.0,1.74,12.66,39.04
67.8,30.0,1.74,13.99,37.92
67.8,30.0,1.74,13.43,38.0
67.78,30.0,1.74,12.7,38.46
67.8,30.0,1.73,13.92,37.49
67.74,30.0,1.73,12.65,37.88
67.72,30.0,1.72,13.45,38.38
67.75,30.0,1.74,14.23,37.48
67.75,30.0,1.73,13.61,38.54
67.79,30.0,1.75,14.57,38.11
67.82,30.0,1.74,13.4,38.35
67.81,30.0,1.72,12.9,38.36
67.72,30.0,1.74,12.14,37.96
67.71,30.0,1.74,13.93,37.43
67.75,30.0,1.75,14.2,36.98
67.8,30.0,1.74,13.97,38.61
67.79,30.0,1.76,13.23,38.01
67.77,30.0,1.75,12.61,37.72
67.76,30.0,1.76,13.17,38.52
67.8,30.0,1.75,13.49,38.55
67.77,30.0,1.76,13.22,38.57
67.75,30.0,1.75,13.45,37.96
67.77,30.0,1.72,13.94,37.74
67.8,30.0,1.73,13.45,38.32
67.73,30.0,1.75,12.58,37.74
67.78,30.0,1.74,14.4,38.08
67.76,30.0,1.72,13.25,37.97
67.77,30.0,1.74,13.57,38.02
67.76,30.0,1.75,13.28,37.65
67.73,30.0,1.73,12.86,38.09
67.7,30.0,1.74,13.3,38.05
67.73,30.0,1.73,13.37,38.32
67.76,30.0,1.73,13.88,37.56
67.76,30.0,1.73,13.66,37.62
67.78,30.0,1.74,13.84,37.63
67.75,30.0,1.74,13.25,38.21
67.8,30.0,1.75,14.27,37.61
67.77,30.0,1.73,12.79,37.47
67.78,30.0,1.73,14.29,38.12
67.79,30.0,1.75,13.85,37.85
67.77,30.0,1.75,13.0,38.15
67.77,30.0,1.74,13.7,37.95
67.77,30.0,1.73,12.65,38.2
67.76,30.0,1.74,13.02,37.63
67.75,30.0,1.72,13.38,37.57
67.72,30.0,1.72,13.57,38.44
67.78,30.0,1.74,14.47,37.57
67.74,30.0,1.74,13.25,38.33
67.74,30.0,1.74,13.36,37.31
67.77,30.0,1.75,13.47,37.36
67.74,30.0,1.76,13.86,37.93
67.75,30.0,1.75,13.5,37.6
67.76,30.0,1.73,13.49,38.64
67.68,30.0,1.74,13.1,38.52
67.66,30.0,1.74,13.2,37.49
67.72,30.0,1.76,13.76,37.09
67.68,30.0,1.74,13.12,38.66
67.72,30.0,1.74,13.86,37.41
67.7,30.0,1.72,13.46,37.21
67.7,30.0,1.75,13.83,37.19
67.73,30.0,1.76,14.38,37.8
67.71,30.0,1.74,13.87,37.77
67.74,30.0,1.74,14.13,37.54
67.74,30.0,1.75,13.46,36.72
67.71,30.0,1.74,13.26,37.98
67.74,30.0,1.75,13.65,37.36
67.73,30.0,1.75,13.27,38.2
67.68,30.0,1.74,12.76,38.43
67.74,30.0,1.72,15.22,37.88
67.75,30.0,1.74,14.26,37.28
67.77,30.0,1.74,14.22,38.38
67.74,30.0,1.75,13.11,38.13
67.75,30.0,1.75,14.02,38.22
67.74,30.0,1.74,13.45,37.46
67.73,30.0,1.74,14.03,37.86
67.75,30.0,1.75,13.68,38.01
67.71,30.0,1.75,13.21,37.69
67.74,30.0,1.75,14.45,37.69
67.72,30.0,1.75,13.8,38.19
67.7,30.0,1.73,13.2,37.33
67.73,30.0,1.75,13.68,37.09
67.67,30.0,1.75,12.66,38.4
67.68,30.0,1.75,13.95,37.69
67.69,30.0,1.75,13.3,38.03
67.77,30.0,1.74,15.03,37.49
67.77,30.0,1.75,14.02,38.06
67.74,30.0,1.75,13.12,37.39
67.79,30.0,1.73,14.23,38.04
67.77,30.0,1.74,13.01,38.03
67.77,30.0,1.74,13.75,37.84
67.74,30.0,1.74,12.9,38.04
67.73,30.0,1.75,13.58,38.0
67.76,30.0,1.73,13.04,37.55
67.68,30.0,1.74,12.75,38.42
67.7,30.0,1.73,14.98,36.96
67.71,30.0,1.75,14.23,38.37
67.74,30.0,1.72,14.41,38.75
67.71,30.0,1.74,13.18,37.73
67.73,30.0,1.75,14.28,38.49
67.76,30.0,1.74,13.79,37.96
67.78,30.0,1.74,14.49,37.31
67.77,30.0,1.73,13.52,38.77
67.74,30.0,1.74,13.78,38.47
67.69,30.0,1.75,12.79,37.61
67.72,30.0,1.73,13.94,37.1
67.72,30.0,1.75,13.84,37.48
67.73,30.0,1.74,13.91,38.57
67.73,30.0,1.74,13.4,38.01
67.7,30.0,1.73,12.72,38.08
67.69,30.0,1.74,13.16,38.53
67.7,30.0,1.74,13.31,37.34
67.68,30.0,1.76,13.5,38.07
67.71,30.0,1.71,14.59,37.49
67.69,30.0,1.74,13.0,37.17
67.69,30.0,1.75,13.18,37.63
67.63,30.0,1.75,12.94,37.68
67.66,30.0,1.74,14.6,37.08
67.63,30.0,1.75,12.91,37.81
67.6,30.0,1.73,13.68,37.2
67.6,30.0,1.74,13.78,37.92
67.63,30.0,1.75,14.22,36.76
67.61,30.0,1.74,13.64,37.91
67.66,30.0,1.74,14.6,37.11
67.65,30.0,1.75,14.13,36.43
67.69,30.0,1.74,14.63,37.14
67.7,30.0,1.74,14.22,36.74
67.71,30.0,1.73,14.14,39.06
67.72,30.0,1.73,13.94,38.5
67.72,30.0,1.74,14.15,38.22
67.74,30.0,1.74,14.18,38.47
67.77,30.0,1.73,14.19,37.34
67.81,30.0,1.74,13.9,37.96
67.79,30.0,1.75,12.55,38.94
67.76,30.0,1.73,12.89,38.0
67.73,30.0,1.74,14.28,38.11
67.72,30.0,1.75,13.44,37.89
67.73,30.0,1.74,14.26,38.01
67.75,30.0,1.74,13.61,37.53
67.75,30.0,1.75,14.29,38.61
67.72,30.0,1.73,13.0,38.37
67.7,30.0,1.74,13.84,36.53
67.68,30.0,1.73,13.85,37.61
67.7,30.0,1.75,14.13,38.0
67.71,30.0,1.73,14.02,37.41
67.72,30.0,1.75,13.69,38.4
67.71,30.0,1.75,13.51,38.56
67.74,30.0,1.74,13.73,38.2
67.74,30.0,1.73,13.66,38.61
67.78,30.0,1.75,14.65,37.71
67.76,30.0,1.72,13.01,37.62
67.74,30.0,1.72,13.28,38.17
67.8,30.0,1.74,14.35,38.02
67.76,30.0,1.73,12.77,38.33
67.74,30.0,1.75,14.2,37.71
67.7,30.0,1.76,13.29,37.67
67.7,30.0,1.74,13.18,37.81
67.69,30.0,1.74,13.79,36.94
67.7,30.0,1.75,13.45,37.87
67.69,30.0,1.74,13.19,38.9
67.69,30.0,1.74,14.4,38.95
67.66,30.0,1.74,12.69,37.85
67.68,30.0,1.75,13.73,36.61
67.65,30.0,1.74,13.64,37.93
67.65,30.0,1.74,13.92,37.2
67.67,30.0,1.74,14.3,36.94
67.64,30.0,1.73,13.41,38.59
67.65,30.0,1.73,13.65,38.47
67.7,30.0,1.74,14.64,37.71
67.68,30.0,1.76,13.43,37.97
67.66,30.0,1.74,13.28,38.49
67.72,30.0,1.71,14.45,37.33
67.68,30.0,1.74,13.35,37.4
67.7,30.0,1.73,14.1,38.08
67.74,30.0,1.75,13.96,37.88
67.72,30.0,1.73,13.59,37.5
67.73,30.0,1.74,13.49,38.03
67.72,30.0,1.73,13.61,38.0
67.7,30.0,1.73,12.8,37.54
67.71,30.0,1.73,13.68,38.03
67.71,30.0,1.73,14.23,38.41
67.69,30.0,1.73,14.34,37.77
67.69,30.0,1.74,13.71,37.2
67.75,30.0,1.75,14.57,37.63
67.74,30.0,1.74,14.19,38.16
67.79,30.0,1.75,14.11,37.9
67.79,30.0,1.72,13.54,38.7
67.74,30.0,1.74,13.02,38.75
67.75,30.0,1.73,13.03,38.86
67.76,30.0,1.75,13.6,37.64
67.82,30.0,1.73,13.86,38.2
67.73,30.0,1.73,12.2,38.1
67.7,30.0,1.75,13.1,37.47
67.71,30.0,1.73,13.57,37.69
67.67,30.0,1.72,13.59,38.03
67.73,30.0,1.74,14.14,37.93
67.76,30.0,1.76,14.01,37.84
67.75,30.0,1.74,12.41,38.23
67.78,30.0,1.74,14.35,37.67
67.7,30.0,1.75,12.24,37.52
67.74,30.0,1.74,14.24,37.96
67.76,30.0,1.74,14.16,37.97
67.79,30.0,1.73,13.77,37.84
67.75,30.0,1.74,12.73,38.49
67.76,30.0,1.75,13.97,37.68
67.77,30.0,1.75,14.23,38.81
67.69,30.0,1.76,12.91,37.62
67.67,30.0,1.75,13.4,37.72
67.69,30.0,1.73,13.8,37.02
67.66,30.0,1.74,13.44,36.71
67.64,30.0,1.73,13.05,36.9
67.68,30.0,1.75,15.13,38.5
67.68,30.0,1.74,14.27,37.44
67.7,30.0,1.73,13.82,37.51
67.69,30.0,1.73,13.21,37.86
67.72,30.0,1.74,14.3,36.89
67.74,30.0,1.73,13.39,37.58
67.79,30.0,1.74,14.75,38.2
67.8,30.0,1.73,14.53,37.66
67.79,30.0,1.76,13.19,37.35
67.76,30.0,1.75,13.34,38.01
67.77,30.0,1.74,13.0,38.98
67.78,30.0,1.73,13.37,38.6
67.77,30.0,1.75,13.07,37.45
67.7,30.0,1.73,12.73,37.84
67.72,30.0,1.72,14.06,37.45
67.71,30.0,1.74,13.79,37.85
67.69,30.0,1.76,13.83,37.43
67.71,30.0,1.78,13.54,37.72
67.67,30.0,1.73,13.12,38.06
67.68,30.0,1.73,13.6,37.13
67.72,30.0,1.74,14.41,37.73
67.69,30.0,1.74,13.51,38.01
67.64,30.0,1.75,13.44,37.31
67.67,30.0,1.73,13.8,38.15
67.69,30.0,1.74,13.43,38.96
67.72,30.0,1.73,13.98,37.45
67.68,30.0,1.73,12.68,37.21
67.68,30.0,1.75,13.86,37.2
67.72,30.0,1.74,14.03,37.72
67.74,30.0,1.73,14.42,37.64
67.75,30.0,1.75,13.34,38.45
67.67,30.0,1.75,12.59,38.55
67.65,30.0,1.75,13.8,38.03
67.62,30.0,1.72,13.37,37.26
67.7,30.0,1.74,14.31,38.4
67.74,30.0,1.74,14.35,37.92
67.73,30.0,1.74,13.65,38.23
67.7,30.0,1.74,13.6,38.32
67.77,30.0,1.74,14.74,38.39
67.79,30.0,1.72,13.53,38.59
67.74,30.0,1.73,12.58,38.83
67.69,30.0,1.76,12.93,37.68
67.71,30.0,1.75,13.88,37.71
67.72,30.0,1.74,14.22,38.37
67.74,30.0,1.74,14.08,37.6
67.77,30.0,1.74,13.97,37.06
67.8,30.0,1.75,13.74,38.47
67.81,30.0,1.74,13.86,38.93
67.8,30.0,1.74,13.57,38.61
67.81,30.0,1.74,13.2,37.76
67.82,30.0,1.74,14.19,37.41
67.82,30.0,1.73,13.65,38.48
67.75,30.0,1.73,12.49,38.45
67.79,30.0,1.75,13.78,37.49
67.7,30.0,1.73,12.5,37.68
67.73,30.0,1.72,14.21,37.58
67.75,30.0,1.74,14.02,37.64
67.74,30.0,1.74,12.88,37.41
67.76,30.0,1.72,14.09,38.12
67.78,30.0,1.75,13.31,38.02
67.78,30.0,1.74,14.06,38.44
67.77,30.0,1.74,13.42,37.67
67.82,30.0,1.73,14.19,37.03
67.78,30.0,1.75,12.39,38.87
67.79,30.0,1.74,13.73,39.14
67.76,30.0,1.73,13.46,38.76
67.75,30.0,1.72,13.3,36.98
67.73,30.0,1.76,13.51,38.44
67.71,30.0,1.72,12.86,38.53
67.75,30.0,1.73,15.07,37.82
67.75,30.0,1.74,13.36,37.95
67.72,30.0,1.74,13.85,37.79
67.65,30.0,1.74,12.52,38.04
67.72,30.0,1.74,14.75,37.13
67.74,30.0,1.75,14.54,37.71
67.72,30.0,1.74,13.32,37.55
67.76,30.0,1.75,14.33,36.93
67.75,30.0,1.74,13.55,38.69
67.75,30.0,1.75,13.81,38.04
67.72,30.0,1.75,13.2,37.68
67.66,30.0,1.72,12.07,38.08
67.69,30.0,1.71,14.21,37.87
67.75,30.0,1.75,14.53,37.4
67.71,30.0,1.72,13.09,38.31
67.73,30.0,1.74,14.3,37.47
67.74,30.0,1.73,13.78,37.88
67.76,30.0,1.74,13.17,37.91
67.77,30.0,1.74,13.97,38.07
67.78,30.0,1.74,13.33,38.36
67.78,30.0,1.73,13.93,37.63
67.79,30.0,1.73,13.46,37.95
67.73,30.0,1.76,13.29,38.5
67.73,30.0,1.74,13.48,36.91
67.74,30.0,1.74,13.56,38.43
67.78,30.0,1.73,13.77,37.92
67.79,30.0,1.73,13.37,38.16
67.74,30.0,1.75,12.41,38.23
67.76,30.0,1.74,12.92,38.54
67.72,30.0,1.75,12.82,37.82
67.69,30.0,1.72,13.36,38.67
67.72,30.0,1.77,14.44,36.61
67.73,30.0,1.74,13.66,37.33
67.71,30.0,1.76,13.72,38.24
67.7,30.0,1.75,13.88,38.19
67.69,30.0,1.73,13.65,37.95
67.69,30.0,1.73,14.23,37.52
67.72,30.0,1.74,14.18,37.46
67.69,30.0,1.73,12.74,37.13
67.74,30.0,1.76,14.37,38.26
67.72,30.0,1.76,13.55,38.26
67.77,30.0,1.75,14.68,37.88
67.77,30.0,1.74,13.32,37.74
67.73,30.0,1.74,13.45,37.68
67.78,30.0,1.73,14.05,37.82
67.74,30.0,1.75,12.8,38.08
67.76,30.0,1.74,13.16,38.65
67.8,30.0,1.75,14.07,37.51
67.74,30.0,1.73,13.63,38.19
67.73,30.0,1.74,13.26,37.46
67.7,30.0,1.75,13.22,37.38
67.69,30.0,1.74,13.47,37.55
67.74,30.0,1.75,14.1,36.23
67.71,30.0,1.73,13.05,37.46
67.7,30.0,1.76,13.87,36.86
67.69,30.0,1.72,13.33,38.43
67.71,30.0,1.74,14.16,37.71
67.74,30.0,1.74,14.0,38.18
67.77,30.0,1.75,12.85,37.74
67.81,30.0,1.74,14.55,38.79
67.79,30.0,1.75,13.13,37.36
67.78,30.0,1.73,12.95,38.37
67.74,30.0,1.73,13.11,37.6
67.7,30.0,1.74,13.1,38.68
67.72,30.0,1.75,13.56,38.38
67.7,30.0,1.76,13.84,37.76
67.71,30.0,1.73,13.4,38.15
67.77,30.0,1.74,14.23,38.24
67.74,30.0,1.74,12.73,37.83
67.74,30.0,1.76,13.37,37.0
67.76,30.0,1.74,13.77,38.28
67.76,30.0,1.73,13.92,38.23
67.74,30.0,1.74,13.31,38.2
67.77,30.0,1.74,13.78,38.38
67.73,30.0,1.72,12.73,37.9
67.77,30.0,1.75,14.29,38.0
67.74,30.0,1.74,13.08,38.35
67.71,30.0,1.75,13.18,38.79
67.69,30.0,1.74,12.81,38.42
67.74,30.0,1.72,13.72,37.98
67.76,30.0,1.74,13.93,37.52
67.72,30.0,1.75,13.24,38.02
67.68,30.0,1.73,12.8,38.14
67.7,30.0,1.73,14.04,36.93
67.71,30.0,1.74,14.03,37.34
67.67,30.0,1.75,13.35,37.81
67.71,30.0,1.75,14.86,39.08
67.69,30.0,1.74,12.82,38.61
67.72,30.0,1.74,14.46,37.65
67.68,30.0,1.73,13.15,38.39
67.66,30.0,1.73,13.49,38.08
67.64,30.0,1.73,13.75,37.61
67.7,30.0,1.74,15.21,37.13
67.72,30.0,1.74,13.57,38.12
67.69,30.0,1.76,13.07,38.51
67.69,30.0,1.74,12.73,37.86
67.69,30.0,1.74,13.73,37.92
67.72,30.0,1.74,13.71,37.43
67.72,30.0,1.73,13.82,38.27
67.69,30.0,1.73,13.39,37.87
67.63,30.0,1.74,13.62,38.81
67.7,30.0,1.74,15.11,37.57
67.71,30.0,1.73,13.45,36.69
67.73,30.0,1.76,13.36,37.58
67.71,30.0,1.74,13.71,37.7
67.71,30.0,1.75,14.61,37.73
67.74,30.0,1.74,14.25,37.03
67.76,30.0,1.74,13.52,37.57
67.75,30.0,1.75,12.71,37.01
67.74,30.0,1.73,13.53,37.79
67.72,30.0,1.74,13.36,36.89
67.75,30.0,1.75,14.0,37.85
67.76,30.0,1.73,14.04,38.23
67.77,30.0,1.76,13.79,38.89
67.75,30.0,1.74,12.62,37.5
67.75,30.0,1.74,14.16,37.99
67.74,30.0,1.75,12.72,37.44
67.74,30.0,1.73,13.76,37.09
67.74,30.0,1.74,14.15,37.67
67.71,30.0,1.73,13.24,38.7
67.66,30.0,1.73,12.69,37.81
67.7,30.0,1.75,14.65,37.96
67.7,30.0,1.75,14.15,37.38
67.7,30.0,1.75,13.99,37.89
67.72,30.0,1.73,13.43,37.74
67.71,30.0,1.74,12.89,37.36
67.73,30.0,1.73,13.65,37.6
67.72,30.0,1.73,13.79,37.54
67.72,30.0,1.7,13.51,37.85
67.74,30.0,1.73,13.29,37.67
67.71,30.0,1.74,13.67,38.69
67.68,30.0,1.73,13.36,37.57
67.77,30.0,1.74,15.27,38.15
67.75,30.0,1.73,12.59,38.27
67.79,30.0,1.74,14.01,38.33
67.78,30.0,1.72,12.68,38.0
67.72,30.0,1.74,12.26,38.18
67.7,30.0,1.76,14.16,37.6
67.72,30.0,1.74,13.28,37.29
67.74,30.0,1.74,13.67,38.11
67.79,30.0,1.73,14.33,36.88
67.78,30.0,1.75,13.96,38.22
67.76,30.0,1.74,13.74,38.46
67.77,30.0,1.72,13.41,38.04
67.75,30.0,1.73,13.55,37.93
67.74,30.0,1.73,13.4,36.2
67.74,30.0,1.76,13.85,37.54
67.75,30.0,1.75,14.04,38.42
67.74,30.0,1.73,13.41,37.88
67.78,30.0,1.75,14.28,37.9
67.8,30.0,1.75,13.82,37.43
67.79,30.0,1.75,13.64,37.65
67.79,30.0,1.74,12.88,38.01
67.77,30.0,1.73,12.9,37.72
67.78,30.0,1.75,13.27,38.24
67.74,30.0,1.73,12.98,38.7
67.73,30.0,1.74,13.47,38.68
67.74,30.0,1.72,14.43,37.21
67.78,30.0,1.74,13.73,38.05
67.76,30.0,1.72,13.14,38.11
67.81,30.0,1.75,14.81,38.29
67.79,30.0,1.75,13.52,38.15
67.81,30.0,1.74,13.47,37.74
67.8,30.0,1.74,13.51,38.93
67.8,30.0,1.74,13.62,37.83
67.73,30.0,1.73,12.73,39.35
67.73,30.0,1.75,14.31,38.26
67.81,30.0,1.72,14.36,37.9
67.82,30.0,1.74,13.48,38.83
67.8,30.0,1.75,12.96,38.49
67.8,30.0,1.73,13.71,37.7
67.77,30.0,1.77,13.0,38.71
67.77,30.0,1.73,13.46,38.12
67.75,30.0,1.73,13.37,38.63
67.73,30.0,1.75,13.02,37.79
67.71,30.0,1.72,12.94,37.76
67.68,30.0,1.74,13.34,37.49
67.7,30.0,1.76,13.83,37.45
67.76,30.0,1.74,14.61,36.85
67.76,30.0,1.74,13.52,37.84
67.73,30.0,1.74,13.17,37.58
67.73,30.0,1.74,13.91,38.35
67.74,30.0,1.74,14.1,38.5
67.74,30.0,1.75,13.63,37.4
67.76,30.0,1.73,13.86,37.84
67.76,30.0,1.74,13.81,37.99
67.76,30.0,1.74,13.42,37.81
67.76,30.0,1.74,14.22,38.78
67.78,30.0,1.74,13.1,37.89
67.75,30.0,1.73,13.49,38.4
67.67,30.0,1.75,12.88,37.57
67.7,30.0,1.73,15.02,37.74
67.72,30.0,1.75,13.59,37.28
67.72,30.0,1.76,13.13,38.23
67.84,30.0,1.74,15.09,37.45
67.79,30.0,1.74,12.65,38.53
67.77,30.0,1.74,12.62,38.03
67.78,30.0,1.72,13.45,38.32
67.78,30.0,1.75,13.59,38.0
67.71,30.0,1.73,12.7,37.63
67.71,30.0,1.74,14.41,37.78
67.7,30.0,1.73,12.97,37.3
67.73,30.0,1.74,14.36,37.76
67.75,30.0,1.75,14.0,38.32
67.73,30.0,1.74,13.39,38.27
67.71,30.0,1.74,13.47,37.7
67.71,30.0,1.75,14.38,38.44
67.69,30.0,1.74,13.55,38.16
67.72,30.0,1.75,14.01,37.02
67.71,30.0,1.75,13.57,38.58
67.7,30.0,1.74,12.61,39.07
67.64,30.0,1.74,12.84,37.93
67.69,30.0,1.75,14.39,37.07
67.69,30.0,1.75,14.32,37.78
67.73,30.0,1.76,13.7,37.08
67.72,30.0,1.74,13.6,39.0
67.69,30.0,1.75,13.34,38.71
67.71,30.0,1.74,13.57,37.54
67.74,30.0,1.75,13.52,38.42
67.72,30.0,1.74,13.25,37.69
67.71,30.0,1.72,13.16,38.26
67.69,30.0,1.76,13.3,37.57
67.71,30.0,1.74,13.96,37.35
67.75,30.0,1.74,13.88,38.15
67.76,30.0,1.76,14.34,38.44
67.79,30.0,1.76,13.62,37.61
67.77,30.0,1.75,13.23,37.91
67.79,30.0,1.75,14.01,38.37
67.75,30.0,1.74,13.13,38.66
67.74,30.0,1.75,13.41,37.99
67.77,30.0,1.75,13.21,37.58
67.67,30.0,1.73,12.22,37.78
67.6,30.0,1.74,12.39,37.62
67.6,30.0,1.76,13.57,37.45
67.65,30.0,1.76,15.13,37.78
67.64,30.0,1.76,13.32,36.9
67.63,30.0,1.75,14.04,37.48
67.66,30.0,1.73,14.67,37.93
67.63,30.0,1.73,13.37,37.7
67.64,30.0,1.74,13.99,37.29
67.67,30.0,1.73,14.19,37.42
67.66,30.0,1.75,14.03,37.76
67.68,30.0,1.75,13.61,37.68
67.72,30.0,1.75,13.92,37.55
67.67,30.0,1.74,13.4,37.46
67.69,30.0,1.75,13.95,38.24
67.67,30.0,1.75,13.53,38.31
67.62,30.0,1.74,13.25,37.8
67.64,30.0,1.75,14.53,37.2
67.66,30.0,1.77,14.13,37.3
67.71,30.0,1.74,14.61,38.23
67.66,30.0,1.72,12.56,37.49
67.66,30.0,1.75,13.48,36.64
67.68,30.0,1.72,14.6,37.84
67.64,30.0,1.74,13.05,37.08
67.64,30.0,1.74,13.63,37.74
67.7,30.0,1.74,14.73,36.97
67.72,30.0,1.73,13.64,38.24
67.71,30.0,1.75,13.62,38.0
67.68,30.0,1.74,13.89,38.75
67.64,30.0,1.74,13.45,38.04
67.63,30.0,1.74,13.83,37.21
67.69,30.0,1.76,14.78,37.5
67.72,30.0,1.73,14.0,37.48
67.73,30.0,1.74,13.45,37.1
67.75,30.0,1.73,13.7,37.41
67.75,30.0,1.74,13.45,38.42
67.74,30.0,1.75,12.61,39.5
67.71,30.0,1.75,13.21,37.89
67.71,30.0,1.75,13.88,37.44
67.76,30.0,1.74,14.53,38.61
67.68,30.0,1.74,11.83,38.18
67.71,30.0,1.75,13.92,37.08
67.74,30.0,1.74,14.07,38.32
67.74,30.0,1.75,13.53,38.0
67.79,30.0,1.74,13.9,38.99
67.68,30.0,1.73,11.37,38.76
67.7,30.0,1.72,13.73,37.49
67.7,30.0,1.75,13.28,37.96
67.68,30.0,1.74,13.43,37.29
67.73,30.0,1.73,14.65,36.7
67.7,30.0,1.74,12.82,38.39
67.72,30.0,1.76,14.25,37.56
67.71,30.0,1.72,13.56,38.25
67.7,30.0,1.75,12.69,37.57
67.76,30.0,1.73,14.25,37.31
67.75,30.0,1.75,13.54,38.04
67.74,30.0,1.74,13.13,37.34
67.79,30.0,1.73,15.27,38.28
67.74,30.0,1.75,12.31,37.65
67.75,30.0,1.74,14.11,38.08
67.73,30.0,1.74,13.22,38.87
67.7,30.0,1.73,12.53,37.81
67.66,30.0,1.75,13.42,38.2
67.65,30.0,1.74,13.77,37.45
67.7,30.0,1.75,15.35,37.98
67.71,30.0,1.71,13.65,38.48
67.7,30.0,1.73,13.22,38.32
67.7,30.0,1.76,13.5,36.83
67.73,30.0,1.75,14.22,38.88
67.77,30.0,1.75,14.59,38.12
67.77,30.0,1.74,14.13,37.82
67.75,30.0,1.76,13.79,38.49
67.71,30.0,1.77,13.21,37.85
67.74,30.0,1.75,13.86,37.42
67.71,30.0,1.74,13.47,38.38
67.72,30.0,1.76,12.71,37.19
67.71,30.0,1.74,13.73,38.7
67.71,30.0,1.75,13.75,37.79
67.74,30.0,1.74,13.79,38.21
67.72,30.0,1.74,13.08,37.28
67.78,30.0,1.73,13.7,37.89
67.72,30.0,1.74,12.33,38.28
67.7,30.0,1.73,13.99,38.51
67.76,30.0,1.75,14.03,38.17
67.74,30.0,1.73,13.44,37.58
67.72,30.0,1.74,13.9,38.08
67.75,30.0,1.74,14.11,38.06
67.77,30.0,1.73,14.31,38.12
67.77,30.0,1.74,13.51,36.86
67.75,30.0,1.74,12.72,37.6
67.75,30.0,1.75,13.57,38.14
67.78,30.0,1.74,13.59,37.25
67.77,30.0,1.74,13.03,37.49
67.77,30.0,1.75,14.19,37.89
67.79,30.0,1.74,13.84,38.17
67.79,30.0,1.74,13.37,38.75
67.85,30.0,1.72,13.95,36.97
67.8,30.0,1.75,12.61,38.37
67.75,30.0,1.74,12.68,38.33
67.73,30.0,1.73,13.49,38.03
67.72,30.0,1.73,13.77,38.39
67.75,30.0,1.73,13.99,37.86
67.7,30.0,1.74,12.61,37.74
67.68,30.0,1.74,13.51,38.15
67.7,30.0,1.75,13.98,37.83
67.68,30.0,1.73,13.42,38.49
67.71,30.0,1.76,14.01,37.3
67.67,30.0,1.74,13.33,38.02
67.64,30.0,1.75,13.56,37.35
67.67,30.0,1.76,14.64,37.59
67.69,30.0,1.73,13.6,36.6
67.73,30.0,1.75,14.38,37.56
67.71,30.0,1.76,13.01,37.64
67.71,30.0,1.73,13.43,37.53
67.77,30.0,1.73,13.82,37.06
67.79,30.0,1.73,13.24,38.05
67.82,30.0,1.73,14.26,38.53
67.83,30.0,1.73,13.38,37.91
67.78,30.0,1.75,12.95,38.05
67.74,30.0,1.75,13.57,38.74
67.83,30.0,1.74,14.81,37.73
67.79,30.0,1.73,12.36,38.15
67.76,30.0,1.75,12.94,38.47
67.75,30.0,1.74,13.55,38.29
67.71,30.0,1.75,13.05,38.63
67.7,30.0,1.73,13.64,37.93
67.67,30.0,1.74,12.94,37.26
67.69,30.0,1.73,14.5,37.45
67.73,30.0,1.75,14.11,38.44
67.74,30.0,1.75,13.94,38.77
67.72,30.0,1.74,13.38,37.29
67.72,30.0,1.75,13.69,38.86
67.69,30.0,1.73,13.45,37.73
67.73,30.0,1.74,14.13,37.76
67.71,30.0,1.75,13.45,38.99
67.73,30.0,1.74,13.52,38.21
67.7,30.0,1.75,12.47,37.91
67.71,30.0,1.74,14.0,36.95
67.72,30.0,1.74,13.95,38.45
67.68,30.0,1.74,13.71,37.37
67.66,30.0,1.75,14.02,37.4
67.71,30.0,1.72,13.88,37.94
67.73,30.0,1.72,13.38,37.74
67.77,30.0,1.74,14.58,38.0
67.72,30.0,1.74,13.18,38.59
67.77,30.0,1.74,13.47,37.51
67.74,30.0,1.76,13.68,38.65
67.68,30.0,1.75,12.31,37.57
67.7,30.0,1.73,14.03,37.63
67.69,30.0,1.76,13.07,38.15
67.67,30.0,1.75,13.48,38.1
67.7,30.0,1.75,14.46,37.8
67.7,30.0,1.74,14.11,37.47
67.71,30.0,1.73,14.57,38.36
67.75,30.0,1.73,14.37,37.27
67.8,30.0,1.74,14.28,37.63
67.75,30.0,1.74,13.3,37.23
67.73,30.0,1.75,13.62,37.44
67.76,30.0,1.73,13.9,37.86
67.74,30.0,1.74,13.28,38.85
67.8,30.0,1.76,14.72,37.26
67.75,30.0,1.73,13.03,38.64
67.77,30.0,1.76,13.67,38.41
67.75,30.0,1.75,13.32,38.69
67.76,30.0,1.72,13.61,38.22
67.69,30.0,1.75,12.91,38.07
67.7,30.0,1.75,14.29,37.93
67.75,30.0,1.74,14.85,37.85
67.76,30.0,1.75,13.74,37.96
67.8,30.0,1.73,14.63,37.33
67.78,30.0,1.75,14.0,37.9
67.81,30.0,1.74,14.17,38.47
67.81,30.0,1.74,13.87,37.79
67.79,30.0,1.75,12.54,38.09
67.8,30.0,1.73,13.58,38.23
67.78,30.0,1.74,13.07,38.28
67.82,30.0,1.75,13.27,37.92
67.8,30.0,1.74,13.26,38.18
67.76,30.0,1.73,13.36,37.25
67.79,30.0,1.73,13.55,37.92
67.75,30.0,1.75,12.91,38.9
67.79,30.0,1.74,14.51,37.66
67.75,30.0,1.75,12.3,37.99
67.74,30.0,1.75,13.81,37.81
67.73,30.0,1.75,13.28,38.13
67.73,30.0,1.75,14.09,37.28
67.75,30.0,1.74,13.58,37.7
67.74,30.0,1.76,13.52,38.39
67.74,30.0,1.73,13.19,38.27
67.75,30.0,1.74,13.36,38.55
67.75,30.0,1.73,13.12,38.49
67.73,30.0,1.74,12.89,38.12
67.71,30.0,1.74,13.94,37.58
67.69,30.0,1.72,13.8,37.68
67.71,30.0,1.75,13.6,38.21
67.71,30.0,1.75,13.32,37.27
67.71,30.0,1.74,13.92,36.85
67.73,30.0,1.74,13.96,38.24
67.73,30.0,1.74,13.67,38.26
67.74,30.0,1.74,13.46,37.98
67.74,30.0,1.73,13.77,38.62
67.74,30.0,1.74,13.98,37.29
67.74,30.0,1.73,13.82,37.33
67.74,30.0,1.74,13.3,38.44
67.76,30.0,1.75,13.29,37.29
67.73,30.0,1.74,13.1,38.39
67.74,30.0,1.74,13.82,37.56
67.76,30.0,1.73,13.34,38.28
67.72,30.0,1.73,12.62,37.03
67.69,30.0,1.72,13.78,37.95
67.7,30.0,1.72,13.98,37.84
67.72,30.0,1.73,14.04,38.44
67.75,30.0,1.74,13.71,37.19
67.72,30.0,1.74,12.63,37.84
67.73,30.0,1.73,13.56,37.26
67.71,30.0,1.74,12.55,37.73
67.75,30.0,1.74,14.63,38.04
67.74,30.0,1.75,13.45,37.88
67.7,30.0,1.76,13.1,37.42
67.69,30.0,1.75,14.08,37.95
67.68,30.0,1.74,13.77,37.89
67.7,30.0,1.72,13.7,37.34
67.7,30.0,1.73,14.07,38.15
67.7,30.0,1.74,13.68,37.95
67.71,30.0,1.75,14.68,37.55
67.73,30.0,1.74,14.58,38.04
67.67,30.0,1.74,13.09,38.22
67.66,30.0,1.74,13.45,37.76
67.7,30.0,1.74,14.04,37.15
67.69,30.0,1.74,13.33,38.9
67.72,30.0,1.74,14.58,38.67
67.7,30.0,1.74,13.2,37.8
67.72,30.0,1.73,13.98,38.07
67.7,30.0,1.75,13.24,37.59
67.7,30.0,1.74,13.24,37.61
67.72,30.0,1.74,14.02,37.74
67.74,30.0,1.74,13.99,37.12
67.73,30.0,1.75,13.85,38.69
67.73,30.0,1.73,13.28,38.59
67.75,30.0,1.74,13.77,37.89
67.73,30.0,1.75,13.36,38.68
67.71,30.0,1.73,13.5,38.76
67.78,30.0,1.75,14.52,37.6
67.77,30.0,1.74,13.26,37.2
67.76,30.0,1.75,13.99,38.85
67.77,30.0,1.72,13.82,38.58
67.76,30.0,1.75,13.28,37.52
67.76,30.0,1.73,13.61,38.6
67.7,30.0,1.73,12.19,38.11
67.67,30.0,1.75,12.98,37.41
67.66,30.0,1.75,14.08,38.48
67.67,30.0,1.75,14.05,38.0
67.69,30.0,1.74,14.12,37.34
67.72,30.0,1.74,14.08,37.19
67.73,30.0,1.74,13.72,38.54
67.74,30.0,1.72,13.72,38.07
67.76,30.0,1.74,13.4,37.23
67.75,30.0,1.73,13.33,38.5
67.71,30.0,1.73,13.44,37.85
67.68,30.0,1.75,13.64,37.79
67.7,30.0,1.73,13.85,37.75
67.7,30.0,1.75,14.02,37.62
67.75,30.0,1.73,14.54,38.17
67.75,30.0,1.76,12.67,38.76
67.72,30.0,1.72,13.32,37.43
67.71,30.0,1.74,13.62,38.69
67.79,30.0,1.76,14.41,37.65
67.78,30.0,1.74,13.22,37.86
67.77,30.0,1.74,12.72,38.77
67.74,30.0,1.74,12.77,37.45
67.74,30.0,1.75,13.41,38.46
67.73,30.0,1.74,13.07,37.78
67.8,30.0,1.75,14.37,38.14
67.8,30.0,1.75,13.75,38.03
67.81,30.0,1.75,14.0,38.57
67.76,30.0,1.74,12.05,37.53
67.78,30.0,1.73,13.73,38.08
67.8,30.0,1.76,13.63,38.6
67.75,30.0,1.73,13.35,38.32
67.73,30.0,1.75,13.4,38.53
67.73,30.0,1.74,13.65,37.81
67.72,30.0,1.74,13.4,37.07
67.73,30.0,1.74,13.41,38.1
67.74,30.0,1.74,14.15,38.19
67.77,30.0,1.75,13.73,38.24
67.76,30.0,1.75,13.12,38.02
67.75,30.0,1.73,13.91,38.01
67.72,30.0,1.74,13.67,38.15
67.76,30.0,1.74,13.98,37.32
67.76,30.0,1.74,14.05,37.78
67.75,30.0,1.74,13.4,37.84
67.7,30.0,1.74,13.44,37.95
67.68,30.0,1.72,13.73,38.62
67.69,30.0,1.72,14.2,37.91
67.68,30.0,1.74,14.64,38.46
67.71,30.0,1.74,14.78,37.46
67.72,30.0,1.72,13.15,37.01
67.7,30.0,1.73,13.79,38.33
67.72,30.0,1.75,14.43,38.05
67.72,30.0,1.74,14.31,38.0
67.75,30.0,1.72,13.8,37.8
67.7,30.0,1.73,12.75,38.09
67.67,30.0,1.75,12.89,37.83
67.71,30.0,1.73,13.99,37.63
67.72,30.0,1.73,13.98,37.02
67.74,30.0,1.73,14.09,37.83
67.74,30.0,1.73,13.44,37.56
67.75,30.0,1.76,14.24,37.11
67.74,30.0,1.74,13.28,37.34
67.78,30.0,1.74,13.12,37.43
67.74,30.0,1.73,12.35,38.87
67.71,30.0,1.72,13.12,38.28
67.78,30.0,1.75,14.64,37.62
67.73,30.0,1.72,12.82,38.64
67.71,30.0,1.74,13.41,38.12
67.72,30.0,1.75,14.31,37.9
67.74,30.0,1.74,13.77,36.62
67.72,30.0,1.74,13.55,38.42
67.73,30.0,1.73,12.88,38.1
67.72,30.0,1.73,13.23,37.57
67.74,30.0,1.72,13.89,38.3
67.77,30.0,1.74,14.07,38.42
67.8,30.0,1.73,13.49,38.59
67.8,30.0,1.72,13.75,38.15
67.77,30.0,1.73,13.07,37.69
67.75,30.0,1.72,13.17,37.86
67.7,30.0,1.75,12.77,38.18
67.74,30.0,1.74,13.92,38.1
67.73,30.0,1.74,13.29,38.39
67.76,30.0,1.74,14.31,37.82
67.76,30.0,1.74,12.98,38.08
67.76,30.0,1.75,13.46,37.96
67.77,30.0,1.74,13.75,37.87
67.69,30.0,1.74,12.88,38.16
67.71,30.0,1.74,14.16,38.15
67.74,30.0,1.74,14.47,38.53
67.75,30.0,1.75,14.14,37.19
67.74,30.0,1.74,13.96,38.2
67.7,30.0,1.73,13.29,38.11
67.66,30.0,1.74,12.74,38.43
67.65,30.0,1.73,14.05,37.1
67.64,30.0,1.76,13.71,37.8
67.68,30.0,1.76,14.65,37.98
67.69,30.0,1.75,13.8,37.71
67.71,30.0,1.75,14.16,37.54
67.7,30.0,1.74,14.12,37.63
67.69,30.0,1.74,14.14,38.69
67.69,30.0,1.73,13.68,38.43
67.69,30.0,1.73,14.16,37.54
67.73,30.0,1.74,14.75,37.93
67.74,30.0,1.74,13.75,38.07
67.74,30.0,1.73,13.98,37.98
67.71,30.0,1.73,12.59,38.96
67.74,30.0,1.73,13.63,37.5
67.75,30.0,1.74,13.62,37.9
67.69,30.0,1.74,12.59,37.89
67.72,30.0,1.73,14.55,36.91
67.71,30.0,1.74,13.48,38.25
67.72,30.0,1.73,13.43,37.95
67.76,30.0,1.74,14.09,37.89
67.75,30.0,1.74,13.65,38.0
67.79,30.0,1.72,13.74,37.39
67.77,30.0,1.76,12.92,38.11
67.68,30.0,1.74,12.46,37.82
67.7,30.0,1.75,14.06,38.51
67.69,30.0,1.74,14.12,37.56
67.66,30.0,1.75,13.12,38.4
67.67,30.0,1.74,13.78,37.79
67.66,30.0,1.73,13.74,37.89
67.7,30.0,1.76,14.66,38.01
67.7,30.0,1.73,13.65,38.47
67.74,30.0,1.75,14.7,38.31
67.68,30.0,1.73,13.35,38.38
67.72,30.0,1.73,14.41,37.59
67.75,30.0,1.74,14.62,38.46
67.78,30.0,1.76,14.02,38.99
67.72,30.0,1.74,12.87,37.7
67.75,30.0,1.75,13.74,37.82
67.73,30.0,1.74,12.76,37.68
67.68,30.0,1.74,13.23,38.42
67.72,30.0,1.73,14.06,37.45
67.76,30.0,1.75,14.39,37.82
67.75,30.0,1.74,13.1,37.03
67.75,30.0,1.76,13.75,37.91
67.7,30.0,1.74,12.76,38.37
67.72,30.0,1.75,13.63,37.4
67.71,30.0,1.75,13.94,37.92
67.75,30.0,1.73,14.83,37.64
67.75,30.0,1.73,13.25,36.63
67.69,30.0,1.74,12.69,38.38
67.7,30.0,1.74,14.6,37.05
67.75,30.0,1.75,14.36,37.02
67.71,30.0,1.74,12.5,38.38
67.74,30.0,1.74,14.34,38.43
67.73,30.0,1.74,13.06,37.95
67.69,30.0,1.74,12.52,38.55
67.65,30.0,1.74,14.32,38.5
67.65,30.0,1.75,13.37,37.86
67.66,30.0,1.74,13.87,36.65
67.72,30.0,1.73,14.58,37.03
67.73,30.0,1.75,13.87,37.62
67.71,30.0,1.76,12.98,37.6
67.73,30.0,1.74,13.29,38.87
67.73,30.0,1.73,13.45,37.59
67.71,30.0,1.74,13.6,38.66
67.68,30.0,1.74,12.89,38.02
67.7,30.0,1.74,13.78,37.59
67.74,30.0,1.75,13.94,37.92
67.74,30.0,1.75,13.67,38.71
67.78,30.0,1.74,13.85,37.05
67.76,30.0,1.74,13.28,38.27
67.73,30.0,1.74,13.15,38.67
67.72,30.0,1.74,13.14,38.06
67.72,30.0,1.75,13.19,37.06
67.7,30.0,1.74,13.19,38.66
67.72,30.0,1.73,13.6,37.11
67.67,30.0,1.72,13.27,38.39
67.69,30.0,1.74,13.98,37.82
67.75,30.0,1.73,15.11,37.66
67.77,30.0,1.73,13.57,38.3
67.76,30.0,1.74,13.27,38.3
67.8,30.0,1.75,13.7,37.65
67.73,30.0,1.75,12.54,37.65
67.72,30.0,1.74,12.95,37.77
67.74,30.0,1.73,13.83,37.33
67.73,30.0,1.74,13.4,38.08
67.72,30.0,1.73,13.23,37.78
67.68,30.0,1.75,13.47,38.06
67.75,30.0,1.74,14.53,37.11
67.77,30.0,1.74,13.7,37.76
67.72,30.0,1.74,12.95,37.51
67.73,30.0,1.73,13.97,38.2
67.7,30.0,1.74,13.29,38.49
67.68,30.0,1.75,13.25,37.98
67.71,30.0,1.73,14.32,37.46
67.69,30.0,1.74,13.06,37.39
67.72,30.0,1.74,13.94,37.61
67.67,30.0,1.74,14.02,37.0
67.65,30.0,1.76,13.3,37.55
67.69,30.0,1.74,14.31,37.68
67.67,30.0,1.74,13.61,38.31
67.66,30.0,1.76,13.21,37.78
67.66,30.0,1.74,13.27,37.33
67.68,30.0,1.75,14.11,37.18
67.69,30.0,1.73,13.92,37.89
67.76,30.0,1.73,14.35,37.99
67.77,30.0,1.75,13.85,37.39
67.71,30.0,1.73,12.31,38.0
67.72,30.0,1.74,13.93,38.4
67.7,30.0,1.75,13.76,37.87
67.7,30.0,1.74,13.95,38.0
67.67,30.0,1.73,13.73,37.02
67.68,30.0,1.73,14.23,37.36
67.73,30.0,1.75,13.7,37.54
67.72,30.0,1.73,14.15,38.5
67.69,30.0,1.73,13.1,38.57
67.7,30.0,1.74,13.65,37.64
67.67,30.0,1.74,13.41,38.13
67.69,30.0,1.75,14.3,37.37
67.7,30.0,1.76,13.41,37.58
67.73,30.0,1.73,14.12,38.03
67.74,30.0,1.74,13.7,37.89
67.74,30.0,1.73,13.77,37.79
67.74,30.0,1.74,13.38,38.67
67.75,30.0,1.76,14.54,37.26
67.72,30.0,1.74,13.5,37.89
67.74,30.0,1.74,13.93,37.35
67.77,30.0,1.75,13.71,37.39
67.75,30.0,1.73,13.21,37.96
67.77,30.0,1.75,13.29,37.85
67.75,30.0,1.74,13.87,38.25
67.78,30.0,1.76,13.98,37.38
67.79,30.0,1.75,13.85,38.83
67.77,30.0,1.74,12.91,38.55
67.78,30.0,1.74,14.05,37.8
67.71,30.0,1.75,12.8,38.24
67.7,30.0,1.74,13.76,37.58
67.71,30.0,1.73,14.14,38.08
67.73,30.0,1.74,14.09,37.47
67.71,30.0,1.72,13.78,38.34
67.74,30.0,1.76,13.47,38.73
67.69,30.0,1.73,13.48,37.05
67.71,30.0,1.74,13.77,38.41
67.7,30.0,1.75,13.3,37.36
67.73,30.0,1.74,13.97,37.3
67.73,30.0,1.74,13.06,37.55
67.75,30.0,1.74,14.43,38.16
67.73,30.0,1.75,13.54,37.63
67.77,30.0,1.73,14.06,38.21
67.78,30.0,1.72,14.2,37.64
67.77,30.0,1.74,13.12,37.86
67.73,30.0,1.72,12.8,37.87
67.74,30.0,1.74,13.15,37.52
67.78,30.0,1.75,13.9,37.2
67.74,30.0,1.75,12.34,37.75
67.71,30.0,1.74,13.25,37.79
67.76,30.0,1.73,14.35,37.45
67.75,30.0,1.75,13.01,38.45
67.74,30.0,1.74,12.84,37.77
67.7,30.0,1.76,13.05,38.17
67.76,30.0,1.74,14.59,38.09
67.77,30.0,1.74,13.81,38.78
67.74,30.0,1.75,12.54,38.03
67.71,30.0,1.74,13.81,37.69
67.72,30.0,1.76,13.6,37.68
67.72,30.0,1.74,13.73,37.78
67.71,30.0,1.74,13.26,37.94
67.69,30.0,1.75,13.94,38.08
67.67,30.0,1.74,13.52,37.22
67.7,30.0,1.73,13.88,36.83
67.72,30.0,1.76,13.9,37.9
67.69,30.0,1.74,12.98,37.87
67.7,30.0,1.73,13.95,37.59
67.74,30.0,1.74,14.3,38.02
67.74,30.0,1.73,13.21,37.43
67.78,30.0,1.76,14.51,37.29
67.76,30.0,1.73,13.62,38.21
67.75,30.0,1.73,13.84,38.79
67.7,30.0,1.76,12.26,37.52
67.71,30.0,1.73,14.15,37.94
67.7,30.0,1.73,14.44,37.94
67.7,30.0,1.74,13.37,37.53
67.69,30.0,1.76,13.74,38.47
67.68,30.0,1.74,13.52,37.81
67.69,30.0,1.73,14.13,37.94
67.76,30.0,1.72,15.13,37.5
67.76,30.0,1.71,13.28,37.99
67.76,30.0,1.73,13.53,37.46
67.72,30.0,1.74,12.99,37.92
67.72,30.0,1.73,13.11,36.95
67.71,30.0,1.73,13.58,38.26
67.69,30.0,1.74,13.88,38.38
67.67,30.0,1.73,13.0,37.56
67.68,30.0,1.75,13.77,36.96
67.68,30.0,1.75,13.37,37.41
67.67,30.0,1.74,13.15,37.65
67.67,30.0,1.74,12.73,37.94
67.7,30.0,1.75,13.49,37.41
67.71,30.0,1.74,14.12,37.98
67.74,30.0,1.75,13.73,38.1
67.72,30.0,1.75,12.86,38.07
67.68,30.0,1.73,13.36,39.34
67.67,30.0,1.74,14.06,38.76
67.7,30.0,1.75,14.51,37.68
67.74,30.0,1.74,13.92,38.32
67.75,30.0,1.74,13.72,38.06
67.77,30.0,1.72,13.5,38.6
67.75,30.0,1.74,13.38,37.74
67.72,30.0,1.73,13.8,37.96
67.77,30.0,1.75,14.11,36.52
67.75,30.0,1.74,14.01,38.0
67.75,30.0,1.74,14.15,38.45
67.76,30.0,1.73,13.22,37.6
67.7,30.0,1.74,13.02,37.47
67.7,30.0,1.75,14.36,37.72
67.74,30.0,1.75,14.62,37.49
67.74,30.0,1.75,14.39,37.69
67.74,30.0,1.75,13.95,37.97
67.75,30.0,1.73,13.81,37.59
67.75,30.0,1.74,13.83,37.88
67.76,30.0,1.74,13.51,38.45
67.75,30.0,1.74,13.85,38.22
67.73,30.0,1.74,13.41,38.27
67.75,30.0,1.75,14.58,38.41
67.75,30.0,1.75,13.53,38.21
67.77,30.0,1.74,13.67,37.97
67.76,30.0,1.74,13.43,38.25
67.72,30.0,1.73,13.15,37.66
67.71,30.0,1.74,13.23,37.8
67.68,30.0,1.74,12.57,38.62
67.77,30.0,1.73,14.85,37.25
67.77,30.0,1.74,13.47,37.46
67.76,30.0,1.73,13.3,38.44
67.72,30.0,1.75,13.18,38.43
67.78,30.0,1.76,14.28,37.05
67.79,30.0,1.74,13.47,38.4
67.78,30.0,1.74,13.37,37.49
67.76,30.0,1.73,13.57,38.66
67.79,30.0,1.74,14.4,37.96
67.74,30.0,1.73,12.84,38.98
67.72,30.0,1.73,13.32,36.97
67.76,30.0,1.75,13.97,37.55
67.77,30.0,1.72,13.85,37.92
67.77,30.0,1.77,13.33,37.64
67.77,30.0,1.74,13.63,37.09
67.77,30.0,1.73,13.44,37.71
67.71,30.0,1.75,12.93,38.39
67.67,30.0,1.74,13.03,38.74
67.7,30.0,1.75,14.15,37.4
67.72,30.0,1.74,14.3,38.18
67.75,30.0,1.74,14.86,38.35
67.71,30.0,1.74,13.35,37.92
67.7,30.0,1.75,14.64,38.13
67.74,30.0,1.73,14.34,37.62
67.72,30.0,1.72,13.3,38.73
67.75,30.0,1.74,13.64,37.84
67.73,30.0,1.73,13.31,38.51
67.75,30.0,1.74,14.19,38.02
67.73,30.0,1.74,12.94,37.75
67.77,30.0,1.74,14.28,38.02
67.78,30.0,1.74,13.91,38.27
67.74,30.0,1.73,12.85,38.37
67.76,30.0,1.75,14.1,37.35
67.76,30.0,1.74,13.62,38.0
67.75,30.0,1.73,12.68,37.87
67.74,30.0,1.73,13.31,37.75
67.76,30.0,1.73,13.8,38.06
67.76,30.0,1.73,13.26,37.93
67.74,30.0,1.74,13.92,38.62
67.71,30.0,1.76,13.28,39.29
67.68,30.0,1.73,13.1,37.35
67.67,30.0,1.75,13.79,37.37
67.72,30.0,1.74,14.57,38.17
67.72,30.0,1.73,13.43,37.41
67.74,30.0,1.74,13.17,38.47
67.73,30.0,1.75,14.12,37.83
67.74,30.0,1.75,13.89,37.96
67.7,30.0,1.74,13.08,37.56
67.67,30.0,1.74,13.27,37.45
67.68,30.0,1.74,13.23,37.73
67.74,30.0,1.74,14.68,38.39
67.72,30.0,1.72,13.59,38.33
67.72,30.0,1.74,13.9,37.33
67.73,30.0,1.75,13.63,37.17
67.67,30.0,1.76,13.07,38.55
67.64,30.0,1.74,13.77,37.75
67.66,30.0,1.73,14.28,37.51
67.73,30.0,1.73,14.62,37.64
67.69,30.0,1.73,13.4,38.33
67.69,30.0,1.76,14.44,37.16
67.67,30.0,1.71,13.19,37.84
67.69,30.0,1.75,13.84,37.91
67.67,30.0,1.73,13.69,38.1
67.69,30.0,1.72,13.31,36.97
67.7,30.0,1.75,14.01,37.62
67.7,30.0,1.74,13.57,38.12
67.78,30.0,1.75,14.95,37.08
67.72,30.0,1.73,13.06,38.95
67.67,30.0,1.74,13.09,38.07
67.69,30.0,1.74,13.87,37.45
67.66,30.0,1.72,13.3,39.17
67.68,30.0,1.74,13.6,37.02
67.7,30.0,1.74,14.1,37.55
67.71,30.0,1.75,13.76,38.21
67.73,30.0,1.74,13.99,38.28
67.74,30.0,1.73,14.23,37.58
67.75,30.0,1.74,13.67,37.02
67.77,30.0,1.75,14.05,37.67
67.79,30.0,1.74,14.09,37.73
67.81,30.0,1.72,13.45,38.03
67.78,30.0,1.75,12.95,38.45
67.82,30.0,1.73,13.89,38.0
67.83,30.0,1.74,13.55,39.19
67.81,30.0,1.73,12.84,37.57
67.76,30.0,1.74,12.75,37.64
67.78,30.0,1.74,13.55,37.76
67.79,30.0,1.74,12.91,38.25
67.77,30.0,1.74,13.07,37.4
67.74,30.0,1.75,13.2,37.24
67.78,30.0,1.73,14.3,37.5
67.81,30.0,1.72,14.03,38.24
67.82,30.0,1.75,13.47,38.24
67.81,30.0,1.74,13.12,37.98
67.75,30.0,1.73,12.68,37.79
67.75,30.0,1.75,14.08,38.07
67.72,30.0,1.75,13.07,38.06
67.66,30.0,1.74,12.86,37.47
67.7,30.0,1.75,14.62,37.4
67.74,30.0,1.73,14.35,37.74
67.77,30.0,1.72,14.25,39.04
67.74,30.0,1.75,13.11,38.38
67.75,30.0,1.73,13.88,37.59
67.76,30.0,1.76,13.42,37.72
67.73,30.0,1.72,12.7,37.1
67.76,30.0,1.74,13.66,38.28
67.75,30.0,1.74,13.37,37.03
67.75,30.0,1.73,13.82,37.65
67.67,30.0,1.74,12.35,37.45
67.66,30.0,1.71,13.72,37.41
67.7,30.0,1.73,14.81,37.13
67.71,30.0,1.74,14.28,37.88
67.75,30.0,1.73,14.57,37.81
67.71,30.0,1.75,12.58,37.9
67.66,30.0,1.74,12.61,37.28
67.69,30.0,1.73,13.96,37.59
67.71,30.0,1.76,14.35,37.96
67.68,30.0,1.76,14.53,38.3
67.73,30.0,1.76,14.31,38.73
67.78,30.0,1.74,14.07,38.59
67.74,30.0,1.74,12.52,37.97
67.71,30.0,1.75,12.91,37.16
67.76,30.0,1.74,14.56,38.28
67.71,30.0,1.74,12.56,37.82
67.73,30.0,1.74,13.75,38.08
67.7,30.0,1.75,12.64,37.7
67.7,30.0,1.74,13.54,38.04
67.72,30.0,1.74,14.28,37.46
67.69,30.0,1.74,13.39,38.12
67.69,30.0,1.74,13.81,37.87
67.7,30.0,1.76,13.92,37.86
67.66,30.0,1.74,13.3,37.77
67.65,30.0,1.74,13.5,37.49
67.69,30.0,1.74,13.84,37.29
67.72,30.0,1.74,13.59,37.63
67.7,30.0,1.73,13.32,37.54
67.67,30.0,1.75,13.16,37.24
67.7,30.0,1.75,13.79,37.57
67.69,30.0,1.75,13.64,37.5
67.68,30.0,1.73,13.76,37.56
67.72,30.0,1.73,14.08,37.06
67.73,30.0,1.74,13.58,37.23
67.72,30.0,1.73,13.62,38.64
67.74,30.0,1.74,13.3,38.2
67.77,30.0,1.72,13.93,38.25
67.74,30.0,1.73,13.69,38.59
67.72,30.0,1.74,13.11,37.61
67.72,30.0,1.73,14.14,38.4
67.75,30.0,1.74,14.36,38.19
67.73,30.0,1.74,13.51,38.24
67.69,30.0,1.74,12.85,37.58
67.65,30.0,1.75,13.4,37.49
67.66,30.0,1.74,14.04,36.76
67.67,30.0,1.74,13.77,37.29
67.64,30.0,1.74,13.27,37.95
67.64,30.0,1.74,14.15,37.29
67.74,30.0,1.74,14.96,36.89
67.72,30.0,1.73,13.6,37.4
67.7,30.0,1.76,13.14,37.79
67.69,30.0,1.73,13.24,37.83
67.66,30.0,1.75,14.23,37.54
67.67,30.0,1.74,13.47,37.13
67.69,30.0,1.75,14.41,38.3
67.67,30.0,1.75,13.48,38.88
67.68,30.0,1.74,14.43,37.82
67.66,30.0,1.74,12.81,37.85
67.61,30.0,1.74,12.55,37.01
67.66,30.0,1.73,14.5,37.35
67.7,30.0,1.74,14.35,37.88
67.72,30.0,1.74,14.74,38.03
67.76,30.0,1.74,14.05,37.59
67.7,30.0,1.75,12.26,38.2
67.76,30.0,1.74,14.29,37.88
67.76,30.0,1.75,13.77,38.43
67.71,30.0,1.74,13.16,37.82
67.74,30.0,1.74,13.89,38.44
67.73,30.0,1.75,13.0,38.16
67.74,30.0,1.73,14.16,37.82
67.74,30.0,1.74,13.51,37.93
67.76,30.0,1.74,13.48,37.58
67.72,30.0,1.75,13.37,37.65
67.75,30.0,1.75,13.95,37.07
67.75,30.0,1.73,13.54,38.82
67.74,30.0,1.75,13.69,38.12
67.68,30.0,1.73,12.74,38.45
67.69,30.0,1.73,13.86,37.94
67.69,30.0,1.75,13.59,37.21
67.73,30.0,1.73,13.85,38.2
67.75,30.0,1.72,13.54,39.0
67.77,30.0,1.73,13.71,37.99
67.73,30.0,1.75,12.99,37.73
67.67,30.0,1.75,13.03,37.61
67.71,30.0,1.74,14.61,37.52
67.73,30.0,1.72,14.49,38.03
67.69,30.0,1.74,13.08,37.95
67.67,30.0,1.76,13.57,37.24
67.71,30.0,1.74,14.42,38.55
67.75,30.0,1.74,14.41,37.82
67.69,30.0,1.74,12.05,38.78
67.68,30.0,1.75,13.85,37.83
67.68,30.0,1.74,13.24,37.83
67.68,30.0,1.74,14.1,37.23
67.73,30.0,1.73,14.23,36.8
67.71,30.0,1.75,13.55,37.23
67.71,30.0,1.74,13.76,37.65
67.75,30.0,1.75,13.94,37.82
67.76,30.0,1.74,13.71,38.02
67.75,30.0,1.73,13.94,38.51
67.7,30.0,1.74,13.13,38.5
67.71,30.0,1.73,14.0,38.37
67.69,30.0,1.74,13.24,37.26
67.65,30.0,1.75,13.27,38.5
67.68,30.0,1.74,14.71,38.04
67.66,30.0,1.74,13.31,38.16
67.64,30.0,1.75,13.43,36.4
67.67,30.0,1.76,13.95,37.48
67.68,30.0,1.76,14.64,37.19
67.71,30.0,1.75,15.08,37.8
67.73,30.0,1.74,13.69,37.78
67.72,30.0,1.75,13.02,37.76
67.72,30.0,1.74,13.81,38.35
67.67,30.0,1.74,12.01,37.65
67.7,30.0,1.75,13.75,37.16
67.73,30.0,1.74,14.22,36.93
67.72,30.0,1.75,13.51,37.59
67.69,30.0,1.74,12.75,38.75
67.71,30.0,1.74,14.34,37.01
67.75,30.0,1.73,14.45,37.8
67.77,30.0,1.74,13.75,38.83
67.78,30.0,1.75,13.73,38.36
67.8,30.0,1.74,13.88,38.05
67.76,30.0,1.72,12.74,38.07
67.83,30.0,1.76,13.86,36.66
67.8,30.0,1.73,12.88,38.33
67.79,30.0,1.74,13.27,38.15
67.75,30.0,1.74,12.63,38.16
67.73,30.0,1.74,13.41,38.56
67.76,30.0,1.74,14.29,37.87
67.8,30.0,1.74,14.07,37.9
67.76,30.0,1.75,12.76,38.54
67.68,30.0,1.73,12.1,38.03
67.69,30.0,1.73,13.62,37.45
67.71,30.0,1.75,14.04,38.43
67.77,30.0,1.74,14.32,38.44
67.75,30.0,1.75,13.04,38.46
67.79,30.0,1.73,14.42,38.02
67.81,30.0,1.74,14.31,38.0
67.77,30.0,1.73,12.8,37.89
67.75,30.0,1.75,13.0,39.05
67.73,30.0,1.73,14.08,38.92
67.71,30.0,1.74,13.24,37.67
67.7,30.0,1.72,13.87,37.84
67.69,30.0,1.73,13.29,37.53
67.69,30.0,1.73,13.64,37.18
67.68,30.0,1.73,13.44,37.1
67.71,30.0,1.73,14.35,37.94
67.72,30.0,1.76,13.93,38.19
67.73,30.0,1.75,13.89,38.35
67.72,30.0,1.74,13.2,37.71
67.7,30.0,1.73,13.9,38.45
67.78,30.0,1.75,13.89,37.45
67.76,30.0,1.74,13.25,37.88
67.75,30.0,1.75,13.5,37.81
67.74,30.0,1.75,14.2,38.12
67.78,30.0,1.75,14.32,38.66
67.75,30.0,1.74,13.34,38.44
67.76,30.0,1.74,14.15,37.71
67.73,30.0,1.76,13.35,38.35
67.69,30.0,1.72,12.96,38.56
67.68,30.0,1.72,14.0,37.62
67.7,30.0,1.74,13.91,38.21
67.69,30.0,1.73,14.02,37.8
67.71,30.0,1.75,13.75,37.68
67.7,30.0,1.74,14.02,37.72
67.71,30.0,1.73,14.04,36.62
67.72,30.0,1.74,13.79,37.44
67.71,30.0,1.73,13.6,37.52
67.7,30.0,1.76,13.94,38.12
67.69,30.0,1.72,13.62,38.58
67.71,30.0,1.73,14.08,37.87
67.71,30.0,1.75,13.75,37.57
67.71,30.0,1.74,13.85,38.13
67.63,30.0,1.73,13.17,37.65
67.65,30.0,1.74,14.2,37.79
67.59,30.0,1.73,13.04,37.55
67.63,30.0,1.74,14.36,38.0
67.65,30.0,1.74,14.22,37.15
67.63,30.0,1.75,13.43,37.88
67.67,30.0,1.73,14.69,36.69
67.7,30.0,1.75,13.07,37.16
67.73,30.0,1.74,14.75,38.22
67.73,30.0,1.72,13.92,38.14
67.79,30.0,1.74,15.28,37.84
67.79,30.0,1.74,13.15,38.21
67.74,30.0,1.75,12.67,38.09
67.74,30.0,1.73,14.13,38.02
67.73,30.0,1.74,13.59,38.11
67.67,30.0,1.73,13.35,37.89
67.65,30.0,1.74,13.69,38.27
67.7,30.0,1.74,14.21,38.25
67.69,30.0,1.74,13.58,37.46
67.72,30.0,1.75,14.11,37.98
67.78,30.0,1.74,14.58,37.96
67.81,30.0,1.74,13.89,38.67
67.78,30.0,1.76,12.81,37.54
67.77,30.0,1.74,13.18,38.5
67.77,30.0,1.73,14.02,36.64
67.75,30.0,1.74,12.96,38.25
67.73,30.0,1.74,13.81,37.52
67.74,30.0,1.75,13.29,37.15
67.78,30.0,1.75,14.32,38.07
67.76,30.0,1.75,12.99,38.68
67.75,30.0,1.73,13.55,38.67
67.8,30.0,1.74,14.21,37.54
67.81,30.0,1.75,13.77,38.78
67.81,30.0,1.73,13.34,37.24
67.77,30.0,1.76,13.25,37.65
67.78,30.0,1.74,13.93,38.07
67.8,30.0,1.74,13.59,37.79
67.76,30.0,1.74,12.99,38.21
67.76,30.0,1.73,13.17,38.28
67.74,30.0,1.74,13.35,38.29
67.73,30.0,1.73,13.83,38.51
67.74,30.0,1.73,13.45,37.45
67.78,30.0,1.75,14.73,38.61
67.71,30.0,1.74,12.5,39.38
67.66,30.0,1.74,12.79,38.1
67.65,30.0,1.74,13.79,37.09
67.66,30.0,1.77,13.45,37.24
67.69,30.0,1.74,14.26,37.19
67.69,30.0,1.75,13.71,38.19
67.69,30.0,1.73,13.69,38.43
67.73,30.0,1.73,14.96,36.84
67.81,30.0,1.74,14.86,38.84
67.85,30.0,1.74,14.38,38.41
67.81,30.0,1.75,12.86,38.28
67.83,30.0,1.71,13.3,38.24
67.83,30.0,1.74,13.29,38.67
67.83,30.0,1.74,13.11,38.82
67.76,30.0,1.73,13.13,39.18
67.79,30.0,1.74,14.15,38.6
67.79,30.0,1.73,12.82,37.87
67.79,30.0,1.73,13.32,37.78
67.75,30.0,1.74,13.19,37.33
67.67,30.0,1.73,12.86,39.04
67.66,30.0,1.73,14.01,37.49
67.7,30.0,1.74,13.53,37.51
67.75,30.0,1.71,14.39,38.06
67.72,30.0,1.76,13.33,38.66
67.75,30.0,1.73,14.4,37.66
67.74,30.0,1.73,13.21,37.37
67.71,30.0,1.76,13.86,38.28
67.71,30.0,1.75,13.97,38.23
67.78,30.0,1.74,14.3,37.79
67.8,30.0,1.72,13.9,38.26
67.77,30.0,1.76,13.4,37.83
67.75,30.0,1.73,13.26,37.59
67.79,30.0,1.75,14.21,37.66
67.74,30.0,1.76,13.03,38.41
67.74,30.0,1.74,14.04,37.86
67.7,30.0,1.74,13.39,38.93
67.7,30.0,1.74,13.8,37.74
67.74,30.0,1.71,14.21,38.12
67.76,30.0,1.75,13.74,37.11
67.72,30.0,1.75,12.99,37.9
67.73,30.0,1.74,13.73,38.74
67.69,30.0,1.74,13.67,38.32
67.69,30.0,1.73,13.82,38.13
67.67,30.0,1.75,13.84,37.23
67.72,30.0,1.73,14.28,37.91
67.69,30.0,1.73,12.96,37.85
67.66,30.0,1.74,13.84,37.44
67.64,30.0,1.75,13.46,37.76
67.67,30.0,1.76,14.94,37.91
67.74,30.0,1.73,14.8,37.67
67.74,30.0,1.73,12.63,37.58
67.72,30.0,1.74,13.58,37.96
67.7,30.0,1.74,13.69,37.61
67.71,30.0,1.73,14.34,38.23
67.72,30.0,1.75,13.6,38.62
67.74,30.0,1.75,14.14,38.08
67.74,30.0,1.75,13.29,37.25
67.75,30.0,1.74,12.98,38.39
67.72,30.0,1.73,13.1,38.05
67.7,30.0,1.74,13.93,37.06
67.75,30.0,1.74,13.77,37.98
67.77,30.0,1.73,13.82,37.5
67.78,30.0,1.73,13.41,38.03
67.73,30.0,1.74,12.17,38.02
67.74,30.0,1.72,14.23,38.14
67.72,30.0,1.74,13.43,38.48
67.75,30.0,1.76,13.87,37.38
67.74,30.0,1.72,13.42,37.43
67.78,30.0,1.74,13.72,38.19
67.77,30.0,1.72,13.54,37.68
67.76,30.0,1.73,13.3,37.92
67.75,30.0,1.74,13.49,37.87
67.74,30.0,1.74,13.54,38.37
67.73,30.0,1.76,13.48,37.59
67.7,30.0,1.74,13.18,37.77
67.67,30.0,1.75,13.62,37.95
67.65,30.0,1.73,14.31,37.05
67.67,30.0,1.72,13.95,38.91
67.68,30.0,1.73,13.62,37.66
67.67,30.0,1.74,13.86,37.36
67.71,30.0,1.74,14.37,38.1
67.73,30.0,1.73,14.1,38.0
67.77,30.0,1.74,13.37,37.96
67.74,30.0,1.76,13.08,37.66
67.72,30.0,1.74,13.37,38.41
67.72,30.0,1.76,14.09,37.58
67.76,30.0,1.74,14.14,38.29
67.8,30.0,1.73,14.46,38.06
67.79,30.0,1.71,12.77,37.61
67.76,30.0,1.74,13.03,36.68
67.76,30.0,1.75,14.13,38.24
67.73,30.0,1.73,13.44,38.07
67.71,30.0,1.76,13.22,37.94
67.74,30.0,1.73,13.91,36.5
67.71,30.0,1.73,13.09,37.55
67.73,30.0,1.76,13.87,37.12
67.65,30.0,1.74,12.97,37.77
67.68,30.0,1.75,14.42,37.96
67.73,30.0,1.73,15.17,38.59
67.73,30.0,1.73,13.41,37.45
67.73,30.0,1.73,13.56,38.36
67.75,30.0,1.74,14.23,36.97
67.76,30.0,1.74,13.51,38.09
67.73,30.0,1.75,13.28,37.82
67.71,30.0,1.73,13.3,38.34
67.75,30.0,1.74,14.02,37.49
67.74,30.0,1.75,13.23,38.25
67.73,30.0,1.76,14.06,38.2
67.71,30.0,1.73,12.92,38.4
67.74,30.0,1.73,13.69,37.79
67.77,30.0,1.73,13.45,36.78
67.76,30.0,1.75,13.54,38.03
67.8,30.0,1.74,14.25,38.18
67.82,30.0,1.75,13.71,37.97
67.82,30.0,1.74,13.6,37.96
67.76,30.0,1.74,12.41,39.07
67.73,30.0,1.74,13.15,37.38
67.75,30.0,1.74,13.94,38.01
67.76,30.0,1.75,13.74,38.75
67.74,30.0,1.74,13.56,37.31
67.77,30.0,1.75,13.53,38.2
67.77,30.0,1.74,14.0,38.13
67.75,30.0,1.75,12.99,38.85
67.79,30.0,1.73,14.1,37.0
67.79,30.0,1.74,13.27,38.0
67.81,30.0,1.74,13.96,37.84
67.76,30.0,1.75,12.3,37.79
67.76,30.0,1.76,13.69,37.44
67.76,30.0,1.75,13.5,37.87
67.74,30.0,1.75,13.19,38.31
67.72,30.0,1.73,13.66,38.19
67.75,30.0,1.74,14.15,37.84
67.76,30.0,1.75,13.96,37.69
67.82,30.0,1.74,14.03,37.78
67.76,30.0,1.74,12.59,38.45
67.73,30.0,1.75,13.41,38.08
67.72,30.0,1.76,13.02,37.38
67.73,30.0,1.75,13.51,38.23
67.69,30.0,1.74,13.44,37.39
67.74,30.0,1.73,14.48,37.18
67.72,30.0,1.74,13.63,38.31
67.72,30.0,1.74,13.46,38.24
67.74,30.0,1.74,14.47,38.2
67.78,30.0,1.74,13.55,37.98
67.69,30.0,1.74,12.29,37.86
67.63,30.0,1.74,12.87,37.32
67.66,30.0,1.73,14.2,37.68
67.69,30.0,1.74,14.32,38.58
67.68,30.0,1.75,13.16,37.3
67.71,30.0,1.75,14.04,38.13
67.69,30.0,1.74,13.4,37.93
67.67,30.0,1.74,14.05,38.58
67.73,30.0,1.75,14.71,38.07
67.73,30.0,1.74,14.26,37.38
67.71,30.0,1.74,12.53,38.54
67.71,30.0,1.74,13.56,37.8
67.74,30.0,1.74,14.03,37.74
67.7,30.0,1.74,13.23,38.64
67.73,30.0,1.75,14.31,37.42
67.71,30.0,1.73,13.18,37.89
67.78,30.0,1.74,14.88,37.46
67.76,30.0,1.75,12.75,38.19
67.78,30.0,1.73,14.22,39.51
67.79,30.0,1.73,13.56,37.98
67.79,30.0,1.73,14.43,38.6
67.76,30.0,1.75,13.69,38.73
67.73,30.0,1.73,12.48,37.99
67.69,30.0,1.75,12.85,38.01
67.64,30.0,1.74,13.42,37.37
67.67,30.0,1.75,14.06,36.98
67.69,30.0,1.73,13.87,37.82
67.75,30.0,1.75,14.91,37.51
67.75,30.0,1.73,13.41,38.32
67.73,30.0,1.73,13.35,37.68
67.77,30.0,1.75,14.2,38.71
67.73,30.0,1.75,13.24,37.74
67.76,30.0,1.74,13.71,37.9
67.75,30.0,1.75,13.0,37.71
67.78,30.0,1.74,13.76,38.96
67.75,30.0,1.75,12.88,37.48
67.8,30.0,1.74,14.42,38.2
67.75,30.0,1.74,13.5,38.62
67.74,30.0,1.72,13.96,38.14
67.71,30.0,1.74,13.38,37.92
67.68,30.0,1.73,13.98,38.18
67.69,30.0,1.74,13.79,37.99
67.68,30.0,1.75,13.65,37.61
67.68,30.0,1.74,13.45,38.15
67.67,30.0,1.74,13.61,37.03
67.66,30.0,1.75,12.8,37.58
67.65,30.0,1.74,13.81,37.65
67.71,30.0,1.74,14.84,38.1
67.73,30.0,1.75,14.1,37.01
67.75,30.0,1.74,13.98,38.26
67.74,30.0,1.74,13.77,37.52
67.76,30.0,1.75,13.64,37.05
67.73,30.0,1.74,13.43,39.21
67.71,30.0,1.73,13.45,37.86
67.73,30.0,1.76,13.46,37.8
67.74,30.0,1.74,14.29,37.53
67.75,30.0,1.73,14.42,37.9
67.75,30.0,1.75,13.88,38.34
67.72,30.0,1.73,12.35,38.06
67.74,30.0,1.73,13.28,36.94
67.77,30.0,1.74,13.67,38.27
67.77,30.0,1.74,13.11,38.17
67.72,30.0,1.75,12.88,37.32
67.7,30.0,1.74,13.51,37.58
67.73,30.0,1.76,13.65,37.68
67.68,30.0,1.74,12.79,38.1
67.71,30.0,1.75,14.05,37.63
67.71,30.0,1.73,13.9,37.51
67.67,30.0,1.73,13.32,38.81
67.69,30.0,1.75,14.11,37.64
67.71,30.0,1.73,14.12,37.5
67.69,30.0,1.74,14.2,37.67
67.65,30.0,1.74,13.07,38.87
67.67,30.0,1.74,14.25,37.44
67.74,30.0,1.73,14.75,38.06
67.75,30.0,1.75,13.7,38.05
67.75,30.0,1.72,13.38,37.8
67.72,30.0,1.75,13.36,37.94
67.71,30.0,1.75,13.13,37.83
67.73,30.0,1.74,13.74,38.31
67.71,30.0,1.73,13.1,37.18
67.73,30.0,1.73,14.19,38.22
67.73,30.0,1.73,13.89,37.4
67.72,30.0,1.74,13.57,38.49
67.67,30.0,1.74,12.92,38.16
67.68,30.0,1.74,13.78,38.12
67.71,30.0,1.74,14.19,38.76
67.7,30.0,1.73,13.73,37.58
67.67,30.0,1.75,13.42,38.12
67.7,30.0,1.73,14.37,37.68
67.7,30.0,1.72,13.94,38.34
67.69,30.0,1.73,14.18,37.94
67.68,30.0,1.74,13.4,37.42
67.68,30.0,1.74,13.58,37.35
67.69,30.0,1.72,13.77,38.3
67.7,30.0,1.73,14.1,38.07
67.69,30.0,1.73,13.79,37.81
67.69,30.0,1.74,13.83,37.63
67.69,30.0,1.74,13.32,37.54
67.65,30.0,1.74,13.03,37.52
67.7,30.0,1.73,14.28,36.76
67.71,30.0,1.73,14.61,37.76
67.72,30.0,1.76,13.91,37.65
67.74,30.0,1.74,13.32,37.92
67.68,30.0,1.75,12.77,38.2
67.7,30.0,1.73,13.52,39.2
67.72,30.0,1.74,13.84,38.16
67.74,30.0,1.74,14.32,37.81
67.76,30.0,1.75,14.0,38.14
67.71,30.0,1.76,12.43,38.19
67.68,30.0,1.74,12.96,38.63
67.73,30.0,1.74,14.74,38.01
67.71,30.0,1.74,13.35,37.93
67.66,30.0,1.74,12.58,38.05
67.73,30.0,1.74,14.13,36.94
67.73,30.0,1.75,13.56,37.43
67.76,30.0,1.74,14.15,38.34
67.72,30.0,1.75,12.73,37.93
67.74,30.0,1.74,13.86,38.67
67.73,30.0,1.73,12.63,38.67
67.76,30.0,1.76,14.39,38.1
67.79,30.0,1.75,14.11,38.36
67.74,30.0,1.74,13.09,38.11
67.74,30.0,1.74,13.35,37.66
67.75,30.0,1.74,13.83,37.14
67.7,30.0,1.74,13.36,37.9
67.74,30.0,1.74,14.1,38.06
67.76,30.0,1.72,13.78,38.05
67.68,30.0,1.74,12.98,38.84
67.71,30.0,1.74,14.5,37.68
67.69,30.0,1.75,13.57,37.85
67.7,30.0,1.73,14.55,37.71
67.69,30.0,1.73,13.68,38.07
67.69,30.0,1.73,14.14,38.21
67.76,30.0,1.75,15.49,38.16
67.75,30.0,1.74,13.38,38.47
67.78,30.0,1.73,13.45,37.27
67.72,30.0,1.74,12.62,38.03
67.75,30.0,1.74,14.01,38.39
67.71,30.0,1.75,13.52,38.21
67.67,30.0,1.74,13.01,38.86
67.72,30.0,1.75,13.59,37.37
67.71,30.0,1.74,12.91,38.63
67.76,30.0,1.73,13.9,37.83
67.73,30.0,1.76,13.51,37.83
67.67,30.0,1.74,13.05,38.02
67.71,30.0,1.74,14.2,37.26
67.72,30.0,1.74,14.34,38.51
67.72,30.0,1.74,13.77,38.19
67.75,30.0,1.75,13.53,37.95
67.75,30.0,1.74,13.87,38.35
67.66,30.0,1.74,12.96,38.63
67.72,30.0,1.73,14.59,36.97
67.71,30.0,1.72,13.52,38.33
67.7,30.0,1.76,13.24,38.34
67.79,30.0,1.74,14.62,37.64
67.71,30.0,1.76,12.75,37.86
67.75,30.0,1.74,14.51,37.35
67.72,30.0,1.74,13.03,37.12
67.75,30.0,1.74,13.46,38.01
67.75,30.0,1.73,13.61,38.35
67.72,30.0,1.75,13.53,38.29
67.76,30.0,1.75,14.37,37.53
67.74,30.0,1.73,13.17,38.28
67.77,30.0,1.73,13.78,37.42
67.76,30.0,1.73,13.3,38.76
67.74,30.0,1.74,12.93,37.74
67.73,30.0,1.74,13.13,37.38
67.81,30.0,1.73,14.7,37.94
67.78,30.0,1.76,12.36,37.67
67.73,30.0,1.72,12.91,37.9
67.74,30.0,1.73,13.98,38.03
67.78,30.0,1.73,14.36,37.72
67.77,30.0,1.74,13.2,38.28
67.78,30.0,1.74,13.62,37.52
67.74,30.0,1.73,13.46,38.14
67.71,30.0,1.75,12.44,38.38
67.71,30.0,1.74,13.91,36.77
67.72,30.0,1.74,13.83,37.71
67.75,30.0,1.74,13.73,37.57
67.71,30.0,1.75,12.85,37.61
67.69,30.0,1.75,13.71,37.75
67.72,30.0,1.75,13.53,37.71
67.69,30.0,1.73,12.88,36.99
67.72,30.0,1.73,14.17,37.79
67.74,30.0,1.74,14.56,39.29
67.72,30.0,1.73,13.6,37.84
67.69,30.0,1.71,13.09,38.1
67.74,30.0,1.74,14.08,37.74
67.7,30.0,1.73,12.84,36.83
67.75,30.0,1.73,14.29,37.78
67.72,30.0,1.75,14.0,38.35
67.7,30.0,1.75,13.74,38.07
67.7,30.0,1.73,13.18,38.23
67.76,30.0,1.72,14.79,37.92
67.82,30.0,1.73,14.5,37.43
67.8,30.0,1.73,12.78,38.67
67.78,30.0,1.76,13.75,38.72
67.75,30.0,1.73,12.59,37.81
67.74,30.0,1.75,13.64,38.11
67.76,30.0,1.75,13.43,38.09
67.78,30.0,1.73,13.85,37.45
67.72,30.0,1.75,12.69,38.08
67.73,30.0,1.73,14.08,36.93
67.71,30.0,1.73,13.4,38.14
67.77,30.0,1.73,14.37,36.7
67.79,30.0,1.73,13.31,37.84
67.74,30.0,1.73,13.25,38.44
67.72,30.0,1.74,13.48,37.52
67.76,30.0,1.73,14.0,37.71
67.71,30.0,1.73,12.82,39.0
67.67,30.0,1.74,12.89,38.36
67.67,30.0,1.76,13.92,38.18
67.7,30.0,1.74,14.02,38.23
67.71,30.0,1.73,13.48,37.98
67.75,30.0,1.75,13.83,38.45
67.8,30.0,1.75,14.4,37.7
67.8,30.0,1.73,12.75,37.96
67.77,30.0,1.74,12.54,38.96
67.77,30.0,1.76,13.34,37.87
67.74,30.0,1.74,13.52,39.15
67.73,30.0,1.74,13.4,37.4
67.74,30.0,1.75,13.9,38.99
67.78,30.0,1.75,13.59,38.8
67.75,30.0,1.74,12.82,37.85
67.76,30.0,1.73,13.82,38.25
67.77,30.0,1.75,13.64,38.97
67.77,30.0,1.73,13.87,37.91
67.78,30.0,1.74,13.3,37.88
67.74,30.0,1.74,12.9,39.11
67.77,30.0,1.75,13.8,37.38
67.8,30.0,1.74,14.15,37.75
67.79,30.0,1.73,13.36,37.45
67.75,30.0,1.75,13.45,37.09
67.76,30.0,1.74,13.23,37.5
67.82,30.0,1.73,13.87,37.96
67.8,30.0,1.74,13.93,38.26
67.77,30.0,1.74,13.36,37.67
67.79,30.0,1.74,13.55,36.85
67.75,30.0,1.75,12.57,38.65
67.75,30.0,1.74,13.74,37.99
67.75,30.0,1.74,13.31,37.56
67.74,30.0,1.74,13.53,38.54
67.73,30.0,1.75,13.27,38.17
67.73,30.0,1.74,13.34,37.69
67.68,30.0,1.75,13.14,38.59
67.63,30.0,1.75,13.31,38.65
67.66,30.0,1.75,14.19,37.33
67.68,30.0,1.72,13.59,37.23
67.65,30.0,1.75,13.66,39.22
67.67,30.0,1.75,13.81,37.85
67.66,30.0,1.74,13.88,38.68
67.68,30.0,1.74,14.14,37.1
67.66,30.0,1.75,13.68,38.96
67.68,30.0,1.73,14.45,37.65
67.67,30.0,1.73,13.66,36.83
67.73,30.0,1.75,14.66,37.98
67.71,30.0,1.74,13.73,38.63
67.8,30.0,1.74,14.1,37.19
67.8,30.0,1.74,13.28,38.82
67.77,30.0,1.75,13.29,37.43
67.76,30.0,1.73,13.58,38.71
67.79,30.0,1.74,13.94,38.77
67.79,30.0,1.73,13.79,39.87
67.72,30.0,1.74,13.0,38.45
67.75,30.0,1.75,13.85,38.66
67.72,30.0,1.74,12.39,38.48
67.66,30.0,1.72,12.84,37.47
67.74,30.0,1.74,14.02,37.25
67.75,30.0,1.74,14.23,37.16
67.73,30.0,1.74,13.03,37.8
67.77,30.0,1.75,14.58,38.09
67.77,30.0,1.74,13.68,38.04
67.77,30.0,1.75,13.98,38.63
67.75,30.0,1.74,13.28,38.1
67.77,30.0,1.73,14.2,38.03
67.74,30.0,1.74,13.23,37.96
67.73,30.0,1.73,13.37,37.99
67.74,30.0,1.74,13.43,37.95
67.76,30.0,1.75,13.21,38.17
67.79,30.0,1.75,13.72,38.4
67.76,30.0,1.72,13.56,38.69
67.74,30.0,1.75,13.53,38.07
67.69,30.0,1.72,12.62,37.7
67.72,30.0,1.75,14.59,37.09
67.76,30.0,1.74,13.98,37.34
67.79,30.0,1.73,14.63,38.22
67.79,30.0,1.74,12.88,37.75
67.73,30.0,1.75,13.55,38.91
67.71,30.0,1.73,13.64,38.14
67.74,30.0,1.75,13.96,39.05
67.72,30.0,1.74,13.46,37.66
67.67,30.0,1.74,12.66,37.51
67.69,30.0,1.73,14.04,37.87
67.64,30.0,1.74,12.89,37.47
67.7,30.0,1.74,14.6,38.04
67.67,30.0,1.75,13.56,37.41
67.67,30.0,1.73,13.92,37.04
67.67,30.0,1.72,14.02,38.2
67.68,30.0,1.73,13.86,37.62
67.7,30.0,1.74,14.02,37.76
67.73,30.0,1.75,13.6,37.55
67.75,30.0,1.75,14.06,38.52
67.71,30.0,1.76,12.71,38.1
67.74,30.0,1.74,14.21,37.52
67.76,30.0,1.74,13.78,37.46
67.75,30.0,1.75,13.6,37.67
67.72,30.0,1.73,13.0,37.49
67.68,30.0,1.73,13.23,37.94
67.71,30.0,1.74,14.98,37.93
67.72,30.0,1.75,14.0,38.35
67.69,30.0,1.74,12.64,37.37
67.67,30.0,1.74,13.4,37.89
67.68,30.0,1.73,14.5,38.13
67.67,30.0,1.75,13.7,37.72
67.67,30.0,1.75,14.13,37.9
67.64,30.0,1.74,12.58,38.09
67.69,30.0,1.74,14.77,37.55
67.78,30.0,1.73,15.43,38.45
67.79,30.0,1.74,13.41,37.7
67.73,30.0,1.74,12.72,38.18
67.73,30.0,1.74,13.19,37.93
67.73,30.0,1.73,13.44,38.01
67.74,30.0,1.74,13.73,38.59
67.77,30.0,1.72,13.85,38.2
67.69,30.0,1.74,12.62,38.57
67.7,30.0,1.74,13.67,37.27
67.78,30.0,1.74,14.83,37.51
67.76,30.0,1.74,12.97,38.53
67.75,30.0,1.75,13.55,37.76
67.74,30.0,1.74,13.42,37.94
67.71,30.0,1.74,12.84,38.61
67.74,30.0,1.75,13.97,37.95
67.76,30.0,1.74,13.94,38.62
67.72,30.0,1.74,12.87,38.88
67.69,30.0,1.72,12.81,38.05
67.76,30.0,1.73,14.09,37.51
67.77,30.0,1.74,13.19,37.62
67.72,30.0,1.75,12.99,38.45
67.77,30.0,1.75,14.59,38.15
67.8,30.0,1.75,14.25,38.67
67.74,30.0,1.74,12.78,38.57
67.66,30.0,1.75,12.04,38.15
67.66,30.0,1.75,14.24,38.2
67.73,30.0,1.74,15.09,38.02
67.69,30.0,1.74,13.33,38.32
67.68,30.0,1.75,12.98,37.41
67.66,30.0,1.74,13.95,37.8
67.68,30.0,1.73,13.73,37.29
67.68,30.0,1.73,13.64,36.66
67.7,30.0,1.74,13.97,37.24
67.7,30.0,1.73,14.65,38.04
67.65,30.0,1.75,13.82,37.34
67.67,30.0,1.74,14.44,37.87
67.66,30.0,1.76,13.6,37.8
67.64,30.0,1.74,13.28,38.24
67.69,30.0,1.74,14.24,37.93
67.72,30.0,1.75,13.4,37.8
67.75,30.0,1.75,14.13,38.28
67.74,30.0,1.73,13.26,37.33
67.77,30.0,1.74,13.02,37.61
67.73,30.0,1.73,13.57,37.47
67.77,30.0,1.75,14.33,38.09
67.73,30.0,1.75,13.08,38.78
67.73,30.0,1.72,13.84,37.03
67.71,30.0,1.74,14.21,37.9
67.74,30.0,1.74,13.49,37.09
67.7,30.0,1.73,13.41,37.76
67.74,30.0,1.72,14.43,37.57
67.71,30.0,1.76,12.92,38.25
67.75,30.0,1.74,14.39,37.74
67.79,30.0,1.74,14.5,38.59
67.83,30.0,1.72,13.99,38.44
67.85,30.0,1.76,13.25,38.06
67.85,30.0,1.74,12.93,39.16
67.86,30.0,1.75,14.15,38.37
67.84,30.0,1.74,12.66,38.48
67.76,30.0,1.75,12.08,38.56
67.78,30.0,1.75,13.76,38.79
67.79,30.0,1.73,12.97,38.53
67.79,30.0,1.74,14.15,37.89
67.77,30.0,1.74,13.59,38.63
67.73,30.0,1.73,13.05,37.33
67.71,30.0,1.74,13.88,38.5
67.67,30.0,1.73,13.17,38.14
67.7,30.0,1.72,14.35,37.41
67.72,30.0,1.72,14.27,38.21
67.74,30.0,1.76,14.26,37.57
67.73,30.0,1.74,13.19,38.34
67.74,30.0,1.74,13.74,38.12
67.79,30.0,1.75,14.3,37.31
67.78,30.0,1.72,13.59,38.73
67.76,30.0,1.73,13.26,37.64
67.69,30.0,1.75,13.23,37.72
67.74,30.0,1.74,14.95,38.07
67.73,30.0,1.73,13.34,38.01
67.78,30.0,1.74,14.47,37.17
67.8,30.0,1.74,14.27,38.29
67.77,30.0,1.72,13.24,37.61
67.74,30.0,1.72,12.94,38.11
67.73,30.0,1.73,13.47,38.25
67.71,30.0,1.74,13.41,37.65
67.76,30.0,1.74,14.89,37.47
67.69,30.0,1.73,13.11,38.58
67.7,30.0,1.74,14.3,37.59
67.71,30.0,1.74,14.27,37.9
67.73,30.0,1.71,13.56,38.2
67.79,30.0,1.74,13.66,37.06
67.77,30.0,1.73,13.65,38.13
67.83,30.0,1.74,14.17,38.56
67.8,30.0,1.73,13.19,38.17
67.79,30.0,1.74,13.24,37.81
67.78,30.0,1.75,13.38,39.01
67.82,30.0,1.74,14.37,38.76
67.82,30.0,1.74,13.18,37.63
67.76,30.0,1.76,13.12,38.78
67.77,30.0,1.74,13.86,38.02
67.79,30.0,1.74,14.14,38.13
67.81,30.0,1.75,14.14,37.98
67.77,30.0,1.74,13.21,38.81
67.79,30.0,1.74,14.13,37.74
67.75,30.0,1.74,12.78,37.94
67.75,30.0,1.74,14.11,38.79
67.77,30.0,1.74,13.83,38.76
67.75,30.0,1.74,13.72,38.41
67.78,30.0,1.74,14.23,37.9
67.72,30.0,1.73,12.18,38.12
67.72,30.0,1.76,13.09,37.45
67.77,30.0,1.73,14.38,37.2
67.76,30.0,1.75,13.09,37.85
67.76,30.0,1.75,13.38,38.01
67.78,30.0,1.73,14.02,37.4
67.76,30.0,1.73,13.3,38.01
67.73,30.0,1.74,12.67,37.01
67.69,30.0,1.75,13.29,38.57
67.74,30.0,1.74,14.65,36.8
67.7,30.0,1.76,12.09,37.25
67.72,30.0,1.76,14.25,37.96
67.73,30.0,1.72,14.73,37.61
67.76,30.0,1.72,14.28,37.9
67.74,30.0,1.74,13.06,37.89
67.74,30.0,1.74,13.03,37.57
67.7,30.0,1.73,13.85,37.52
67.75,30.0,1.75,13.4,37.95
67.79,30.0,1.74,14.86,38.29
67.79,30.0,1.74,14.18,39.06
67.77,30.0,1.74,12.56,38.57
67.75,30.0,1.74,13.03,38.27
67.77,30.0,1.75,13.57,37.93
67.74,30.0,1.75,12.88,37.58
67.74,30.0,1.74,13.65,37.63
67.75,30.0,1.74,13.97,38.15
67.78,30.0,1.74,14.15,37.72
67.78,30.0,1.75,13.53,37.79
67.72,30.0,1.73,12.86,37.45
67.74,30.0,1.75,13.95,37.2
67.75,30.0,1.74,13.79,37.75
67.78,30.0,1.75,13.41,37.88
67.82,30.0,1.73,14.55,37.88
67.76,30.0,1.76,12.69,39.22
67.72,30.0,1.74,12.82,37.52
67.73,30.0,1.74,14.12,38.12
67.71,30.0,1.75,13.44,37.48
67.67,30.0,1.73,12.82,38.65
67.72,30.0,1.75,14.37,38.41
67.74,30.0,1.73,14.25,37.01
67.78,30.0,1.75,14.2,37.75
67.77,30.0,1.73,12.91,37.81
67.76,30.0,1.74,13.42,37.7
67.74,30.0,1.73,13.05,37.56
67.72,30.0,1.75,13.13,37.51
67.8,30.0,1.73,14.41,37.54
67.79,30.0,1.73,13.74,37.84
67.78,30.0,1.73,13.25,38.44
67.75,30.0,1.74,12.81,37.67
67.77,30.0,1.73,13.04,38.13
67.74,30.0,1.75,13.18,38.35
67.72,30.0,1.73,13.23,38.86
67.74,30.0,1.73,13.38,37.63
67.72,30.0,1.74,13.23,37.68
67.69,30.0,1.73,12.91,37.7
67.71,30.0,1.74,14.17,38.24
67.7,30.0,1.74,12.64,37.64
67.72,30.0,1.74,13.46,38.92
67.74,30.0,1.74,14.26,36.76
67.68,30.0,1.74,13.47,37.7
67.68,30.0,1.73,14.2,38.52
67.66,30.0,1.73,12.56,37.58
67.73,30.0,1.73,15.11,37.51
67.75,30.0,1.75,13.79,36.91
67.78,30.0,1.75,14.17,37.5
67.73,30.0,1.74,13.55,37.68
67.74,30.0,1.74,13.55,37.63
67.7,30.0,1.76,12.89,37.0
67.71,30.0,1.74,14.19,37.87
67.75,30.0,1.74,14.3,37.61
67.81,30.0,1.73,14.44,38.39
67.81,30.0,1.76,13.68,38.08
67.78,30.0,1.75,12.61,38.35
67.72,30.0,1.75,13.12,39.15
67.71,30.0,1.73,14.28,38.84
67.72,30.0,1.74,14.49,36.9
67.72,30.0,1.73,13.79,38.67
67.73,30.0,1.74,13.86,38.1
67.72,30.0,1.74,12.62,37.47
67.69,30.0,1.74,13.5,38.45
67.71,30.0,1.74,13.91,37.55
67.66,30.0,1.74,13.05,37.92
67.68,30.0,1.74,14.74,37.49
67.67,30.0,1.76,13.49,38.03
67.73,30.0,1.74,14.54,37.62
67.74,30.0,1.75,13.66,37.72
67.77,30.0,1.75,13.94,38.44
67.77,30.0,1.74,12.8,38.94
67.76,30.0,1.74,13.21,38.38
67.74,30.0,1.75,12.82,38.19
67.76,30.0,1.74,13.76,37.81
67.71,30.0,1.74,13.2,37.95
67.76,30.0,1.74,14.09,38.0
67.8,30.0,1.74,13.7,38.42
67.8,30.0,1.74,12.66,38.64
67.81,30.0,1.74,13.64,38.8
67.78,30.0,1.75,12.78,38.21
67.79,30.0,1.75,13.46,37.95
67.78,30.0,1.75,13.46,37.73
67.77,30.0,1.75,12.64,37.07
67.79,30.0,1.74,13.66,37.55
67.74,30.0,1.74,12.46,38.88
67.75,30.0,1.74,13.36,36.96
67.71,30.0,1.73,13.42,38.63
67.7,30.0,1.74,13.33,37.69
67.74,30.0,1.76,13.64,37.35
67.77,30.0,1.73,13.66,37.56
67.73,30.0,1.74,13.22,37.72
67.71,30.0,1.73,13.19,37.92
67.73,30.0,1.74,13.54,37.73
67.75,30.0,1.75,14.06,38.2
67.76,30.0,1.74,12.92,37.77
67.7,30.0,1.71,12.03,37.94
67.74,30.0,1.74,14.48,37.44
67.7,30.0,1.75,12.9,37.43
67.69,30.0,1.75,13.75,37.53
67.73,30.0,1.74,14.62,38.33
67.69,30.0,1.72,13.0,37.81
67.75,30.0,1.75,14.36,37.43
67.74,30.0,1.76,13.78,38.31
67.72,30.0,1.73,13.57,38.12
67.72,30.0,1.73,13.89,38.01
67.68,30.0,1.74,13.05,38.47
67.71,30.0,1.73,14.65,37.16
67.76,30.0,1.75,14.54,38.84
67.74,30.0,1.75,13.17,39.0
67.77,30.0,1.75,13.53,37.81
67.77,30.0,1.73,14.13,38.19
67.74,30.0,1.75,13.45,37.76
67.73,30.0,1.73,13.3,38.02
67.77,30.0,1.74,14.34,37.36
67.78,30.0,1.75,13.37,37.42
67.76,30.0,1.73,13.0,38.46
67.73,30.0,1.73,13.04,38.59
67.71,30.0,1.73,13.17,37.68
67.69,30.0,1.73,12.88,38.4
67.7,30.0,1.74,13.9,37.33
67.69,30.0,1.73,13.56,38.82
67.65,30.0,1.73,13.5,38.27
67.7,30.0,1.76,14.84,37.71
67.71,30.0,1.73,13.92,37.45
67.76,30.0,1.75,14.37,38.13
67.75,30.0,1.73,13.23,37.57
67.74,30.0,1.74,13.61,38.55
67.72,30.0,1.72,13.53,38.35
67.74,30.0,1.73,13.93,38.36
67.71,30.0,1.74,13.02,38.19
67.79,30.0,1.74,14.64,37.37
67.76,30.0,1.74,12.34,38.07
67.7,30.0,1.74,12.72,37.95
67.71,30.0,1.75,14.17,37.28
67.68,30.0,1.74,13.29,37.32
67.7,30.0,1.76,14.07,37.38
67.7,30.0,1.74,13.3,36.83
67.71,30.0,1.72,13.42,38.14
67.71,30.0,1.75,13.41,39.0
67.75,30.0,1.75,14.34,37.84
67.76,30.0,1.73,13.75,37.85
67.74,30.0,1.74,13.44,37.46
67.72,30.0,1.74,13.09,37.71
67.77,30.0,1.75,14.18,37.63
67.77,30.0,1.75,13.65,38.14
67.78,30.0,1.75,13.98,38.76
67.79,30.0,1.74,13.98,37.81
67.78,30.0,1.72,13.72,38.61
67.75,30.0,1.73,13.42,37.67
67.74,30.0,1.74,13.69,38.66
67.78,30.0,1.74,14.13,37.2
67.76,30.0,1.74,13.61,37.87
67.77,30.0,1.73,14.26,38.48
67.7,30.0,1.74,12.52,38.75
67.77,30.0,1.74,14.44,37.01
67.72,30.0,1.74,12.8,37.96
67.71,30.0,1.73,13.34,36.94
67.71,30.0,1.74,13.83,37.26
67.73,30.0,1.73,13.61,37.98
67.74,30.0,1.74,13.61,36.24
67.74,30.0,1.74,13.06,38.12
67.69,30.0,1.73,13.09,38.04
67.69,30.0,1.72,14.47,37.79
67.67,30.0,1.74,13.96,38.18
67.71,30.0,1.75,14.66,38.61
67.66,30.0,1.73,12.67,38.89
67.71,30.0,1.74,13.94,38.38
67.71,30.0,1.75,14.24,37.86
67.73,30.0,1.75,13.41,38.62
67.75,30.0,1.73,14.56,39.02
67.69,30.0,1.75,12.55,39.14
67.67,30.0,1.73,13.47,38.54
67.69,30.0,1.74,13.88,37.41
67.7,30.0,1.73,14.15,37.63
67.71,30.0,1.73,14.8,37.93
67.73,30.0,1.73,13.78,38.77
67.8,30.0,1.73,14.81,37.91
67.68,30.0,1.76,11.97,37.51
67.71,30.0,1.74,14.06,37.24
67.71,30.0,1.73,14.08,38.43
67.73,30.0,1.76,14.13,38.26
67.73,30.0,1.73,13.37,37.49
67.74,30.0,1.76,13.84,37.52
67.75,30.0,1.73,13.37,37.55
67.75,30.0,1.75,13.14,38.3
67.72,30.0,1.73,13.13,38.29
67.75,30.0,1.74,14.3,37.59
67.73,30.0,1.72,12.96,38.49
67.76,30.0,1.73,13.75,37.54
67.74,30.0,1.75,13.26,38.22
67.72,30.0,1.75,12.77,38.8
67.71,30.0,1.73,14.15,37.86
67.73,30.0,1.71,14.53,38.53
67.72,30.0,1.75,13.51,37.78
67.75,30.0,1.72,14.11,38.38
67.74,30.0,1.74,13.35,39.14
67.69,30.0,1.74,13.77,38.15
67.7,30.0,1.72,13.83,38.41
67.69,30.0,1.73,14.03,37.39
67.72,30.0,1.75,14.12,38.4
67.74,30.0,1.72,13.92,37.93
67.77,30.0,1.74,13.59,37.46
67.78,30.0,1.75,13.4,37.32
67.77,30.0,1.74,13.58,37.73
67.7,30.0,1.74,13.06,38.28
67.74,30.0,1.76,14.71,38.01
67.69,30.0,1.75,12.37,37.57
67.74,30.0,1.74,14.32,37.32
67.76,30.0,1.74,14.18,37.44
67.77,30.0,1.75,13.97,37.78
67.77,30.0,1.74,13.63,38.54
67.76,30.0,1.74,13.18,38.11
67.77,30.0,1.74,13.46,37.28
67.74,30.0,1.74,13.89,38.08
67.69,30.0,1.74,13.44,38.34
67.71,30.0,1.73,14.11,37.43
67.69,30.0,1.75,13.35,37.66
67.72,30.0,1.75,13.49,37.31
67.7,30.0,1.74,12.72,37.52
67.69,30.0,1.74,13.08,38.36
67.73,30.0,1.76,14.55,37.98
67.77,30.0,1.73,14.15,37.51
67.74,30.0,1.74,13.64,38.31
67.75,30.0,1.75,13.7,37.74
67.77,30.0,1.74,13.49,38.11
67.78,30.0,1.74,13.48,37.6
67.75,30.0,1.72,13.97,38.14
67.77,30.0,1.74,13.84,37.73
67.74,30.0,1.74,13.28,38.04
67.72,30.0,1.74,13.27,37.77
67.76,30.0,1.76,14.14,37.81
67.77,30.0,1.75,13.86,38.31
67.77,30.0,1.74,13.4,38.59
67.78,30.0,1.74,13.81,38.14
67.78,30.0,1.74,13.43,38.6
67.77,30.0,1.73,13.61,38.76
67.77,30.0,1.72,14.02,37.82
67.76,30.0,1.75,13.64,37.28
67.77,30.0,1.73,13.79,37.72
67.73,30.0,1.74,13.12,38.2
67.71,30.0,1.75,12.86,38.5
67.74,30.0,1.72,14.38,37.43
67.82,30.0,1.73,15.15,37.87
67.81,30.0,1.73,13.59,39.2
67.79,30.0,1.75,13.09,37.11
67.78,30.0,1.75,13.25,38.01
67.78,30.0,1.73,12.47,38.17
67.78,30.0,1.73,13.26,39.1
67.76,30.0,1.74,13.41,38.13
67.73,30.0,1.73,13.32,38.08
67.72,30.0,1.74,13.61,38.77
67.78,30.0,1.74,14.03,37.82
67.79,30.0,1.74,13.68,37.73
67.76,30.0,1.74,13.23,37.91
67.77,30.0,1.74,13.75,37.98
67.76,30.0,1.77,13.42,37.98
67.77,30.0,1.74,13.58,38.37
67.8,30.0,1.74,14.05,37.92
67.74,30.0,1.75,12.7,38.4
67.69,30.0,1.77,12.96,37.8
67.69,30.0,1.75,13.06,37.75
67.74,30.0,1.75,14.3,37.59
67.74,30.0,1.73,13.65,38.09
67.74,30.0,1.74,14.2,38.6
67.73,30.0,1.75,13.51,37.93
67.74,30.0,1.74,13.23,37.51
67.71,30.0,1.76,12.9,37.73
67.75,30.0,1.75,14.21,38.41
67.71,30.0,1.74,13.18,37.88
67.75,30.0,1.73,14.09,37.9
67.76,30.0,1.75,13.73,37.39
67.73,30.0,1.72,13.32,38.32
67.71,30.0,1.75,13.91,38.78
67.7,30.0,1.74,13.74,37.19
67.67,30.0,1.73,13.6,37.14
67.68,30.0,1.74,14.08,37.67
67.71,30.0,1.75,14.45,37.91
67.69,30.0,1.73,13.26,37.73
67.74,30.0,1.73,13.64,36.73
67.78,30.0,1.74,14.37,37.97
67.78,30.0,1.75,13.44,38.44
67.73,30.0,1.75,13.14,37.88
67.75,30.0,1.73,14.17,38.72
67.67,30.0,1.74,12.65,38.52
67.68,30.0,1.74,13.86,37.65
67.6,30.0,1.75,12.69,37.74
67.62,30.0,1.73,14.11,36.33
67.68,30.0,1.75,14.9,37.56
67.7,30.0,1.73,13.89,38.08
67.76,30.0,1.72,14.54,37.09
67.75,30.0,1.74,13.74,38.97
67.8,30.0,1.74,13.79,37.85
67.75,30.0,1.73,13.06,37.91
67.73,30.0,1.76,13.3,37.77
67.72,30.0,1.75,13.12,37.99
67.73,30.0,1.74,13.66,37.76
67.72,30.0,1.73,13.49,37.14
67.72,30.0,1.76,13.35,37.89
67.71,30.0,1.75,13.44,38.25
67.7,30.0,1.74,14.02,37.34
67.67,30.0,1.74,13.56,37.3
67.73,30.0,1.74,14.72,37.48
67.68,30.0,1.74,12.97,38.29
67.66,30.0,1.74,13.75,38.17
67.59,30.0,1.76,13.61,37.39
67.62,30.0,1.74,14.72,36.98
67.67,30.0,1.76,14.64,36.53
67.7,30.0,1.75,13.43,37.71
67.7,30.0,1.75,13.84,38.07
67.7,30.0,1.73,13.58,36.84
67.73,30.0,1.75,13.66,37.67
67.71,30.0,1.72,13.77,37.91
67.71,30.0,1.73,13.79,38.24
67.76,30.0,1.75,13.95,37.81
67.74,30.0,1.75,13.92,38.42
67.75,30.0,1.74,13.73,38.27
67.82,30.0,1.74,14.82,37.98
67.82,30.0,1.76,13.47,38.75
67.78,30.0,1.75,12.67,38.02
67.75,30.0,1.73,13.41,38.76
67.76,30.0,1.74,13.64,37.97
67.75,30.0,1.74,13.25,38.01
67.76,30.0,1.74,13.41,37.79
67.78,30.0,1.77,14.59,38.11
67.78,30.0,1.75,13.51,38.62
67.79,30.0,1.73,13.56,37.59
67.78,30.0,1.74,13.17,37.8
67.76,30.0,1.74,13.56,38.26
67.75,30.0,1.72,13.89,38.58
67.75,30.0,1.73,13.17,38.5
67.75,30.0,1.75,13.67,38.91
67.76,30.0,1.74,13.99,37.55
67.76,30.0,1.71,13.47,38.51
67.74,30.0,1.74,12.78,36.95
67.76,30.0,1.75,13.73,37.46
67.73,30.0,1.76,12.84,37.29
67.75,30.0,1.75,14.48,38.19
67.69,30.0,1.74,13.3,37.6
67.64,30.0,1.74,13.54,37.81
67.62,30.0,1.74,12.93,38.11
67.67,30.0,1.75,14.54,37.01
67.62,30.0,1.74,12.45,37.45
67.67,30.0,1.72,14.99,36.93
67.71,30.0,1.74,14.72,37.56
67.78,30.0,1.74,14.06,38.01
67.75,30.0,1.72,13.09,37.84
67.73,30.0,1.73,13.52,38.39
67.72,30.0,1.73,14.38,37.21
67.68,30.0,1.74,12.89,38.08
67.74,30.0,1.76,14.47,37.39
67.72,30.0,1.75,13.35,38.32
67.69,30.0,1.73,12.9,37.05
67.7,30.0,1.74,13.62,37.64
67.68,30.0,1.73,13.37,37.64
67.65,30.0,1.75,13.12,37.75
67.68,30.0,1.73,13.39,37.32
67.66,30.0,1.76,13.81,37.11
67.65,30.0,1.74,14.1,37.72
67.7,30.0,1.73,14.67,38.18
67.68,30.0,1.73,13.93,38.15
67.68,30.0,1.75,14.37,38.16
67.68,30.0,1.75,13.99,38.1
67.71,30.0,1.73,14.36,37.53
67.73,30.0,1.73,14.57,37.78
67.7,30.0,1.76,13.69,38.29
67.71,30.0,1.74,13.94,38.04
67.71,30.0,1.75,13.65,38.36
67.69,30.0,1.75,13.52,37.94
67.68,30.0,1.74,13.44,37.6
67.74,30.0,1.73,14.29,37.55
67.75,30.0,1.74,13.67,37.55
67.72,30.0,1.75,13.44,38.58
67.68,30.0,1.73,13.28,37.95
67.69,30.0,1.76,13.85,38.64
67.74,30.0,1.74,13.96,37.57
67.71,30.0,1.72,13.25,38.18
67.77,30.0,1.74,14.18,38.41
67.77,30.0,1.76,13.25,38.5
67.74,30.0,1.75,13.37,37.99
67.72,30.0,1.75,12.77,38.36
67.74,30.0,1.73,13.77,38.64
67.74,30.0,1.73,13.29,37.5
67.73,30.0,1.74,14.13,38.6
67.76,30.0,1.72,13.61,38.38
67.72,30.0,1.74,13.27,37.91
67.7,30.0,1.77,13.9,37.74
67.69,30.0,1.74,13.93,37.86
67.68,30.0,1.75,13.77,36.82
67.75,30.0,1.74,14.88,37.91
67.78,30.0,1.75,13.43,38.56
67.75,30.0,1.74,12.82,38.07
67.77,30.0,1.76,13.71,38.4
67.76,30.0,1.76,13.23,37.39
67.75,30.0,1.74,13.2,38.39
67.7,30.0,1.73,13.48,37.56
67.7,30.0,1.73,13.58,38.37
67.71,30.0,1.75,13.37,38.12
67.73,30.0,1.76,14.02,37.12
67.75,30.0,1.74,14.2,37.14
67.74,30.0,1.73,13.1,36.86
67.72,30.0,1.74,13.17,37.78
67.67,30.0,1.74,13.24,37.77
67.65,30.0,1.73,12.55,37.53
67.61,30.0,1.74,14.47,38.17
67.59,30.0,1.72,12.88,37.4
67.65,30.0,1.75,15.44,37.49
67.59,30.0,1.76,13.22,36.97
67.64,30.0,1.75,14.62,37.69
67.67,30.0,1.73,14.21,37.69
67.68,30.0,1.73,13.98,37.8
67.66,30.0,1.75,13.23,38.27
67.64,30.0,1.74,13.5,36.9
67.65,30.0,1.76,13.81,38.22
67.71,30.0,1.72,14.29,36.41
67.76,30.0,1.75,13.86,37.45
67.74,30.0,1.75,13.04,37.99
67.73,30.0,1.74,13.54,37.47
67.74,30.0,1.75,14.24,38.13
67.77,30.0,1.74,13.38,38.39
67.78,30.0,1.74,13.75,37.73
67.75,30.0,1.75,13.23,39.34
67.72,30.0,1.73,12.55,38.2
67.68,30.0,1.75,12.4,37.88
67.71,30.0,1.73,14.95,37.51
67.71,30.0,1.75,13.81,38.1
67.71,30.0,1.74,13.98,37.86
67.66,30.0,1.74,12.55,37.94
67.69,30.0,1.74,14.27,37.84
67.67,30.0,1.73,13.17,37.46
67.71,30.0,1.74,14.39,37.36
67.74,30.0,1.72,14.1,38.3
67.75,30.0,1.74,14.14,38.73
67.72,30.0,1.73,13.07,37.02
67.7,30.0,1.74,13.53,37.38
67.7,30.0,1.76,13.41,38.07
67.72,30.0,1.74,14.34,37.94
67.75,30.0,1.73,13.84,37.62
67.73,30.0,1.74,13.4,38.26
67.75,30.0,1.73,13.56,37.5
67.73,30.0,1.74,13.65,38.21
67.69,30.0,1.73,13.16,38.62
67.71,30.0,1.75,13.28,37.06
67.74,30.0,1.73,13.82,37.51
67.74,30.0,1.75,13.98,37.51
67.73,30.0,1.74,13.99,38.26
67.76,30.0,1.72,13.69,37.5
67.68,30.0,1.73,13.03,37.8
67.74,30.0,1.76,14.22,37.75
67.74,30.0,1.71,13.78,38.11
67.72,30.0,1.74,12.83,38.03
67.73,30.0,1.75,13.21,38.37
67.78,30.0,1.74,14.09,37.66
67.77,30.0,1.73,13.6,38.29
67.74,30.0,1.75,13.34,38.57
67.78,30.0,1.74,13.9,37.83
67.8,30.0,1.73,14.05,38.35
67.75,30.0,1.74,13.17,38.09
67.75,30.0,1.73,13.09,38.3
67.76,30.0,1.75,14.33,37.95
67.74,30.0,1.73,13.21,38.01
67.72,30.0,1.75,13.95,37.8
67.73,30.0,1.73,13.08,37.3
67.67,30.0,1.74,12.49,38.21
67.67,30.0,1.75,13.81,37.8
67.66,30.0,1.73,13.27,37.88
67.64,30.0,1.73,13.5,38.17
67.64,30.0,1.76,14.61,37.57
67.66,30.0,1.75,13.87,37.38
67.74,30.0,1.75,15.0,36.82
67.75,30.0,1.73,13.48,38.36
67.76,30.0,1.74,14.37,37.23
67.79,30.0,1.75,14.39,37.89
67.76,30.0,1.75,13.1,37.58
67.76,30.0,1.73,13.46,39.02
67.74,30.0,1.78,13.44,37.63
67.75,30.0,1.76,14.04,38.41
67.79,30.0,1.73,14.08,38.92
67.74,30.0,1.74,12.68,37.67
67.76,30.0,1.74,13.29,38.99
67.77,30.0,1.72,14.44,38.77
67.76,30.0,1.74,13.25,37.77
67.73,30.0,1.74,13.45,38.31
67.74,30.0,1.73,13.41,38.02
67.72,30.0,1.75,13.43,37.89
67.7,30.0,1.75,13.32,37.6
67.73,30.0,1.74,13.58,38.01
67.77,30.0,1.74,14.16,38.77
67.76,30.0,1.73,13.71,37.43
67.78,30.0,1.73,14.57,37.63
67.8,30.0,1.75,13.59,38.2
67.78,30.0,1.74,12.51,37.79
67.77,30.0,1.74,13.9,38.05
67.75,30.0,1.75,12.88,37.81
67.7,30.0,1.73,12.73,37.98
67.74,30.0,1.75,13.88,37.52
67.74,30.0,1.74,14.16,37.7
67.71,30.0,1.74,13.48,37.66
67.72,30.0,1.75,13.52,38.2
67.68,30.0,1.73,13.05,38.08
67.67,30.0,1.76,13.7,38.26
67.72,30.0,1.74,14.23,37.5
67.71,30.0,1.74,13.19,38.83
67.7,30.0,1.75,13.33,38.42
67.71,30.0,1.73,13.53,38.23
67.66,30.0,1.74,13.0,38.15
67.66,30.0,1.75,13.84,38.24
67.7,30.0,1.73,13.81,38.12
67.71,30.0,1.74,13.93,39.19
67.7,30.0,1.75,14.14,37.86
67.69,30.0,1.74,12.83,37.57
67.67,30.0,1.73,13.51,38.2
67.66,30.0,1.75,14.14,37.57
67.69,30.0,1.74,14.25,37.48
67.74,30.0,1.75,14.48,37.6
67.73,30.0,1.74,14.03,37.96
67.72,30.0,1.75,13.78,38.84
67.75,30.0,1.75,13.5,37.95
67.74,30.0,1.74,12.89,37.7
67.73,30.0,1.75,12.96,37.57
67.74,30.0,1.74,13.61,39.17
67.73,30.0,1.74,13.14,37.48
67.77,30.0,1.73,14.45,38.66
67.73,30.0,1.75,13.03,38.72
67.73,30.0,1.74,13.85,37.95
67.71,30.0,1.74,13.74,38.42
67.7,30.0,1.73,13.77,38.17
67.75,30.0,1.74,14.17,37.02
67.72,30.0,1.73,12.74,37.75
67.72,30.0,1.73,13.69,38.25
67.74,30.0,1.72,13.55,38.57
67.78,30.0,1.73,14.09,38.1
67.71,30.0,1.73,12.44,38.41
67.69,30.0,1.75,13.09,38.14
67.71,30.0,1.73,14.2,37.54
67.72,30.0,1.75,13.62,37.37
67.71,30.0,1.74,13.25,38.53
67.69,30.0,1.75,12.91,36.92
67.69,30.0,1.73,13.54,38.58
67.67,30.0,1.75,13.85,39.02
67.7,30.0,1.74,13.81,38.04
67.73,30.0,1.75,14.34,38.93
67.71,30.0,1.75,13.34,37.92
67.77,30.0,1.76,14.33,37.79
67.77,30.0,1.73,13.79,37.83
67.79,30.0,1.73,13.88,37.46
67.82,30.0,1.75,13.66,38.18
67.82,30.0,1.73,13.81,39.0
67.76,30.0,1.74,12.55,37.24
67.75,30.0,1.74,13.17,37.94
67.7,30.0,1.74,12.94,37.97
67.77,30.0,1.75,14.45,37.68
67.75,30.0,1.75,13.07,37.54
67.76,30.0,1.73,13.25,38.46
67.74,30.0,1.73,13.12,38.38
67.7,30.0,1.75,13.41,37.91
67.7,30.0,1.73,13.59,36.39
67.72,30.0,1.75,14.63,37.52
67.72,30.0,1.73,13.33,37.5
67.7,30.0,1.74,12.93,38.76
67.73,30.0,1.73,13.78,38.06
67.73,30.0,1.74,13.82,37.66
67.74,30.0,1.72,13.6,38.3
67.75,30.0,1.73,12.89,37.77
67.73,30.0,1.74,13.42,37.72
67.74,30.0,1.77,14.33,38.14
67.77,30.0,1.74,13.61,37.66
67.82,30.0,1.74,14.23,37.63
67.79,30.0,1.75,13.72,39.23
67.73,30.0,1.75,12.54,37.65
67.74,30.0,1.75,13.61,37.85
67.78,30.0,1.74,13.91,38.49
67.73,30.0,1.73,13.06,38.43
67.73,30.0,1.73,14.11,37.86
67.75,30.0,1.74,13.67,38.48
67.78,30.0,1.71,14.52,37.94
67.79,30.0,1.73,13.1,38.54
67.78,30.0,1.72,13.52,38.66
67.75,30.0,1.74,13.47,38.48
67.75,30.0,1.74,12.94,36.7
67.76,30.0,1.74,14.32,38.42
67.77,30.0,1.75,13.7,38.54
67.75,30.0,1.74,13.24,37.58
67.74,30.0,1.74,12.88,37.35
67.76,30.0,1.75,13.5,37.76
67.75,30.0,1.75,12.81,37.78
67.73,30.0,1.73,13.5,37.42
67.72,30.0,1.73,13.76,38.77
67.69,30.0,1.75,13.65,38.38
67.66,30.0,1.75,13.8,37.37
67.66,30.0,1.74,13.93,37.74
67.66,30.0,1.72,13.8,37.59
67.74,30.0,1.72,15.43,36.94
67.7,30.0,1.75,12.58,38.0
67.7,30.0,1.75,14.01,37.72
67.73,30.0,1.74,14.29,37.16
67.73,30.0,1.74,13.46,38.3
67.74,30.0,1.74,13.45,38.69
67.72,30.0,1.71,12.74,38.14
67.72,30.0,1.73,13.82,37.66
67.71,30.0,1.75,13.59,38.59
67.7,30.0,1.74,13.35,38.21
67.65,30.0,1.73,13.83,38.1
67.68,30.0,1.74,14.3,36.58
67.68,30.0,1.75,13.53,37.36
67.66,30.0,1.72,13.44,37.44
67.7,30.0,1.73,14.1,38.11
67.7,30.0,1.74,13.17,37.81
67.69,30.0,1.74,13.95,38.37
67.71,30.0,1.73,14.65,37.68
67.68,30.0,1.74,13.26,38.02
67.69,30.0,1.74,13.56,36.65
67.7,30.0,1.74,14.12,37.42
67.74,30.0,1.74,14.58,37.79
67.72,30.0,1.75,12.76,38.46
67.74,30.0,1.76,13.56,38.19
67.73,30.0,1.74,14.07,37.98
67.76,30.0,1.74,13.76,38.27
67.81,30.0,1.73,14.5,37.15
67.72,30.0,1.74,12.21,38.12
67.69,30.0,1.75,13.71,38.43
67.69,30.0,1.73,13.92,38.27
67.69,30.0,1.75,13.26,37.11
67.66,30.0,1.74,13.59,38.07
67.69,30.0,1.75,14.4,36.9
67.64,30.0,1.75,12.4,38.42
67.67,30.0,1.74,13.93,36.71
67.7,30.0,1.76,13.97,38.24
67.71,30.0,1.74,13.87,37.46
67.74,30.0,1.76,14.25,37.11
67.74,30.0,1.75,13.44,38.42
67.72,30.0,1.72,13.16,37.55
67.75,30.0,1.74,13.53,38.02
67.74,30.0,1.74,13.79,38.6
67.81,30.0,1.75,14.79,37.91
67.76,30.0,1.74,12.43,38.38
67.73,30.0,1.74,13.08,37.47
67.77,30.0,1.75,14.23,38.82
67.75,30.0,1.73,12.85,37.89
67.76,30.0,1.75,13.81,38.35
67.72,30.0,1.73,12.98,38.51
67.74,30.0,1.74,13.96,38.48
67.72,30.0,1.73,13.73,38.02
67.72,30.0,1.75,13.65,37.91
67.71,30.0,1.76,13.58,38.16
67.72,30.0,1.74,13.76,39.02
67.69,30.0,1.73,13.24,37.15
67.71,30.0,1.75,14.07,37.49
67.68,30.0,1.74,13.69,38.89
67.64,30.0,1.73,13.62,38.21
67.66,30.0,1.73,14.12,38.33
67.64,30.0,1.73,13.44,38.48
67.71,30.0,1.73,14.92,38.05
67.69,30.0,1.74,12.95,37.92
67.75,30.0,1.73,14.58,36.91
67.75,30.0,1.73,13.9,37.78
67.7,30.0,1.75,12.78,38.02
67.72,30.0,1.75,14.12,38.64
67.72,30.0,1.74,14.37,37.57
67.72,30.0,1.76,12.95,39.12
67.71,30.0,1.75,13.72,38.15
67.68,30.0,1.73,13.12,36.57
67.69,30.0,1.75,14.64,38.64
67.72,30.0,1.73,14.33,36.98
67.74,30.0,1.73,14.07,37.26
67.73,30.0,1.74,13.82,37.84
67.75,30.0,1.75,14.61,37.73
67.79,30.0,1.74,13.41,37.31
67.8,30.0,1.72,13.06,38.25
67.78,30.0,1.73,13.33,39.25
67.78,30.0,1.74,12.99,38.24
67.76,30.0,1.74,13.72,37.41
67.79,30.0,1.74,14.16,38.07
67.81,30.0,1.73,13.84,37.84
67.81,30.0,1.75,14.15,37.83
67.79,30.0,1.73,13.18,38.4
67.83,30.0,1.73,14.05,38.62
67.83,30.0,1.75,13.22,38.43
67.85,30.0,1.75,13.09,37.58
67.77,30.0,1.75,12.6,38.6
67.74,30.0,1.75,12.63,37.98
67.73,30.0,1.74,13.63,38.26
67.7,30.0,1.73,13.64,37.84
67.71,30.0,1.74,13.92,37.68
67.69,30.0,1.74,13.3,37.6
67.69,30.0,1.73,14.04,37.68
67.75,30.0,1.75,15.15,37.2
67.74,30.0,1.74,13.71,38.24
67.74,30.0,1.75,13.6,37.79
67.76,30.0,1.75,13.54,37.96
67.81,30.0,1.75,14.24,37.16
67.79,30.0,1.73,12.72,38.35
67.76,30.0,1.74,13.5,38.58
67.74,30.0,1.74,13.62,37.63
67.73,30.0,1.75,13.97,38.28
67.71,30.0,1.75,13.18,37.13
67.72,30.0,1.74,14.05,37.85
67.72,30.0,1.74,13.73,37.35
67.71,30.0,1.74,12.99,37.47
67.74,30.0,1.73,13.6,37.37
67.74,30.0,1.74,13.68,37.72
67.74,30.0,1.76,12.85,37.97
67.78,30.0,1.75,13.52,37.97
67.77,30.0,1.73,13.04,37.79
67.79,30.0,1.74,13.92,38.25
67.75,30.0,1.74,12.94,38.89
67.72,30.0,1.73,13.45,38.1
67.69,30.0,1.72,13.36,38.31
67.69,30.0,1.74,12.87,37.03
67.71,30.0,1.74,14.09,38.04
67.77,30.0,1.75,14.25,37.92
67.73,30.0,1.75,13.1,37.81
67.73,30.0,1.74,13.42,37.52
67.75,30.0,1.74,13.77,38.86
67.73,30.0,1.73,12.81,37.74
67.77,30.0,1.73,14.69,37.93
67.82,30.0,1.75,13.61,37.51
67.82,30.0,1.75,13.59,37.58
67.8,30.0,1.74,13.37,37.78
67.72,30.0,1.75,12.91,38.96
67.66,30.0,1.73,13.01,37.41
67.69,30.0,1.75,14.79,37.78
67.76,30.0,1.75,14.5,37.79
67.78,30.0,1.74,13.77,37.65
67.78,30.0,1.73,13.57,37.78
67.69,30.0,1.74,12.24,38.63
67.7,30.0,1.74,14.02,37.93
67.75,30.0,1.74,14.03,38.17
67.76,30.0,1.75,13.53,37.55
67.74,30.0,1.75,13.36,38.3
67.75,30.0,1.73,14.03,38.4
67.78,30.0,1.74,13.18,38.31
67.76,30.0,1.73,13.54,37.85
67.66,30.0,1.74,12.41,38.71
67.68,30.0,1.74,13.45,37.2
67.66,30.0,1.74,13.41,37.44
67.64,30.0,1.74,14.1,38.6
67.66,30.0,1.75,14.0,38.04
67.71,30.0,1.75,14.2,37.18
67.74,30.0,1.75,14.17,38.49
67.75,30.0,1.74,13.74,37.85
67.73,30.0,1.74,13.27,38.8
67.71,30.0,1.73,13.81,39.41
67.69,30.0,1.74,13.07,37.71
67.68,30.0,1.74,13.59,37.83
67.73,30.0,1.75,14.48,38.06
67.72,30.0,1.74,13.76,37.84
67.72,30.0,1.75,13.42,38.25
67.68,30.0,1.73,13.12,38.58
67.67,30.0,1.74,13.68,38.98
67.67,30.0,1.74,13.87,37.61
67.68,30.0,1.74,14.53,37.83
67.71,30.0,1.74,13.63,37.76
67.73,30.0,1.75,13.69,38.73
67.72,30.0,1.75,14.63,38.15
67.66,30.0,1.74,12.86,38.12
67.66,30.0,1.75,13.87,37.25
67.65,30.0,1.74,13.65,37.93
67.65,30.0,1.74,14.28,37.09
67.69,30.0,1.74,14.65,37.57
67.65,30.0,1.73,13.91,37.87
67.66,30.0,1.75,13.69,37.67
67.71,30.0,1.75,14.19,36.97
67.68,30.0,1.74,13.09,38.02
67.72,30.0,1.74,14.45,38.78
67.74,30.0,1.74,13.5,37.98
67.74,30.0,1.74,13.1,37.16
67.71,30.0,1.74,13.26,38.46
67.72,30.0,1.75,13.73,37.66
67.7,30.0,1.74,13.11,38.13
67.74,30.0,1.75,14.23,37.83
67.72,30.0,1.74,13.33,38.09
67.71,30.0,1.74,13.53,38.11
67.72,30.0,1.74,13.71,37.05
67.71,30.0,1.75,13.78,37.59
67.7,30.0,1.74,13.62,37.91
67.71,30.0,1.73,13.57,37.32
67.71,30.0,1.73,13.81,38.05
67.77,30.0,1.76,14.97,37.56
67.78,30.0,1.73,13.75,37.95
67.77,30.0,1.73,13.78,38.39
67.73,30.0,1.74,12.72,38.57
67.74,30.0,1.74,13.2,37.19
67.75,30.0,1.75,14.03,37.76
67.75,30.0,1.75,13.87,38.4
67.76,30.0,1.75,14.05,37.95
67.73,30.0,1.72,13.14,38.34
67.72,30.0,1.75,14.17,36.55
67.74,30.0,1.71,13.93,37.57
67.75,30.0,1.74,13.92,38.08
67.72,30.0,1.76,13.75,37.98
67.74,30.0,1.74,14.31,37.22
67.75,30.0,1.72,14.1,36.88
67.74,30.0,1.73,13.33,37.78
67.73,30.0,1.75,13.16,38.29
67.73,30.0,1.75,13.52,37.64
67.69,30.0,1.74,12.55,38.1
67.7,30.0,1.76,13.79,36.47
67.71,30.0,1.74,13.83,37.63
67.73,30.0,1.76,14.1,37.71
67.73,30.0,1.76,14.1,39.11
67.73,30.0,1.73,13.21,38.11
67.71,30.0,1.76,13.67,38.37
67.7,30.0,1.74,13.03,38.82
67.7,30.0,1.74,13.57,37.56
67.73,30.0,1.73,14.42,38.79
67.7,30.0,1.73,13.34,37.84
67.73,30.0,1.75,14.85,37.95
67.69,30.0,1.76,13.02,37.38
67.73,30.0,1.74,13.71,36.56
67.7,30.0,1.74,12.7,37.76
67.75,30.0,1.73,14.68,37.39
67.72,30.0,1.74,12.73,38.44
67.71,30.0,1.74,13.9,37.54
67.75,30.0,1.74,14.31,38.65
67.73,30.0,1.74,13.63,38.01
67.74,30.0,1.75,12.96,37.86
67.7,30.0,1.74,13.13,37.91
67.78,30.0,1.75,14.33,38.12
67.76,30.0,1.73,13.45,38.44
67.77,30.0,1.74,14.09,38.55
67.75,30.0,1.74,14.0,38.5
67.76,30.0,1.75,13.41,38.56
67.75,30.0,1.73,12.89,37.64
67.7,30.0,1.76,12.72,38.28
67.71,30.0,1.76,13.93,37.89
67.71,30.0,1.74,13.93,37.63
67.65,30.0,1.74,13.28,38.34
67.67,30.0,1.75,14.39,37.78
67.68,30.0,1.74,13.54,37.67
67.68,30.0,1.75,13.57,38.32
67.74,30.0,1.74,14.69,38.27
67.73,30.0,1.74,13.95,38.07
67.73,30.0,1.73,13.75,38.21
67.78,30.0,1.74,13.95,37.26
67.78,30.0,1.73,13.47,38.38
67.77,30.0,1.73,13.75,38.26
67.79,30.0,1.75,13.23,37.42
67.78,30.0,1.75,13.5,38.04
67.78,30.0,1.76,14.21,37.82
67.73,30.0,1.72,12.44,37.61
67.74,30.0,1.75,14.19,38.34
67.75,30.0,1.76,14.31,37.89
67.79,30.0,1.74,13.84,38.14
67.78,30.0,1.72,13.02,38.19
67.75,30.0,1.76,13.17,38.82
67.76,30.0,1.74,14.23,37.96
67.8,30.0,1.73,14.78,38.97
67.76,30.0,1.74,13.25,38.32
67.8,30.0,1.75,14.12,37.13
67.75,30.0,1.74,12.93,39.04
67.73,30.0,1.75,13.35,37.84
67.72,30.0,1.74,14.07,37.87
67.77,30.0,1.72,13.91,37.76
67.73,30.0,1.73,12.3,37.7
67.71,30.0,1.74,13.14,38.39
67.73,30.0,1.75,14.1,37.65
67.7,30.0,1.75,12.96,36.84
67.67,30.0,1.74,13.94,38.22
67.72,30.0,1.74,14.31,37.0
67.82,30.0,1.74,15.22,36.79
67.77,30.0,1.75,12.29,38.0
67.77,30.0,1.75,14.26,38.78
67.76,30.0,1.73,13.59,37.74
67.74,30.0,1.74,13.44,37.68
67.77,30.0,1.74,13.9,37.85
67.75,30.0,1.74,13.21,38.43
67.66,30.0,1.73,12.24,38.01
67.64,30.0,1.74,13.39,37.11
67.64,30.0,1.74,14.48,37.68
67.67,30.0,1.74,14.32,37.4
67.7,30.0,1.76,14.36,36.89
67.74,30.0,1.76,14.5,38.23
67.76,30.0,1.74,14.49,37.91
67.81,30.0,1.73,14.99,37.25
67.79,30.0,1.72,13.21,37.63
67.77,30.0,1.74,13.57,38.77
67.76,30.0,1.75,13.27,38.19
67.77,30.0,1.75,14.07,37.62
67.74,30.0,1.74,12.67,37.1
67.71,30.0,1.73,13.19,37.67
67.73,30.0,1.73,14.09,37.25
67.68,30.0,1.74,12.91,38.34
67.68,30.0,1.77,13.14,37.37
67.67,30.0,1.73,12.91,37.63
67.7,30.0,1.73,14.43,37.23
67.73,30.0,1.75,14.38,37.48
67.67,30.0,1.73,13.1,37.96
67.69,30.0,1.74,14.16,37.19
67.69,30.0,1.74,13.59,38.16
67.75,30.0,1.75,14.49,37.91
67.74,30.0,1.74,13.21,38.66
67.75,30.0,1.76,13.71,38.51
67.74,30.0,1.74,14.06,38.25
67.75,30.0,1.74,13.59,38.31
67.73,30.0,1.76,13.56,38.36
67.68,30.0,1.75,12.62,38.63
67.71,30.0,1.75,14.1,37.9
67.68,30.0,1.74,13.57,38.36
67.72,30.0,1.74,14.31,38.23
67.78,30.0,1.74,14.13,37.54
67.74,30.0,1.74,12.57,37.51
67.78,30.0,1.73,14.56,37.43
67.73,30.0,1.75,13.09,38.95
67.75,30.0,1.73,13.84,37.89
67.77,30.0,1.76,14.36,38.94
67.78,30.0,1.74,13.19,38.28
67.78,30.0,1.73,12.65,37.3
67.79,30.0,1.73,13.21,37.57
67.74,30.0,1.74,13.04,38.29
67.76,30.0,1.74,14.27,38.17
67.72,30.0,1.74,13.22,39.06
67.75,30.0,1.74,13.71,38.4
67.7,30.0,1.72,13.66,38.15
67.67,30.0,1.75,13.49,37.52
67.66,30.0,1.74,13.96,37.59
67.63,30.0,1.74,12.7,37.58
67.6,30.0,1.73,13.43,37.64
67.65,30.0,1.73,14.73,38.42
67.68,30.0,1.77,14.21,38.06
67.71,30.0,1.75,13.55,37.86
67.71,30.0,1.77,12.76,37.84
67.71,30.0,1.76,14.11,37.64
67.73,30.0,1.74,14.12,37.4
67.73,30.0,1.72,13.92,37.45
67.76,30.0,1.75,14.15,37.74
67.76,30.0,1.74,13.56,37.98
67.76,30.0,1.75,14.07,38.19
67.81,30.0,1.74,14.03,37.39
67.78,30.0,1.75,13.26,38.76
67.74,30.0,1.75,13.12,37.39
67.74,30.0,1.75,13.06,38.78
67.71,30.0,1.75,13.63,38.09
67.76,30.0,1.73,13.9,38.14
67.73,30.0,1.74,13.39,38.19
67.76,30.0,1.72,13.88,37.75
67.76,30.0,1.73,13.97,38.39
67.74,30.0,1.74,12.38,37.66
67.77,30.0,1.73,14.17,37.63
67.73,30.0,1.72,12.88,38.04
67.75,30.0,1.75,13.54,37.97
67.77,30.0,1.73,14.11,38.36
67.79,30.0,1.75,13.44,38.39
67.8,30.0,1.74,13.88,37.65
67.8,30.0,1.75,13.81,38.11
67.73,30.0,1.72,12.64,39.0
67.74,30.0,1.75,13.6,38.79
67.71,30.0,1.72,13.58,37.88
67.72,30.0,1.75,13.86,38.48
67.75,30.0,1.73,14.48,38.04
67.76,30.0,1.73,14.51,38.26
67.82,30.0,1.71,14.04,37.54
67.82,30.0,1.74,13.79,38.52
67.82,30.0,1.72,14.0,38.65
67.76,30.0,1.74,13.2,38.26
67.76,30.0,1.75,13.12,38.06
67.78,30.0,1.74,13.91,37.67
67.77,30.0,1.74,12.67,38.31
67.7,30.0,1.75,12.56,38.11
67.72,30.0,1.74,14.03,37.73
67.69,30.0,1.75,13.71,37.48
67.7,30.0,1.74,13.65,37.86
67.68,30.0,1.74,13.21,36.96
67.72,30.0,1.72,13.57,37.53
67.7,30.0,1.73,13.3,38.83
67.72,30.0,1.74,14.38,37.83
67.71,30.0,1.73,13.32,37.39
67.73,30.0,1.75,13.73,38.03
67.73,30.0,1.74,13.4,38.18
67.73,30.0,1.72,13.37,37.41
67.71,30.0,1.73,13.46,36.66
67.72,30.0,1.75,14.3,38.18
67.71,30.0,1.74,14.11,37.81
67.73,30.0,1.74,13.66,37.24
67.75,30.0,1.74,13.86,38.05
67.74,30.0,1.75,13.6,37.8
67.68,30.0,1.73,12.55,38.39
67.69,30.0,1.73,14.06,36.97
67.73,30.0,1.76,13.77,37.34
67.7,30.0,1.75,12.63,38.18
67.68,30.0,1.74,13.46,37.69
67.64,30.0,1.74,13.3,37.67
67.63,30.0,1.74,13.53,37.67
67.62,30.0,1.73,14.79,38.3
67.61,30.0,1.73,14.13,37.71
67.65,30.0,1.74,14.41,37.48
67.68,30.0,1.75,14.26,37.7
67.6,30.0,1.73,12.81,38.49
67.57,30.0,1.74,14.29,37.73
67.61,30.0,1.74,14.99,37.77
67.61,30.0,1.73,14.03,37.24
67.66,30.0,1.74,14.55,37.51
67.66,30.0,1.73,14.39,38.08
67.66,30.0,1.75,13.95,37.61
67.72,30.0,1.75,15.05,37.72
67.7,30.0,1.73,12.76,37.88
67.68,30.0,1.73,13.17,37.72
67.72,30.0,1.74,14.94,37.5
67.75,30.0,1.73,14.16,37.87
67.79,30.0,1.74,14.26,38.27
67.78,30.0,1.75,13.67,37.73
67.81,30.0,1.74,14.08,37.56
67.79,30.0,1.74,12.8,38.37
67.76,30.0,1.74,13.08,38.43
67.8,30.0,1.72,14.13,37.01
67.78,30.0,1.75,13.8,37.89
67.75,30.0,1.74,13.48,37.64
67.73,30.0,1.73,12.87,37.49
67.73,30.0,1.74,13.84,38.66
67.8,30.0,1.75,14.63,37.32
67.8,30.0,1.73,13.65,38.83
67.82,30.0,1.74,13.77,38.75
67.8,30.0,1.75,12.73,38.37
67.74,30.0,1.75,13.0,38.35
67.7,30.0,1.75,13.15,38.37
67.73,30.0,1.73,13.97,37.4
67.71,30.0,1.73,14.0,37.78
67.72,30.0,1.76,13.53,38.52
67.75,30.0,1.74,14.51,37.61
67.74,30.0,1.73,13.15,37.09
67.72,30.0,1.74,13.55,39.01
67.74,30.0,1.74,14.14,38.01
67.75,30.0,1.72,13.42,37.5
67.79,30.0,1.74,13.96,37.32
67.77,30.0,1.74,12.64,38.45
67.75,30.0,1.75,13.77,36.92
67.73,30.0,1.73,13.39,37.07
67.73,30.0,1.74,13.53,37.74
67.77,30.0,1.75,14.29,38.14
67.78,30.0,1.74,13.21,37.43
67.76,30.0,1.75,13.42,37.79
67.78,30.0,1.75,13.96,38.41
67.79,30.0,1.74,13.38,38.04
67.77,30.0,1.74,13.42,37.77
67.71,30.0,1.74,12.96,38.49
67.72,30.0,1.74,13.78,36.95
67.74,30.0,1.74,13.91,37.77
67.76,30.0,1.73,13.55,38.1
67.73,30.0,1.75,13.21,37.69
67.74,30.0,1.74,13.88,37.37
67.74,30.0,1.73,13.13,37.58
67.74,30.0,1.73,14.01,38.61
67.74,30.0,1.74,13.42,37.42
67.75,30.0,1.74,13.76,38.65
67.74,30.0,1.71,12.49,38.24
67.73,30.0,1.75,13.9,37.88
67.76,30.0,1.73,14.45,38.33
67.74,30.0,1.74,13.53,38.47
67.81,30.0,1.73,14.96,38.51
67.76,30.0,1.76,12.76,38.29
67.81,30.0,1.74,14.17,37.76
67.85,30.0,1.75,14.41,38.33
67.84,30.0,1.75,13.52,38.67
67.77,30.0,1.72,12.55,38.44
67.78,30.0,1.74,13.4,38.72
67.76,30.0,1.72,14.22,37.82
67.71,30.0,1.74,12.85,38.45
67.76,30.0,1.75,14.55,37.3
67.73,30.0,1.74,12.99,38.73
67.79,30.0,1.75,14.7,38.17
67.74,30.0,1.73,12.96,38.77
67.75,30.0,1.74,13.4,37.66
67.73,30.0,1.74,13.24,38.35
67.74,30.0,1.74,13.66,38.14
67.74,30.0,1.73,14.01,37.83
67.76,30.0,1.75,14.06,37.96
67.75,30.0,1.74,13.21,37.35
67.68,30.0,1.75,13.39,38.72
67.64,30.0,1.75,14.3,37.96
67.64,30.0,1.74,13.63,37.32
67.69,30.0,1.74,14.46,38.02
67.7,30.0,1.75,14.05,37.23
67.71,30.0,1.75,14.23,38.16
67.68,30.0,1.76,13.15,38.38
67.65,30.0,1.74,13.14,38.62
67.68,30.0,1.73,14.18,37.26
67.66,30.0,1.73,13.58,37.96
67.68,30.0,1.73,13.37,37.38
67.67,30.0,1.76,13.57,37.81
67.7,30.0,1.75,13.91,37.84
67.75,30.0,1.74,13.92,37.72
67.7,30.0,1.75,13.26,37.69
67.66,30.0,1.76,12.6,37.82
67.64,30.0,1.74,13.13,37.19
67.63,30.0,1.74,13.87,37.53
67.6,30.0,1.75,13.06,37.5
67.7,30.0,1.74,15.29,37.23
67.69,30.0,1.74,13.33,38.66
67.71,30.0,1.73,14.2,37.9
67.71,30.0,1.75,13.59,38.16
67.7,30.0,1.74,13.95,37.39
67.68,30.0,1.73,13.56,37.96
67.7,30.0,1.74,14.45,37.79
67.75,30.0,1.73,14.49,37.94
67.74,30.0,1.73,14.04,39.14
67.73,30.0,1.73,13.66,38.39
67.72,30.0,1.75,13.54,38.24
67.74,30.0,1.75,14.26,38.0
67.72,30.0,1.74,13.1,37.5
67.74,30.0,1.74,13.27,38.8
67.76,30.0,1.75,13.58,37.88
67.69,30.0,1.76,12.52,38.3
67.71,30.0,1.74,14.07,37.35
67.7,30.0,1.76,14.02,38.35
67.74,30.0,1.76,14.62,37.35
67.78,30.0,1.77,14.16,37.8
67.77,30.0,1.74,13.37,37.8
67.72,30.0,1.73,13.1,38.31
67.76,30.0,1.72,14.03,37.02
67.73,30.0,1.75,12.55,37.81
67.74,30.0,1.73,13.67,37.78
67.75,30.0,1.74,13.63,37.36
67.73,30.0,1.75,13.13,38.06
67.68,30.0,1.75,12.84,37.87
67.69,30.0,1.75,14.3,37.97
67.65,30.0,1.74,13.08,36.9
67.72,30.0,1.74,14.43,36.12
67.71,30.0,1.75,12.89,37.93
67.73,30.0,1.73,14.27,37.17
67.82,30.0,1.74,14.45,38.26
67.81,30.0,1.74,12.7,38.22
67.79,30.0,1.73,13.2,38.29
67.77,30.0,1.75,13.19,38.07
67.79,30.0,1.73,14.25,37.67
67.78,30.0,1.75,13.36,37.89
67.71,30.0,1.74,12.04,38.38
67.71,30.0,1.75,13.31,38.43
67.72,30.0,1.75,14.14,37.46
67.7,30.0,1.75,13.3,38.6
67.75,30.0,1.75,14.87,37.43
67.75,30.0,1.74,13.97,37.84
67.78,30.0,1.74,14.2,37.88
67.76,30.0,1.73,13.68,38.19
67.73,30.0,1.75,12.45,37.62
67.74,30.0,1.75,13.97,38.19
67.73,30.0,1.75,13.72,38.85
67.71,30.0,1.75,14.04,38.3
67.68,30.0,1.74,13.69,37.61
67.67,30.0,1.74,13.93,37.08
67.73,30.0,1.74,14.42,37.77
67.7,30.0,1.76,13.62,37.44
67.73,30.0,1.74,14.39,37.09
67.74,30.0,1.75,13.45,37.74
67.74,30.0,1.75,13.78,37.89
67.74,30.0,1.74,13.8,37.99
67.71,30.0,1.74,13.3,38.39
67.7,30.0,1.74,14.07,37.26
67.69,30.0,1.74,12.97,37.14
67.73,30.0,1.74,14.5,37.16
67.71,30.0,1.72,13.05,38.43
67.7,30.0,1.73,13.71,38.04
67.7,30.0,1.76,13.92,38.92
67.71,30.0,1.74,13.42,37.91
67.74,30.0,1.74,13.6,38.19
67.78,30.0,1.74,13.28,37.88
67.72,30.0,1.74,13.03,37.55
67.74,30.0,1.73,14.0,37.68
67.72,30.0,1.76,13.65,38.19
67.72,30.0,1.74,13.23,38.04
67.75,30.0,1.74,13.56,37.19
67.74,30.0,1.74,13.75,38.35
67.81,30.0,1.73,14.21,37.41
67.81,30.0,1.72,12.54,38.31
67.78,30.0,1.74,13.08,38.47
67.75,30.0,1.73,12.94,37.83
67.74,30.0,1.74,13.46,37.82
67.75,30.0,1.73,12.67,37.83
67.75,30.0,1.73,14.17,38.01
67.74,30.0,1.74,13.55,38.74
67.72,30.0,1.74,14.08,38.12
67.7,30.0,1.74,14.42,37.87
67.68,30.0,1.75,13.7,36.88
67.68,30.0,1.73,13.58,37.25
67.67,30.0,1.73,13.99,37.61
67.69,30.0,1.76,14.2,37.7
67.71,30.0,1.74,14.21,38.2
67.7,30.0,1.74,13.52,38.23
67.77,30.0,1.73,13.87,37.8
67.73,30.0,1.74,13.03,38.43
67.72,30.0,1.74,13.06,38.17
67.73,30.0,1.74,14.05,36.94
67.7,30.0,1.75,13.06,37.03
67.75,30.0,1.75,14.43,37.54
67.73,30.0,1.74,14.1,37.83
67.71,30.0,1.74,13.09,37.58
67.71,30.0,1.74,13.82,38.19
67.71,30.0,1.74,13.76,38.3
67.69,30.0,1.73,13.57,37.74
67.71,30.0,1.75,14.25,37.22
67.7,30.0,1.73,13.55,38.26
67.65,30.0,1.75,13.03,38.44
67.69,30.0,1.72,13.63,38.24
67.69,30.0,1.75,13.33,38.14
67.68,30.0,1.73,13.6,38.73
67.72,30.0,1.73,13.78,37.13
67.72,30.0,1.72,13.9,37.66
67.72,30.0,1.72,13.95,38.55
67.76,30.0,1.73,14.11,37.04
67.71,30.0,1.73,12.86,38.18
67.76,30.0,1.74,13.91,36.63
67.75,30.0,1.75,12.78,37.54
67.78,30.0,1.74,14.19,37.66
67.76,30.0,1.74,13.67,38.68
67.75,30.0,1.72,13.12,38.02
67.77,30.0,1.75,14.03,37.45
67.74,30.0,1.73,13.56,38.24
67.75,30.0,1.75,14.04,37.66
67.72,30.0,1.74,13.0,38.12
67.69,30.0,1.74,13.42,37.59
67.68,30.0,1.73,13.51,38.25
67.71,30.0,1.74,13.79,37.52
67.72,30.0,1.76,13.6,38.55
67.77,30.0,1.76,14.34,37.42
67.8,30.0,1.74,14.17,38.56
67.73,30.0,1.75,12.76,38.04
67.7,30.0,1.75,13.46,38.58
67.73,30.0,1.75,13.56,37.15
67.74,30.0,1.74,13.71,37.95
67.76,30.0,1.77,13.14,37.77
67.78,30.0,1.73,14.19,38.3
67.79,30.0,1.76,12.97,37.83
67.81,30.0,1.74,13.61,37.7
67.73,30.0,1.73,12.05,38.39
67.72,30.0,1.74,13.51,37.66
67.66,30.0,1.73,12.72,38.66
67.7,30.0,1.74,13.86,37.6
67.73,30.0,1.74,14.06,37.95
67.71,30.0,1.78,12.68,37.78
67.68,30.0,1.76,13.13,38.06
67.64,30.0,1.74,13.25,38.03
67.64,30.0,1.75,14.17,38.08
67.68,30.0,1.73,14.2,37.68
67.73,30.0,1.74,14.33,37.43
67.75,30.0,1.75,13.5,37.63
67.75,30.0,1.73,13.26,37.41
67.71,30.0,1.73,12.86,37.46
67.69,30.0,1.73,12.77,37.27
67.69,30.0,1.74,13.67,38.74
67.66,30.0,1.74,13.39,38.84
67.71,30.0,1.74,14.68,37.56
67.72,30.0,1.73,13.61,38.02
67.68,30.0,1.72,13.31,37.57
67.71,30.0,1.72,14.07,38.19
67.72,30.0,1.74,13.6,37.3
67.7,30.0,1.73,13.99,37.86
67.68,30.0,1.72,13.83,37.83
67.66,30.0,1.74,13.97,37.0
67.66,30.0,1.74,13.78,37.21
67.66,30.0,1.74,13.69,37.67
67.72,30.0,1.75,14.51,38.04
67.72,30.0,1.73,13.82,37.65
67.7,30.0,1.74,13.7,38.22
67.69,30.0,1.73,13.44,37.92
67.68,30.0,1.74,13.55,37.99
67.72,30.0,1.73,14.05,37.51
67.72,30.0,1.72,13.58,37.19
67.75,30.0,1.74,14.07,38.25
67.76,30.0,1.75,13.07,37.59
67.78,30.0,1.73,13.51,37.77
67.75,30.0,1.75,13.43,38.8
67.74,30.0,1.73,13.76,37.98
67.75,30.0,1.75,13.73,37.23
67.79,30.0,1.76,14.02,37.28
67.78,30.0,1.74,13.46,37.65
67.78,30.0,1.74,13.46,38.13
67.76,30.0,1.73,13.48,37.87
67.8,30.0,1.75,14.38,38.78
67.76,30.0,1.74,13.61,38.28
67.72,30.0,1.74,13.25,37.49
67.72,30.0,1.75,13.83,37.3
67.7,30.0,1.75,13.25,37.96
67.69,30.0,1.74,13.38,37.84
67.75,30.0,1.77,13.88,37.94
67.75,30.0,1.74,13.2,36.83
67.76,30.0,1.75,14.04,38.13
67.77,30.0,1.74,14.05,37.36
67.77,30.0,1.75,13.45,37.96
67.77,30.0,1.74,14.25,38.36
67.77,30.0,1.76,13.33,38.35
67.79,30.0,1.73,13.18,38.25
67.78,30.0,1.73,13.32,37.69
67.77,30.0,1.75,13.83,38.2
67.74,30.0,1.74,13.48,38.55
67.73,30.0,1.74,13.97,37.73
67.74,30.0,1.73,14.26,38.46
67.74,30.0,1.74,13.35,37.72
67.72,30.0,1.74,13.2,38.5
67.67,30.0,1.74,12.82,36.66
67.73,30.0,1.74,14.29,36.49
67.77,30.0,1.74,14.28,37.49
67.79,30.0,1.75,13.78,37.97
67.72,30.0,1.75,12.96,38.27
67.76,30.0,1.75,14.66,37.25
67.75,30.0,1.74,13.44,38.13
67.72,30.0,1.74,13.48,38.0
67.73,30.0,1.74,14.49,37.65
67.72,30.0,1.73,13.28,37.24
67.68,30.0,1.72,13.37,37.95
67.69,30.0,1.72,14.27,36.75
67.69,30.0,1.76,13.61,37.98
67.7,30.0,1.77,14.39,37.3
67.73,30.0,1.74,14.31,38.11
67.7,30.0,1.73,12.88,38.0
67.69,30.0,1.76,13.52,38.56
67.64,30.0,1.73,12.99,37.5
67.65,30.0,1.73,13.77,37.7
67.62,30.0,1.73,12.99,38.34
67.64,30.0,1.74,14.44,37.57
67.62,30.0,1.73,13.55,37.96
67.69,30.0,1.75,14.59,38.09
67.73,30.0,1.75,13.69,37.0
67.71,30.0,1.76,13.3,38.37
67.71,30.0,1.76,13.51,38.81
67.69,30.0,1.75,13.5,38.05
67.72,30.0,1.75,14.34,38.94
67.7,30.0,1.74,13.46,38.14
67.71,30.0,1.74,13.88,37.63
67.71,30.0,1.74,13.52,38.4
67.7,30.0,1.74,13.01,38.06
67.77,30.0,1.75,14.87,36.64
67.78,30.0,1.75,13.66,38.16
67.75,30.0,1.73,12.96,38.27
67.73,30.0,1.73,13.88,37.7
67.71,30.0,1.75,13.24,38.42
67.76,30.0,1.74,13.4,38.28
67.74,30.0,1.75,13.89,38.37
67.72,30.0,1.75,13.74,37.81
67.7,30.0,1.73,13.18,38.96
67.75,30.0,1.73,13.54,37.66
67.75,30.0,1.73,13.46,37.72
67.72,30.0,1.73,12.92,37.91
67.7,30.0,1.73,13.43,38.46
67.67,30.0,1.76,13.58,37.82
67.71,30.0,1.72,14.41,38.4
67.73,30.0,1.74,14.52,37.4
67.77,30.0,1.74,14.31,38.45
67.75,30.0,1.75,13.2,38.26
67.71,30.0,1.74,13.91,38.3
67.7,30.0,1.73,13.7,37.92
67.73,30.0,1.73,14.06,37.61
67.76,30.0,1.74,14.35,38.41
67.77,30.0,1.75,13.88,38.23
67.77,30.0,1.73,14.09,37.46
67.74,30.0,1.74,12.63,38.05
67.73,30.0,1.74,13.29,38.53
67.79,30.0,1.74,14.22,37.84
67.83,30.0,1.73,14.25,37.68
67.83,30.0,1.73,13.6,38.07
67.86,30.0,1.73,13.49,37.99
67.78,30.0,1.74,12.19,38.9
67.76,30.0,1.75,13.16,37.46
67.79,30.0,1.73,13.93,38.16
67.77,30.0,1.74,13.07,38.37
67.75,30.0,1.74,12.8,37.02
67.75,30.0,1.74,13.93,37.8
67.78,30.0,1.73,13.91,37.89
67.79,30.0,1.74,13.24,38.08
67.81,30.0,1.74,14.15,37.47
67.84,30.0,1.74,13.44,37.84
67.78,30.0,1.77,12.43,38.34
67.78,30.0,1.75,13.84,38.15
67.81,30.0,1.74,13.79,36.68
67.8,30.0,1.75,12.48,38.68
67.78,30.0,1.72,13.72,39.12
67.75,30.0,1.74,13.63,38.01
67.75,30.0,1.74,13.84,37.94
67.74,30.0,1.73,13.51,37.02
67.78,30.0,1.74,13.86,37.2
67.74,30.0,1.74,13.06,38.26
67.73,30.0,1.73,13.22,37.66
67.7,30.0,1.74,13.0,38.04
67.73,30.0,1.74,13.95,37.84
67.73,30.0,1.74,12.63,37.04
67.75,30.0,1.74,14.09,37.75
67.78,30.0,1.72,14.74,38.12
67.82,30.0,1.75,14.3,38.04
67.77,30.0,1.73,12.84,38.62
67.79,30.0,1.74,13.95,38.01
67.78,30.0,1.74,13.55,37.4
67.77,30.0,1.75,12.89,38.34
67.76,30.0,1.75,13.19,38.24
67.75,30.0,1.75,12.99,38.96
67.74,30.0,1.74,14.11,38.26
67.7,30.0,1.74,12.71,38.19
67.73,30.0,1.74,14.39,37.58
67.64,30.0,1.73,12.7,37.79
67.67,30.0,1.74,14.57,37.8
67.72,30.0,1.76,13.44,37.68
67.71,30.0,1.73,13.69,37.97
67.74,30.0,1.76,13.95,37.56
67.71,30.0,1.75,13.74,38.0
67.71,30.0,1.75,13.18,37.62
67.69,30.0,1.73,13.5,37.64
67.71,30.0,1.74,13.52,36.97
67.7,30.0,1.74,14.03,37.36
67.71,30.0,1.76,13.81,37.74
67.74,30.0,1.76,13.97,38.81
67.71,30.0,1.72,13.02,38.26
67.72,30.0,1.74,14.52,37.67
67.7,30.0,1.76,13.28,37.54
67.71,30.0,1.74,13.44,38.65
67.76,30.0,1.75,14.12,37.85
67.73,30.0,1.74,12.64,38.17
67.71,30.0,1.72,13.69,37.61
67.63,30.0,1.73,13.0,38.16
67.6,30.0,1.74,13.84,37.38
67.6,30.0,1.74,13.74,37.98
67.63,30.0,1.74,14.42,37.51
67.65,30.0,1.74,14.38,37.76
67.71,30.0,1.74,14.7,37.95
67.71,30.0,1.75,13.27,37.44
67.74,30.0,1.73,15.16,38.31
67.78,30.0,1.73,14.69,37.86
67.78,30.0,1.73,14.08,38.39
67.79,30.0,1.75,13.45,38.16
67.77,30.0,1.73,13.12,37.89
67.74,30.0,1.75,13.33,38.08
67.72,30.0,1.74,13.4,37.52
67.74,30.0,1.75,13.71,38.1
67.74,30.0,1.73,13.69,37.43
67.78,30.0,1.75,14.4,38.96
67.74,30.0,1.74,13.45,38.3
67.71,30.0,1.76,13.14,38.09
67.73,30.0,1.76,14.17,38.0
67.73,30.0,1.74,13.6,38.09
67.7,30.0,1.74,13.64,36.94
67.73,30.0,1.73,14.56,37.99
67.76,30.0,1.74,14.03,37.62
67.77,30.0,1.74,13.7,38.05
67.7,30.0,1.74,13.08,37.58
67.74,30.0,1.73,14.57,38.16
67.79,30.0,1.73,14.06,37.9
67.73,30.0,1.73,12.9,37.73
67.66,30.0,1.75,13.67,37.56
67.64,30.0,1.76,13.22,37.92
67.67,30.0,1.76,14.65,37.31
67.65,30.0,1.74,13.23,37.78
67.69,30.0,1.74,14.25,37.71
67.7,30.0,1.74,14.07,37.81
67.69,30.0,1.74,13.47,37.39
67.69,30.0,1.74,13.9,38.2
67.7,30.0,1.75,13.95,37.44
67.7,30.0,1.76,13.88,37.92
67.72,30.0,1.74,13.49,36.96
67.75,30.0,1.74,13.56,37.59
67.76,30.0,1.75,13.76,38.09
67.77,30.0,1.74,13.31,37.32
67.75,30.0,1.74,13.44,38.31
67.77,30.0,1.73,13.43,37.71
67.77,30.0,1.74,14.57,38.51
67.73,30.0,1.74,13.32,38.26
67.71,30.0,1.75,13.55,37.56
67.7,30.0,1.74,12.88,38.09
67.69,30.0,1.73,13.84,38.37
67.71,30.0,1.73,13.62,38.34
67.77,30.0,1.74,14.23,38.26
67.76,30.0,1.76,13.39,38.63
67.75,30.0,1.73,13.89,38.14
67.73,30.0,1.74,12.78,37.89
67.74,30.0,1.74,14.1,38.11
67.75,30.0,1.73,13.77,38.05
67.75,30.0,1.73,13.27,39.14
67.72,30.0,1.73,12.29,38.06
67.74,30.0,1.75,14.21,37.9
67.74,30.0,1.74,13.31,37.81
67.78,30.0,1.74,14.52,38.3
67.79,30.0,1.73,13.73,37.98
67.83,30.0,1.76,13.76,38.32
67.8,30.0,1.75,13.37,38.37
67.82,30.0,1.73,13.29,38.48
67.79,30.0,1.75,12.62,38.16
67.73,30.0,1.73,12.79,38.55
67.75,30.0,1.74,13.56,37.65
67.78,30.0,1.75,14.4,37.87
67.77,30.0,1.72,13.3,38.85
67.8,30.0,1.72,13.99,38.53
67.75,30.0,1.76,12.89,37.89
67.75,30.0,1.75,13.5,37.98
67.65,30.0,1.74,11.81,37.69
67.63,30.0,1.74,13.93,37.62
67.69,30.0,1.73,14.8,38.21
67.72,30.0,1.72,14.51,38.11
67.75,30.0,1.74,14.16,37.58
67.77,30.0,1.76,14.28,37.93
67.74,30.0,1.73,13.03,38.5
67.76,30.0,1.75,13.55,38.31
67.74,30.0,1.73,13.27,37.56
67.75,30.0,1.72,13.43,37.81
67.76,30.0,1.73,13.13,37.64
67.77,30.0,1.75,13.58,37.96
67.73,30.0,1.74,13.42,37.82
67.72,30.0,1.74,13.89,37.13
67.72,30.0,1.72,13.85,37.38
67.76,30.0,1.74,14.37,37.23
67.78,30.0,1.72,14.06,37.66
67.69,30.0,1.74,12.33,38.43
67.71,30.0,1.72,14.35,38.14
67.71,30.0,1.73,14.01,38.5
67.72,30.0,1.73,13.51,38.11
67.68,30.0,1.74,12.91,39.07
67.7,30.0,1.74,13.55,37.98
67.74,30.0,1.74,14.67,37.64
67.72,30.0,1.74,13.8,38.07
67.72,30.0,1.73,13.5,37.58
67.74,30.0,1.75,13.14,36.56
67.68,30.0,1.73,13.51,37.62
67.72,30.0,1.74,14.29,38.18
67.77,30.0,1.74,14.35,37.7
67.72,30.0,1.75,12.95,37.57
67.73,30.0,1.74,13.3,37.37
67.73,30.0,1.74,14.13,38.16
67.71,30.0,1.73,13.69,37.46
67.78,30.0,1.74,14.75,37.64
67.8,30.0,1.74,13.75,38.58
67.84,30.0,1.72,13.88,38.4
