Target_Crop,Soil_Type,Batch_NPK_Profile,Rec_Dose_g_per_pot,Apply_Freq_Days,Compatibility_Score
Kamatis (Tomato),Sandy Loam,Balanced Organic (High C / Moderate K),30.1,14,90.2
Sili (Chili Pepper),Clay Loam,High Phosphorus & Nitrogen (P-N Rich),19.8,10,81.9
Talong (Eggplant),Sandy Loam,Balanced Organic (High C / Moderate K),33.5,14,93.3
Sili (Chili Pepper),Clay Loam,Organic Soil Conditioner (High Carbon),18.2,10,80.6
Sili (Chili Pepper),Clay Loam,High Phosphorus & Nitrogen (P-N Rich),20.1,10,78.6
Kangkong,Volcanic / Silt Loam,Organic Soil Conditioner (High Carbon),34.7,7,75.0
Talong (Eggplant),Volcanic / Silt Loam,Balanced Organic (High C / Moderate K),24.9,14,93.4
Talong (Eggplant),Volcanic / Silt Loam,High Phosphorus & Nitrogen (P-N Rich),23.9,14,90.7
Talong (Eggplant),Volcanic / Silt Loam,Organic Soil Conditioner (High Carbon),40.3,14,80.6
Sili (Chili Pepper),Sandy Loam,Balanced Organic (High C / Moderate K),27.4,10,93.9
Kamatis (Tomato),Sandy Loam,Organic Soil Conditioner (High Carbon),49.1,14,75.7
Talong (Eggplant),Sandy Loam,High Nitrogen & Fiber (N-Rich),50.1,14,71.4
Sili (Chili Pepper),Clay Loam,Balanced Organic (High C / Moderate K),18.0,10,89.1
Kangkong,Sandy Loam,Balanced Organic (High C / Moderate K),45.4,7,96.6
Kamatis (Tomato),Sandy Loam,Balanced Organic (High C / Moderate K),31.0,14,90.4
Kangkong,Sandy Loam,High Phosphorus & Nitrogen (P-N Rich),42.8,7,80.8
Kamatis (Tomato),Volcanic / Silt Loam,High Phosphorus & Nitrogen (P-N Rich),25.4,14,95.8
Sili (Chili Pepper),Sandy Loam,High Phosphorus & Nitrogen (P-N Rich),25.4,10,66.4
Pechay,Clay Loam,High Nitrogen & Fiber (N-Rich),16.0,7,98.8
Kamatis (Tomato),Volcanic / Silt Loam,High Nitrogen & Fiber (N-Rich),40.8,14,75.0
Kangkong,Clay Loam,Balanced Organic (High C / Moderate K),28.7,7,89.2
Sili (Chili Pepper),Sandy Loam,High Nitrogen & Fiber (N-Rich),28.1,10,77.2
Kamatis (Tomato),Volcanic / Silt Loam,Organic Soil Conditioner (High Carbon),40.8,14,78.2
Pechay,Clay Loam,Balanced Organic (High C / Moderate K),31.0,7,97.8
Pechay,Sandy Loam,Balanced Organic (High C / Moderate K),42.8,7,88.9
Talong (Eggplant),Clay Loam,Organic Soil Conditioner (High Carbon),33.4,14,81.8
Talong (Eggplant),Clay Loam,Balanced Organic (High C / Moderate K),22.0,14,92.3
Kangkong,Clay Loam,High Nitrogen & Fiber (N-Rich),17.9,7,90.3
Kamatis (Tomato),Sandy Loam,High Phosphorus & Nitrogen (P-N Rich),30.7,14,90.6
Kamatis (Tomato),Sandy Loam,Organic Soil Conditioner (High Carbon),48.7,14,69.0
Talong (Eggplant),Clay Loam,High Nitrogen & Fiber (N-Rich),33.0,14,65.3
Kamatis (Tomato),Volcanic / Silt Loam,Organic Soil Conditioner (High Carbon),39.0,14,65.1
Kamatis (Tomato),Volcanic / Silt Loam,Organic Soil Conditioner (High Carbon),39.8,14,76.6
Pechay,Sandy Loam,Balanced Organic (High C / Moderate K),44.0,7,89.8
Talong (Eggplant),Sandy Loam,Balanced Organic (High C / Moderate K),30.9,14,96.7
Sili (Chili Pepper),Sandy Loam,High Nitrogen & Fiber (N-Rich),27.6,10,75.6
Talong (Eggplant),Sandy Loam,Organic Soil Conditioner (High Carbon),51.0,14,70.3
Sili (Chili Pepper),Sandy Loam,Balanced Organic (High C / Moderate K),27.0,10,96.9
Pechay,Volcanic / Silt Loam,Balanced Organic (High C / Moderate K),34.9,7,92.4
Kangkong,Sandy Loam,Organic Soil Conditioner (High Carbon),44.2,7,78.1
Kamatis (Tomato),Clay Loam,High Nitrogen & Fiber (N-Rich),34.4,14,73.2
Pechay,Clay Loam,High Nitrogen & Fiber (N-Rich),17.4,7,90.2
Kamatis (Tomato),Volcanic / Silt Loam,Organic Soil Conditioner (High Carbon),39.6,14,78.7
Kangkong,Clay Loam,High Nitrogen & Fiber (N-Rich),17.6,7,98.5
Kangkong,Volcanic / Silt Loam,Balanced Organic (High C / Moderate K),35.1,7,88.5
Pechay,Volcanic / Silt Loam,Organic Soil Conditioner (High Carbon),34.1,7,74.8
Kangkong,Clay Loam,Balanced Organic (High C / Moderate K),29.8,7,95.1
Sili (Chili Pepper),Sandy Loam,High Phosphorus & Nitrogen (P-N Rich),27.3,10,80.8
Kangkong,Clay Loam,High Phosphorus & Nitrogen (P-N Rich),28.1,7,76.3
Kamatis (Tomato),Clay Loam,High Nitrogen & Fiber (N-Rich),35.7,14,73.5
Kamatis (Tomato),Volcanic / Silt Loam,High Phosphorus & Nitrogen (P-N Rich),25.0,14,88.8
Kamatis (Tomato),Clay Loam,Balanced Organic (High C / Moderate K),22.8,14,96.4
Kamatis (Tomato),Volcanic / Silt Loam,High Phosphorus & Nitrogen (P-N Rich),25.3,14,93.3
Sili (Chili Pepper),Sandy Loam,Balanced Organic (High C / Moderate K),26.7,10,89.9
Talong (Eggplant),Sandy Loam,High Nitrogen & Fiber (N-Rich),49.1,14,79.8
Pechay,Sandy Loam,High Nitrogen & Fiber (N-Rich),25.3,7,98.6
Kamatis (Tomato),Clay Loam,Balanced Organic (High C / Moderate K),21.4,14,93.7
Kangkong,Volcanic / Silt Loam,High Phosphorus & Nitrogen (P-N Rich),34.5,7,69.3
Kamatis (Tomato),Sandy Loam,High Nitrogen & Fiber (N-Rich),47.5,14,78.7
Kangkong,Volcanic / Silt Loam,Organic Soil Conditioner (High Carbon),35.1,7,77.8
Kangkong,Volcanic / Silt Loam,High Nitrogen & Fiber (N-Rich),21.6,7,89.5
Kamatis (Tomato),Sandy Loam,High Phosphorus & Nitrogen (P-N Rich),32.9,14,89.0
Sili (Chili Pepper),Sandy Loam,Organic Soil Conditioner (High Carbon),28.0,10,72.1
Kangkong,Volcanic / Silt Loam,High Phosphorus & Nitrogen (P-N Rich),34.7,7,67.2
Kangkong,Sandy Loam,Balanced Organic (High C / Moderate K),44.0,7,95.9
Kamatis (Tomato),Volcanic / Silt Loam,Organic Soil Conditioner (High Carbon),39.4,14,71.1
Kangkong,Volcanic / Silt Loam,High Phosphorus & Nitrogen (P-N Rich),35.5,7,78.4
Kangkong,Sandy Loam,Organic Soil Conditioner (High Carbon),42.7,7,69.0
Kamatis (Tomato),Clay Loam,High Phosphorus & Nitrogen (P-N Rich),21.5,14,95.9
Kamatis (Tomato),Sandy Loam,Organic Soil Conditioner (High Carbon),50.8,14,67.2
Pechay,Clay Loam,High Phosphorus & Nitrogen (P-N Rich),30.1,7,72.3
Sili (Chili Pepper),Volcanic / Silt Loam,Balanced Organic (High C / Moderate K),21.3,10,96.3
Sili (Chili Pepper),Volcanic / Silt Loam,Organic Soil Conditioner (High Carbon),23.1,10,66.8
Kangkong,Clay Loam,Organic Soil Conditioner (High Carbon),29.8,7,80.9
Sili (Chili Pepper),Volcanic / Silt Loam,Organic Soil Conditioner (High Carbon),22.0,10,73.7
Kangkong,Clay Loam,Organic Soil Conditioner (High Carbon),30.3,7,71.7
Pechay,Clay Loam,Balanced Organic (High C / Moderate K),27.1,7,97.3
Kamatis (Tomato),Volcanic / Silt Loam,Organic Soil Conditioner (High Carbon),39.3,14,73.3
Kamatis (Tomato),Clay Loam,High Nitrogen & Fiber (N-Rich),33.7,14,79.4
Kamatis (Tomato),Sandy Loam,Balanced Organic (High C / Moderate K),32.2,14,91.7
Sili (Chili Pepper),Sandy Loam,High Nitrogen & Fiber (N-Rich),26.3,10,73.4
Pechay,Volcanic / Silt Loam,Organic Soil Conditioner (High Carbon),35.3,7,78.5
Sili (Chili Pepper),Volcanic / Silt Loam,High Phosphorus & Nitrogen (P-N Rich),21.4,10,73.3
Sili (Chili Pepper),Clay Loam,High Nitrogen & Fiber (N-Rich),18.5,10,69.1
Pechay,Clay Loam,Organic Soil Conditioner (High Carbon),29.0,7,81.1
Pechay,Clay Loam,High Nitrogen & Fiber (N-Rich),16.6,7,93.1
Pechay,Clay Loam,Organic Soil Conditioner (High Carbon),29.7,7,70.2
Pechay,Sandy Loam,Organic Soil Conditioner (High Carbon),43.6,7,74.2
Kamatis (Tomato),Sandy Loam,Organic Soil Conditioner (High Carbon),49.4,14,74.4
Talong (Eggplant),Volcanic / Silt Loam,High Phosphorus & Nitrogen (P-N Rich),23.4,14,98.6
Talong (Eggplant),Clay Loam,High Nitrogen & Fiber (N-Rich),33.3,14,71.4
Pechay,Clay Loam,Balanced Organic (High C / Moderate K),29.1,7,93.0
Talong (Eggplant),Volcanic / Silt Loam,Balanced Organic (High C / Moderate K),25.5,14,96.4
Talong (Eggplant),Clay Loam,Balanced Organic (High C / Moderate K),20.5,14,88.2
Pechay,Clay Loam,Balanced Organic (High C / Moderate K),29.2,7,92.6
Talong (Eggplant),Clay Loam,Organic Soil Conditioner (High Carbon),34.9,14,74.6
Sili (Chili Pepper),Clay Loam,High Nitrogen & Fiber (N-Rich),18.4,10,68.5
Kangkong,Clay Loam,High Nitrogen & Fiber (N-Rich),17.3,7,97.6
Kangkong,Volcanic / Silt Loam,High Phosphorus & Nitrogen (P-N Rich),34.2,7,71.0
Pechay,Clay Loam,High Nitrogen & Fiber (N-Rich),17.9,7,98.0
Kamatis (Tomato),Volcanic / Silt Loam,High Nitrogen & Fiber (N-Rich),40.0,14,67.2
Pechay,Clay Loam,High Nitrogen & Fiber (N-Rich),15.9,7,88.9
Kamatis (Tomato),Sandy Loam,High Phosphorus & Nitrogen (P-N Rich),31.8,14,90.2
Kangkong,Sandy Loam,Balanced Organic (High C / Moderate K),43.6,7,94.0
Pechay,Sandy Loam,High Nitrogen & Fiber (N-Rich),25.8,7,91.0
Sili (Chili Pepper),Sandy Loam,High Phosphorus & Nitrogen (P-N Rich),28.5,10,81.8
Talong (Eggplant),Volcanic / Silt Loam,High Phosphorus & Nitrogen (P-N Rich),24.7,14,90.9
Kamatis (Tomato),Volcanic / Silt Loam,Organic Soil Conditioner (High Carbon),40.1,14,66.9
Talong (Eggplant),Clay Loam,High Phosphorus & Nitrogen (P-N Rich),21.3,14,88.0
Talong (Eggplant),Sandy Loam,Balanced Organic (High C / Moderate K),32.4,14,91.3
Pechay,Volcanic / Silt Loam,High Nitrogen & Fiber (N-Rich),19.3,7,89.7
Talong (Eggplant),Clay Loam,High Phosphorus & Nitrogen (P-N Rich),20.1,14,96.3
Sili (Chili Pepper),Clay Loam,Balanced Organic (High C / Moderate K),18.5,10,93.9
Talong (Eggplant),Volcanic / Silt Loam,High Phosphorus & Nitrogen (P-N Rich),24.3,14,98.3
Pechay,Sandy Loam,High Phosphorus & Nitrogen (P-N Rich),43.6,7,75.8
Sili (Chili Pepper),Clay Loam,High Phosphorus & Nitrogen (P-N Rich),19.8,10,71.1
Kangkong,Sandy Loam,High Phosphorus & Nitrogen (P-N Rich),44.0,7,66.8
Talong (Eggplant),Sandy Loam,High Phosphorus & Nitrogen (P-N Rich),31.6,14,89.8
Pechay,Sandy Loam,Balanced Organic (High C / Moderate K),45.6,7,93.6
Kangkong,Clay Loam,High Nitrogen & Fiber (N-Rich),16.8,7,98.4
Kangkong,Sandy Loam,High Nitrogen & Fiber (N-Rich),24.5,7,94.4
Kamatis (Tomato),Clay Loam,High Nitrogen & Fiber (N-Rich),34.0,14,66.1
Sili (Chili Pepper),Sandy Loam,High Nitrogen & Fiber (N-Rich),27.0,10,68.2
Talong (Eggplant),Clay Loam,Balanced Organic (High C / Moderate K),21.6,14,97.2
Pechay,Sandy Loam,Organic Soil Conditioner (High Carbon),42.9,7,67.6
Kamatis (Tomato),Volcanic / Silt Loam,Organic Soil Conditioner (High Carbon),39.3,14,71.3
Sili (Chili Pepper),Sandy Loam,Balanced Organic (High C / Moderate K),25.4,10,90.8
Kamatis (Tomato),Sandy Loam,Balanced Organic (High C / Moderate K),31.0,14,98.9
Sili (Chili Pepper),Clay Loam,High Phosphorus & Nitrogen (P-N Rich),18.3,10,66.0
Sili (Chili Pepper),Clay Loam,High Phosphorus & Nitrogen (P-N Rich),18.8,10,79.2
Talong (Eggplant),Sandy Loam,High Phosphorus & Nitrogen (P-N Rich),33.3,14,93.6
Sili (Chili Pepper),Volcanic / Silt Loam,High Nitrogen & Fiber (N-Rich),22.9,10,67.9
Kamatis (Tomato),Volcanic / Silt Loam,High Phosphorus & Nitrogen (P-N Rich),25.7,14,90.2
Sili (Chili Pepper),Clay Loam,Organic Soil Conditioner (High Carbon),17.4,10,68.6
Talong (Eggplant),Volcanic / Silt Loam,High Nitrogen & Fiber (N-Rich),40.5,14,67.0
Talong (Eggplant),Sandy Loam,High Phosphorus & Nitrogen (P-N Rich),31.7,14,91.3
Kamatis (Tomato),Clay Loam,High Nitrogen & Fiber (N-Rich),34.4,14,67.3
Kangkong,Sandy Loam,Organic Soil Conditioner (High Carbon),43.1,7,75.9
Kangkong,Clay Loam,High Phosphorus & Nitrogen (P-N Rich),29.9,7,78.3
Sili (Chili Pepper),Clay Loam,Organic Soil Conditioner (High Carbon),19.0,10,67.6
Pechay,Clay Loam,Organic Soil Conditioner (High Carbon),29.4,7,69.1
Sili (Chili Pepper),Clay Loam,Organic Soil Conditioner (High Carbon),19.1,10,66.2
Kamatis (Tomato),Volcanic / Silt Loam,High Phosphorus & Nitrogen (P-N Rich),25.6,14,95.7
Kamatis (Tomato),Sandy Loam,Balanced Organic (High C / Moderate K),31.1,14,95.2
Kamatis (Tomato),Sandy Loam,High Phosphorus & Nitrogen (P-N Rich),30.4,14,89.0
Kamatis (Tomato),Sandy Loam,Organic Soil Conditioner (High Carbon),48.7,14,65.9
Kamatis (Tomato),Clay Loam,High Phosphorus & Nitrogen (P-N Rich),21.0,14,93.5
Talong (Eggplant),Volcanic / Silt Loam,Organic Soil Conditioner (High Carbon),39.2,14,71.0
Kangkong,Sandy Loam,Balanced Organic (High C / Moderate K),43.4,7,96.5
Kamatis (Tomato),Volcanic / Silt Loam,High Nitrogen & Fiber (N-Rich),40.3,14,71.2
Pechay,Clay Loam,Balanced Organic (High C / Moderate K),30.1,7,92.1
Pechay,Sandy Loam,Balanced Organic (High C / Moderate K),43.4,7,95.8
Pechay,Volcanic / Silt Loam,High Nitrogen & Fiber (N-Rich),19.4,7,90.1
Pechay,Clay Loam,High Phosphorus & Nitrogen (P-N Rich),29.5,7,75.7
Talong (Eggplant),Volcanic / Silt Loam,High Nitrogen & Fiber (N-Rich),41.1,14,67.1
Pechay,Sandy Loam,High Phosphorus & Nitrogen (P-N Rich),42.3,7,80.5
Kamatis (Tomato),Sandy Loam,High Phosphorus & Nitrogen (P-N Rich),30.9,14,94.1
Sili (Chili Pepper),Clay Loam,Organic Soil Conditioner (High Carbon),17.8,10,79.3
Pechay,Clay Loam,Organic Soil Conditioner (High Carbon),30.5,7,76.0
Talong (Eggplant),Clay Loam,High Nitrogen & Fiber (N-Rich),34.3,14,80.2
Talong (Eggplant),Volcanic / Silt Loam,Balanced Organic (High C / Moderate K),25.1,14,98.1
Pechay,Volcanic / Silt Loam,High Nitrogen & Fiber (N-Rich),19.3,7,96.1
Sili (Chili Pepper),Volcanic / Silt Loam,High Phosphorus & Nitrogen (P-N Rich),21.1,10,77.9
Pechay,Clay Loam,Organic Soil Conditioner (High Carbon),30.0,7,78.6
Talong (Eggplant),Sandy Loam,High Nitrogen & Fiber (N-Rich),49.9,14,77.2
Kangkong,Sandy Loam,High Nitrogen & Fiber (N-Rich),24.3,7,89.9
Kamatis (Tomato),Volcanic / Silt Loam,Organic Soil Conditioner (High Carbon),40.0,14,70.7
Talong (Eggplant),Volcanic / Silt Loam,Organic Soil Conditioner (High Carbon),39.8,14,74.3
Pechay,Sandy Loam,Organic Soil Conditioner (High Carbon),44.5,7,75.5
Kamatis (Tomato),Sandy Loam,High Phosphorus & Nitrogen (P-N Rich),31.6,14,90.4
Pechay,Volcanic / Silt Loam,Organic Soil Conditioner (High Carbon),34.9,7,67.0
Pechay,Volcanic / Silt Loam,Balanced Organic (High C / Moderate K),35.2,7,98.7
Kangkong,Sandy Loam,High Nitrogen & Fiber (N-Rich),25.3,7,97.3
Kamatis (Tomato),Clay Loam,Organic Soil Conditioner (High Carbon),34.0,14,66.7
Kamatis (Tomato),Volcanic / Silt Loam,Organic Soil Conditioner (High Carbon),38.9,14,70.2
Kangkong,Sandy Loam,High Phosphorus & Nitrogen (P-N Rich),44.8,7,80.8
Talong (Eggplant),Sandy Loam,High Phosphorus & Nitrogen (P-N Rich),33.0,14,88.7
Pechay,Sandy Loam,High Nitrogen & Fiber (N-Rich),26.0,7,95.2
Sili (Chili Pepper),Sandy Loam,Balanced Organic (High C / Moderate K),28.3,10,90.8
Pechay,Clay Loam,High Nitrogen & Fiber (N-Rich),16.7,7,90.1
Pechay,Sandy Loam,Organic Soil Conditioner (High Carbon),45.0,7,79.1
Talong (Eggplant),Volcanic / Silt Loam,Balanced Organic (High C / Moderate K),25.3,14,95.8
Pechay,Clay Loam,Balanced Organic (High C / Moderate K),30.6,7,90.3
Kangkong,Sandy Loam,Balanced Organic (High C / Moderate K),43.9,7,92.8
Kangkong,Clay Loam,Balanced Organic (High C / Moderate K),28.8,7,98.6
Kamatis (Tomato),Volcanic / Silt Loam,High Nitrogen & Fiber (N-Rich),39.9,14,71.6
Sili (Chili Pepper),Sandy Loam,High Phosphorus & Nitrogen (P-N Rich),28.1,10,81.2
Pechay,Volcanic / Silt Loam,High Phosphorus & Nitrogen (P-N Rich),34.7,7,80.0
Pechay,Sandy Loam,Organic Soil Conditioner (High Carbon),43.9,7,71.0
Talong (Eggplant),Sandy Loam,High Phosphorus & Nitrogen (P-N Rich),30.9,14,91.4
Kangkong,Sandy Loam,High Phosphorus & Nitrogen (P-N Rich),43.2,7,78.3
Sili (Chili Pepper),Sandy Loam,High Phosphorus & Nitrogen (P-N Rich),25.2,10,78.2
Kamatis (Tomato),Sandy Loam,High Phosphorus & Nitrogen (P-N Rich),29.6,14,92.2
Kangkong,Clay Loam,Organic Soil Conditioner (High Carbon),29.0,7,71.2
Kamatis (Tomato),Sandy Loam,High Nitrogen & Fiber (N-Rich),49.6,14,73.9
Talong (Eggplant),Sandy Loam,Balanced Organic (High C / Moderate K),32.2,14,93.8
Talong (Eggplant),Clay Loam,High Phosphorus & Nitrogen (P-N Rich),20.5,14,95.4
Pechay,Clay Loam,High Nitrogen & Fiber (N-Rich),16.2,7,98.3
Sili (Chili Pepper),Clay Loam,High Phosphorus & Nitrogen (P-N Rich),20.2,10,77.3
Kamatis (Tomato),Clay Loam,High Phosphorus & Nitrogen (P-N Rich),22.0,14,88.3
Kangkong,Clay Loam,Balanced Organic (High C / Moderate K),32.2,7,94.8
Talong (Eggplant),Clay Loam,Balanced Organic (High C / Moderate K),21.8,14,92.0
Pechay,Sandy Loam,Balanced Organic (High C / Moderate K),43.0,7,88.9
Pechay,Sandy Loam,High Phosphorus & Nitrogen (P-N Rich),41.8,7,65.9
Kamatis (Tomato),Volcanic / Silt Loam,High Phosphorus & Nitrogen (P-N Rich),25.3,14,88.4
Talong (Eggplant),Sandy Loam,High Phosphorus & Nitrogen (P-N Rich),32.7,14,93.6
Sili (Chili Pepper),Sandy Loam,Balanced Organic (High C / Moderate K),26.9,10,90.7
Talong (Eggplant),Clay Loam,Organic Soil Conditioner (High Carbon),34.4,14,68.2
Kamatis (Tomato),Clay Loam,High Nitrogen & Fiber (N-Rich),33.2,14,72.8
Kamatis (Tomato),Sandy Loam,Organic Soil Conditioner (High Carbon),49.3,14,76.0
Talong (Eggplant),Volcanic / Silt Loam,High Phosphorus & Nitrogen (P-N Rich),24.8,14,95.2
Kamatis (Tomato),Clay Loam,High Phosphorus & Nitrogen (P-N Rich),22.2,14,88.8
Talong (Eggplant),Sandy Loam,Organic Soil Conditioner (High Carbon),50.0,14,69.7
Kangkong,Sandy Loam,High Phosphorus & Nitrogen (P-N Rich),44.0,7,77.1
Talong (Eggplant),Volcanic / Silt Loam,High Nitrogen & Fiber (N-Rich),39.6,14,65.1
Talong (Eggplant),Volcanic / Silt Loam,High Phosphorus & Nitrogen (P-N Rich),25.0,14,94.3
Kamatis (Tomato),Clay Loam,High Nitrogen & Fiber (N-Rich),34.0,14,80.7
Kamatis (Tomato),Volcanic / Silt Loam,Organic Soil Conditioner (High Carbon),40.4,14,72.8
Pechay,Sandy Loam,Organic Soil Conditioner (High Carbon),43.4,7,81.1
Pechay,Sandy Loam,High Phosphorus & Nitrogen (P-N Rich),43.9,7,72.9
Kangkong,Volcanic / Silt Loam,High Nitrogen & Fiber (N-Rich),18.0,7,90.6
Pechay,Volcanic / Silt Loam,High Phosphorus & Nitrogen (P-N Rich),33.7,7,74.9
Talong (Eggplant),Volcanic / Silt Loam,Balanced Organic (High C / Moderate K),25.0,14,91.9
Kamatis (Tomato),Volcanic / Silt Loam,Balanced Organic (High C / Moderate K),24.0,14,97.1
Pechay,Clay Loam,Balanced Organic (High C / Moderate K),30.2,7,95.3
Pechay,Volcanic / Silt Loam,Balanced Organic (High C / Moderate K),34.8,7,98.0
Kangkong,Clay Loam,High Phosphorus & Nitrogen (P-N Rich),29.9,7,68.6
Kangkong,Sandy Loam,Balanced Organic (High C / Moderate K),44.5,7,93.8
Talong (Eggplant),Volcanic / Silt Loam,High Nitrogen & Fiber (N-Rich),39.8,14,65.5
Kamatis (Tomato),Clay Loam,Organic Soil Conditioner (High Carbon),32.7,14,75.7
Kangkong,Volcanic / Silt Loam,Organic Soil Conditioner (High Carbon),34.3,7,74.5
Pechay,Sandy Loam,Balanced Organic (High C / Moderate K),44.5,7,94.2
Kamatis (Tomato),Sandy Loam,Balanced Organic (High C / Moderate K),32.5,14,89.0
Kamatis (Tomato),Sandy Loam,Balanced Organic (High C / Moderate K),30.8,14,95.6
Pechay,Volcanic / Silt Loam,High Phosphorus & Nitrogen (P-N Rich),35.0,7,81.8
Kangkong,Volcanic / Silt Loam,Organic Soil Conditioner (High Carbon),33.6,7,70.6
Pechay,Clay Loam,Balanced Organic (High C / Moderate K),30.1,7,92.8
Kamatis (Tomato),Sandy Loam,High Nitrogen & Fiber (N-Rich),50.7,14,80.0
Sili (Chili Pepper),Volcanic / Silt Loam,Balanced Organic (High C / Moderate K),21.7,10,90.2
Sili (Chili Pepper),Sandy Loam,Organic Soil Conditioner (High Carbon),28.1,10,70.3
Talong (Eggplant),Sandy Loam,Balanced Organic (High C / Moderate K),32.0,14,93.6
Pechay,Clay Loam,Organic Soil Conditioner (High Carbon),29.4,7,71.7
Pechay,Clay Loam,Balanced Organic (High C / Moderate K),28.2,7,90.2
Talong (Eggplant),Clay Loam,High Nitrogen & Fiber (N-Rich),33.0,14,80.6
Talong (Eggplant),Clay Loam,Balanced Organic (High C / Moderate K),21.5,14,96.4
Talong (Eggplant),Sandy Loam,High Nitrogen & Fiber (N-Rich),50.0,14,72.9
Kamatis (Tomato),Clay Loam,High Nitrogen & Fiber (N-Rich),33.7,14,66.0
Pechay,Clay Loam,Balanced Organic (High C / Moderate K),28.4,7,89.7
Kamatis (Tomato),Clay Loam,High Nitrogen & Fiber (N-Rich),33.4,14,81.1
Talong (Eggplant),Clay Loam,High Phosphorus & Nitrogen (P-N Rich),22.0,14,94.5
Pechay,Sandy Loam,Balanced Organic (High C / Moderate K),45.0,7,95.9
Kamatis (Tomato),Clay Loam,Balanced Organic (High C / Moderate K),21.3,14,94.2
Kamatis (Tomato),Sandy Loam,High Nitrogen & Fiber (N-Rich),48.6,14,74.4
Talong (Eggplant),Volcanic / Silt Loam,High Nitrogen & Fiber (N-Rich),40.2,14,65.4
Pechay,Sandy Loam,Balanced Organic (High C / Moderate K),43.8,7,96.0
Talong (Eggplant),Sandy Loam,High Phosphorus & Nitrogen (P-N Rich),30.9,14,93.9
Pechay,Clay Loam,High Nitrogen & Fiber (N-Rich),16.4,7,98.7
Sili (Chili Pepper),Volcanic / Silt Loam,High Nitrogen & Fiber (N-Rich),22.0,10,74.4
Kangkong,Volcanic / Silt Loam,Organic Soil Conditioner (High Carbon),35.5,7,79.3
Kangkong,Volcanic / Silt Loam,High Phosphorus & Nitrogen (P-N Rich),34.8,7,68.3
Kangkong,Volcanic / Silt Loam,High Phosphorus & Nitrogen (P-N Rich),34.6,7,75.5
Talong (Eggplant),Sandy Loam,Balanced Organic (High C / Moderate K),31.2,14,91.8
Sili (Chili Pepper),Volcanic / Silt Loam,High Phosphorus & Nitrogen (P-N Rich),22.3,10,69.5
Pechay,Sandy Loam,Balanced Organic (High C / Moderate K),43.9,7,90.9
Kamatis (Tomato),Sandy Loam,Organic Soil Conditioner (High Carbon),50.0,14,78.8
Pechay,Sandy Loam,High Phosphorus & Nitrogen (P-N Rich),43.2,7,66.2
Kamatis (Tomato),Volcanic / Silt Loam,High Nitrogen & Fiber (N-Rich),40.6,14,80.9
Pechay,Clay Loam,Organic Soil Conditioner (High Carbon),30.7,7,79.0
Sili (Chili Pepper),Clay Loam,Balanced Organic (High C / Moderate K),18.7,10,95.1
Kamatis (Tomato),Volcanic / Silt Loam,Organic Soil Conditioner (High Carbon),40.6,14,67.0
Talong (Eggplant),Clay Loam,Balanced Organic (High C / Moderate K),21.4,14,93.8
Pechay,Clay Loam,Organic Soil Conditioner (High Carbon),29.0,7,73.2
Pechay,Sandy Loam,Balanced Organic (High C / Moderate K),44.3,7,94.8
Kamatis (Tomato),Sandy Loam,High Phosphorus & Nitrogen (P-N Rich),31.2,14,92.2
Talong (Eggplant),Volcanic / Silt Loam,High Nitrogen & Fiber (N-Rich),40.6,14,72.2
Talong (Eggplant),Volcanic / Silt Loam,Balanced Organic (High C / Moderate K),26.2,14,91.3
Sili (Chili Pepper),Clay Loam,Organic Soil Conditioner (High Carbon),18.4,10,72.0
Talong (Eggplant),Sandy Loam,Balanced Organic (High C / Moderate K),30.5,14,88.3
Talong (Eggplant),Volcanic / Silt Loam,Balanced Organic (High C / Moderate K),24.5,14,90.4
Talong (Eggplant),Volcanic / Silt Loam,Balanced Organic (High C / Moderate K),25.5,14,88.9
Kangkong,Volcanic / Silt Loam,Organic Soil Conditioner (High Carbon),35.5,7,73.1
Sili (Chili Pepper),Volcanic / Silt Loam,High Nitrogen & Fiber (N-Rich),22.5,10,80.6
Pechay,Volcanic / Silt Loam,High Phosphorus & Nitrogen (P-N Rich),34.7,7,79.5
Kamatis (Tomato),Volcanic / Silt Loam,High Nitrogen & Fiber (N-Rich),40.1,14,78.3
Pechay,Clay Loam,Balanced Organic (High C / Moderate K),29.8,7,97.3
Sili (Chili Pepper),Sandy Loam,Organic Soil Conditioner (High Carbon),28.6,10,69.0
Kamatis (Tomato),Sandy Loam,High Nitrogen & Fiber (N-Rich),49.6,14,79.4
Sili (Chili Pepper),Volcanic / Silt Loam,Balanced Organic (High C / Moderate K),21.6,10,90.3
Talong (Eggplant),Sandy Loam,High Phosphorus & Nitrogen (P-N Rich),30.9,14,96.7
Kamatis (Tomato),Sandy Loam,High Phosphorus & Nitrogen (P-N Rich),32.1,14,97.3
Talong (Eggplant),Sandy Loam,High Phosphorus & Nitrogen (P-N Rich),31.9,14,94.1
Pechay,Volcanic / Silt Loam,Balanced Organic (High C / Moderate K),34.1,7,97.8
Pechay,Volcanic / Silt Loam,Organic Soil Conditioner (High Carbon),34.0,7,72.8
Kamatis (Tomato),Sandy Loam,High Nitrogen & Fiber (N-Rich),50.3,14,78.7
Kamatis (Tomato),Sandy Loam,High Phosphorus & Nitrogen (P-N Rich),31.2,14,98.6
Sili (Chili Pepper),Volcanic / Silt Loam,Balanced Organic (High C / Moderate K),20.6,10,88.9
Sili (Chili Pepper),Clay Loam,Balanced Organic (High C / Moderate K),17.8,10,94.2
Talong (Eggplant),Sandy Loam,High Nitrogen & Fiber (N-Rich),50.0,14,72.5
Kamatis (Tomato),Clay Loam,High Phosphorus & Nitrogen (P-N Rich),23.3,14,91.7
Pechay,Sandy Loam,Balanced Organic (High C / Moderate K),44.3,7,88.1
Sili (Chili Pepper),Clay Loam,High Nitrogen & Fiber (N-Rich),18.0,10,77.9
Sili (Chili Pepper),Clay Loam,Organic Soil Conditioner (High Carbon),19.8,10,65.9
Pechay,Clay Loam,Organic Soil Conditioner (High Carbon),29.0,7,77.8
Sili (Chili Pepper),Volcanic / Silt Loam,Organic Soil Conditioner (High Carbon),21.6,10,74.8
Talong (Eggplant),Clay Loam,High Phosphorus & Nitrogen (P-N Rich),22.3,14,89.7
Kamatis (Tomato),Clay Loam,High Nitrogen & Fiber (N-Rich),33.2,14,74.5
Pechay,Clay Loam,High Nitrogen & Fiber (N-Rich),18.2,7,92.3
Kamatis (Tomato),Sandy Loam,Balanced Organic (High C / Moderate K),29.7,14,88.1
Sili (Chili Pepper),Clay Loam,Balanced Organic (High C / Moderate K),19.1,10,88.9
Sili (Chili Pepper),Sandy Loam,Balanced Organic (High C / Moderate K),27.7,10,91.0
Pechay,Clay Loam,High Nitrogen & Fiber (N-Rich),17.8,7,92.1
Talong (Eggplant),Clay Loam,Balanced Organic (High C / Moderate K),21.4,14,98.4
Kangkong,Volcanic / Silt Loam,High Nitrogen & Fiber (N-Rich),20.2,7,96.1
Pechay,Sandy Loam,High Nitrogen & Fiber (N-Rich),24.5,7,92.5
Kangkong,Clay Loam,Organic Soil Conditioner (High Carbon),29.6,7,73.0
Kangkong,Sandy Loam,Balanced Organic (High C / Moderate K),44.9,7,91.3
Talong (Eggplant),Sandy Loam,Organic Soil Conditioner (High Carbon),50.3,14,71.5
Kangkong,Volcanic / Silt Loam,High Phosphorus & Nitrogen (P-N Rich),35.5,7,69.6
Kangkong,Volcanic / Silt Loam,High Phosphorus & Nitrogen (P-N Rich),35.2,7,67.0
Talong (Eggplant),Volcanic / Silt Loam,High Phosphorus & Nitrogen (P-N Rich),24.9,14,94.4
Kangkong,Volcanic / Silt Loam,High Nitrogen & Fiber (N-Rich),18.6,7,93.9
Kangkong,Volcanic / Silt Loam,High Nitrogen & Fiber (N-Rich),21.0,7,96.9
Kangkong,Volcanic / Silt Loam,High Nitrogen & Fiber (N-Rich),20.6,7,93.8
Pechay,Volcanic / Silt Loam,Balanced Organic (High C / Moderate K),35.0,7,91.4
Pechay,Volcanic / Silt Loam,Organic Soil Conditioner (High Carbon),34.4,7,79.8
Pechay,Clay Loam,High Nitrogen & Fiber (N-Rich),17.6,7,88.4
Talong (Eggplant),Sandy Loam,Organic Soil Conditioner (High Carbon),49.3,14,66.7
Sili (Chili Pepper),Volcanic / Silt Loam,Organic Soil Conditioner (High Carbon),22.5,10,71.3
Kangkong,Volcanic / Silt Loam,Organic Soil Conditioner (High Carbon),34.5,7,73.5
Kangkong,Sandy Loam,Balanced Organic (High C / Moderate K),44.0,7,92.5
Talong (Eggplant),Clay Loam,Balanced Organic (High C / Moderate K),22.3,14,93.3
Kangkong,Sandy Loam,High Phosphorus & Nitrogen (P-N Rich),43.9,7,67.9
Pechay,Sandy Loam,High Phosphorus & Nitrogen (P-N Rich),44.2,7,78.7
Sili (Chili Pepper),Volcanic / Silt Loam,Organic Soil Conditioner (High Carbon),23.5,10,76.9
Kamatis (Tomato),Sandy Loam,High Phosphorus & Nitrogen (P-N Rich),31.6,14,92.5
Kangkong,Sandy Loam,Organic Soil Conditioner (High Carbon),43.1,7,73.9
Pechay,Volcanic / Silt Loam,Balanced Organic (High C / Moderate K),35.5,7,95.0
Kamatis (Tomato),Volcanic / Silt Loam,Balanced Organic (High C / Moderate K),24.8,14,94.5
Sili (Chili Pepper),Volcanic / Silt Loam,Balanced Organic (High C / Moderate K),23.3,10,88.9
Kamatis (Tomato),Volcanic / Silt Loam,High Nitrogen & Fiber (N-Rich),39.8,14,78.5
Pechay,Sandy Loam,Organic Soil Conditioner (High Carbon),43.5,7,73.4
Kamatis (Tomato),Sandy Loam,Balanced Organic (High C / Moderate K),31.7,14,92.5
Talong (Eggplant),Clay Loam,Organic Soil Conditioner (High Carbon),34.2,14,80.3
Kamatis (Tomato),Clay Loam,High Phosphorus & Nitrogen (P-N Rich),21.8,14,97.4
Kangkong,Sandy Loam,High Phosphorus & Nitrogen (P-N Rich),43.4,7,66.5
Kangkong,Clay Loam,Balanced Organic (High C / Moderate K),30.4,7,90.0
Talong (Eggplant),Sandy Loam,Organic Soil Conditioner (High Carbon),48.8,14,69.1
Pechay,Clay Loam,Balanced Organic (High C / Moderate K),29.3,7,91.5
Kangkong,Volcanic / Silt Loam,High Phosphorus & Nitrogen (P-N Rich),35.5,7,67.3
Sili (Chili Pepper),Clay Loam,Balanced Organic (High C / Moderate K),17.3,10,92.9
Kangkong,Volcanic / Silt Loam,Organic Soil Conditioner (High Carbon),35.4,7,70.9
Kangkong,Volcanic / Silt Loam,High Phosphorus & Nitrogen (P-N Rich),35.2,7,77.9
Pechay,Volcanic / Silt Loam,High Nitrogen & Fiber (N-Rich),19.5,7,91.7
Kamatis (Tomato),Volcanic / Silt Loam,High Phosphorus & Nitrogen (P-N Rich),25.4,14,89.4
Kangkong,Clay Loam,High Nitrogen & Fiber (N-Rich),16.5,7,91.8
Talong (Eggplant),Sandy Loam,Balanced Organic (High C / Moderate K),31.8,14,88.7
Kamatis (Tomato),Volcanic / Silt Loam,Balanced Organic (High C / Moderate K),25.3,14,89.4
Sili (Chili Pepper),Clay Loam,Organic Soil Conditioner (High Carbon),19.5,10,69.3
Pechay,Volcanic / Silt Loam,High Nitrogen & Fiber (N-Rich),21.7,7,94.1
Sili (Chili Pepper),Clay Loam,Balanced Organic (High C / Moderate K),19.0,10,90.6
Kamatis (Tomato),Clay Loam,High Nitrogen & Fiber (N-Rich),34.9,14,79.7
Kamatis (Tomato),Clay Loam,Balanced Organic (High C / Moderate K),20.4,14,88.2
Kamatis (Tomato),Sandy Loam,High Phosphorus & Nitrogen (P-N Rich),31.7,14,92.1
Sili (Chili Pepper),Clay Loam,Balanced Organic (High C / Moderate K),17.0,10,88.8
Kamatis (Tomato),Clay Loam,Organic Soil Conditioner (High Carbon),34.5,14,78.4
Sili (Chili Pepper),Sandy Loam,High Phosphorus & Nitrogen (P-N Rich),26.6,10,78.7
Kamatis (Tomato),Sandy Loam,Organic Soil Conditioner (High Carbon),50.7,14,74.6
Talong (Eggplant),Clay Loam,High Phosphorus & Nitrogen (P-N Rich),22.2,14,91.9
Kamatis (Tomato),Sandy Loam,High Nitrogen & Fiber (N-Rich),50.5,14,78.8
Sili (Chili Pepper),Volcanic / Silt Loam,Organic Soil Conditioner (High Carbon),20.6,10,77.7
Kangkong,Volcanic / Silt Loam,Balanced Organic (High C / Moderate K),34.7,7,92.2
Kamatis (Tomato),Sandy Loam,High Nitrogen & Fiber (N-Rich),48.5,14,78.9
Kangkong,Sandy Loam,Balanced Organic (High C / Moderate K),45.4,7,98.2
Talong (Eggplant),Clay Loam,High Phosphorus & Nitrogen (P-N Rich),21.7,14,97.9
Pechay,Sandy Loam,High Phosphorus & Nitrogen (P-N Rich),44.4,7,66.7
Talong (Eggplant),Clay Loam,Balanced Organic (High C / Moderate K),20.5,14,97.1
Kamatis (Tomato),Volcanic / Silt Loam,Balanced Organic (High C / Moderate K),24.3,14,97.4
Kangkong,Sandy Loam,High Nitrogen & Fiber (N-Rich),24.9,7,92.8
Kangkong,Clay Loam,Balanced Organic (High C / Moderate K),30.5,7,90.5
Sili (Chili Pepper),Clay Loam,Organic Soil Conditioner (High Carbon),18.1,10,66.3
Kangkong,Volcanic / Silt Loam,Organic Soil Conditioner (High Carbon),36.5,7,79.1
Sili (Chili Pepper),Sandy Loam,Balanced Organic (High C / Moderate K),26.4,10,89.0
Pechay,Volcanic / Silt Loam,Organic Soil Conditioner (High Carbon),34.9,7,70.7
Kamatis (Tomato),Clay Loam,Balanced Organic (High C / Moderate K),22.3,14,90.5
Sili (Chili Pepper),Clay Loam,High Nitrogen & Fiber (N-Rich),17.9,10,80.9
Pechay,Sandy Loam,Organic Soil Conditioner (High Carbon),43.4,7,74.6
Kangkong,Clay Loam,Organic Soil Conditioner (High Carbon),29.9,7,81.0
Kangkong,Sandy Loam,Balanced Organic (High C / Moderate K),43.0,7,97.5
Pechay,Volcanic / Silt Loam,Organic Soil Conditioner (High Carbon),33.7,7,73.1
Kangkong,Sandy Loam,High Phosphorus & Nitrogen (P-N Rich),43.2,7,74.5
Pechay,Sandy Loam,High Nitrogen & Fiber (N-Rich),26.0,7,91.3
Sili (Chili Pepper),Clay Loam,High Nitrogen & Fiber (N-Rich),18.6,10,74.7
Sili (Chili Pepper),Clay Loam,Organic Soil Conditioner (High Carbon),17.9,10,82.0
Pechay,Sandy Loam,Organic Soil Conditioner (High Carbon),43.0,7,67.7
Sili (Chili Pepper),Clay Loam,High Phosphorus & Nitrogen (P-N Rich),19.4,10,67.8
Sili (Chili Pepper),Clay Loam,High Phosphorus & Nitrogen (P-N Rich),18.2,10,80.4
Sili (Chili Pepper),Clay Loam,Organic Soil Conditioner (High Carbon),19.0,10,81.6
Talong (Eggplant),Sandy Loam,Organic Soil Conditioner (High Carbon),49.8,14,70.6
Kamatis (Tomato),Clay Loam,High Phosphorus & Nitrogen (P-N Rich),21.5,14,89.2
Kangkong,Sandy Loam,Balanced Organic (High C / Moderate K),44.5,7,89.8
Talong (Eggplant),Clay Loam,High Phosphorus & Nitrogen (P-N Rich),22.0,14,92.7
Sili (Chili Pepper),Volcanic / Silt Loam,Balanced Organic (High C / Moderate K),21.3,10,93.0
Pechay,Clay Loam,High Nitrogen & Fiber (N-Rich),16.9,7,98.9
Sili (Chili Pepper),Clay Loam,High Nitrogen & Fiber (N-Rich),18.3,10,73.2
Kamatis (Tomato),Sandy Loam,High Phosphorus & Nitrogen (P-N Rich),32.2,14,93.5
Sili (Chili Pepper),Sandy Loam,Balanced Organic (High C / Moderate K),26.8,10,97.6
Pechay,Clay Loam,High Phosphorus & Nitrogen (P-N Rich),30.1,7,81.0
Kamatis (Tomato),Volcanic / Silt Loam,High Phosphorus & Nitrogen (P-N Rich),25.3,14,94.1
Sili (Chili Pepper),Clay Loam,Balanced Organic (High C / Moderate K),18.0,10,97.1
Kamatis (Tomato),Clay Loam,High Phosphorus & Nitrogen (P-N Rich),20.0,14,91.5
Kangkong,Volcanic / Silt Loam,High Nitrogen & Fiber (N-Rich),19.5,7,93.1
Kangkong,Sandy Loam,Organic Soil Conditioner (High Carbon),43.5,7,74.0
Sili (Chili Pepper),Clay Loam,Organic Soil Conditioner (High Carbon),18.5,10,66.0
Kamatis (Tomato),Sandy Loam,High Phosphorus & Nitrogen (P-N Rich),31.0,14,93.1
Pechay,Sandy Loam,Balanced Organic (High C / Moderate K),44.3,7,92.8
Sili (Chili Pepper),Volcanic / Silt Loam,Balanced Organic (High C / Moderate K),22.6,10,92.7
Kangkong,Volcanic / Silt Loam,High Nitrogen & Fiber (N-Rich),20.9,7,91.7
Kangkong,Sandy Loam,Balanced Organic (High C / Moderate K),43.2,7,88.6
Sili (Chili Pepper),Clay Loam,Balanced Organic (High C / Moderate K),18.6,10,88.1
Kamatis (Tomato),Sandy Loam,High Nitrogen & Fiber (N-Rich),51.2,14,67.2
Kangkong,Clay Loam,High Phosphorus & Nitrogen (P-N Rich),29.6,7,69.0
Kamatis (Tomato),Clay Loam,Organic Soil Conditioner (High Carbon),35.5,14,73.8
Kangkong,Volcanic / Silt Loam,High Nitrogen & Fiber (N-Rich),19.6,7,98.7
Kangkong,Clay Loam,High Phosphorus & Nitrogen (P-N Rich),30.2,7,68.6
Talong (Eggplant),Clay Loam,High Nitrogen & Fiber (N-Rich),34.5,14,76.5
Kangkong,Sandy Loam,High Phosphorus & Nitrogen (P-N Rich),43.6,7,66.5
Pechay,Volcanic / Silt Loam,High Nitrogen & Fiber (N-Rich),19.7,7,93.6
Sili (Chili Pepper),Clay Loam,High Phosphorus & Nitrogen (P-N Rich),17.9,10,75.5
Sili (Chili Pepper),Clay Loam,High Nitrogen & Fiber (N-Rich),18.4,10,67.7
Kamatis (Tomato),Volcanic / Silt Loam,High Phosphorus & Nitrogen (P-N Rich),24.0,14,92.9
Kangkong,Sandy Loam,High Nitrogen & Fiber (N-Rich),25.9,7,94.6
Pechay,Volcanic / Silt Loam,Organic Soil Conditioner (High Carbon),33.8,7,69.7
Kamatis (Tomato),Volcanic / Silt Loam,Organic Soil Conditioner (High Carbon),39.5,14,80.5
Talong (Eggplant),Clay Loam,Balanced Organic (High C / Moderate K),21.4,14,98.0
Kamatis (Tomato),Clay Loam,High Phosphorus & Nitrogen (P-N Rich),21.3,14,98.5
Kamatis (Tomato),Sandy Loam,High Nitrogen & Fiber (N-Rich),49.4,14,70.2
Kangkong,Clay Loam,High Phosphorus & Nitrogen (P-N Rich),30.0,7,71.7
Talong (Eggplant),Clay Loam,Organic Soil Conditioner (High Carbon),33.0,14,81.3
Kamatis (Tomato),Volcanic / Silt Loam,High Phosphorus & Nitrogen (P-N Rich),25.2,14,93.5
Pechay,Clay Loam,High Nitrogen & Fiber (N-Rich),16.4,7,91.7
Pechay,Sandy Loam,High Phosphorus & Nitrogen (P-N Rich),42.7,7,79.6
Sili (Chili Pepper),Volcanic / Silt Loam,High Nitrogen & Fiber (N-Rich),21.8,10,68.2
Talong (Eggplant),Sandy Loam,Organic Soil Conditioner (High Carbon),50.7,14,78.1
Talong (Eggplant),Volcanic / Silt Loam,Organic Soil Conditioner (High Carbon),39.4,14,68.5
Sili (Chili Pepper),Clay Loam,Organic Soil Conditioner (High Carbon),19.2,10,70.5
Kamatis (Tomato),Volcanic / Silt Loam,Balanced Organic (High C / Moderate K),25.0,14,98.2
Talong (Eggplant),Volcanic / Silt Loam,Organic Soil Conditioner (High Carbon),39.2,14,68.5
Pechay,Clay Loam,High Phosphorus & Nitrogen (P-N Rich),29.4,7,73.7
Pechay,Clay Loam,Balanced Organic (High C / Moderate K),29.6,7,93.1
Kangkong,Sandy Loam,Organic Soil Conditioner (High Carbon),41.8,7,80.2
Talong (Eggplant),Sandy Loam,High Phosphorus & Nitrogen (P-N Rich),30.1,14,96.9
Kamatis (Tomato),Clay Loam,High Phosphorus & Nitrogen (P-N Rich),20.9,14,90.2
Sili (Chili Pepper),Clay Loam,High Phosphorus & Nitrogen (P-N Rich),17.6,10,65.6
Sili (Chili Pepper),Clay Loam,High Nitrogen & Fiber (N-Rich),19.3,10,65.9
Kamatis (Tomato),Volcanic / Silt Loam,Balanced Organic (High C / Moderate K),25.3,14,90.5
Kangkong,Volcanic / Silt Loam,High Phosphorus & Nitrogen (P-N Rich),35.3,7,73.2
Sili (Chili Pepper),Volcanic / Silt Loam,High Nitrogen & Fiber (N-Rich),21.4,10,72.1
Talong (Eggplant),Clay Loam,Organic Soil Conditioner (High Carbon),33.2,14,67.9
Kangkong,Sandy Loam,High Phosphorus & Nitrogen (P-N Rich),43.9,7,71.4
Talong (Eggplant),Clay Loam,High Nitrogen & Fiber (N-Rich),34.6,14,72.0
Pechay,Volcanic / Silt Loam,High Phosphorus & Nitrogen (P-N Rich),36.6,7,80.9
Kangkong,Volcanic / Silt Loam,Balanced Organic (High C / Moderate K),35.9,7,88.4
Sili (Chili Pepper),Clay Loam,Balanced Organic (High C / Moderate K),19.8,10,92.4
Kangkong,Clay Loam,Organic Soil Conditioner (High Carbon),30.6,7,75.8
Kangkong,Volcanic / Silt Loam,High Phosphorus & Nitrogen (P-N Rich),34.9,7,70.4
Kangkong,Volcanic / Silt Loam,High Nitrogen & Fiber (N-Rich),19.3,7,89.4
Kangkong,Volcanic / Silt Loam,Organic Soil Conditioner (High Carbon),33.4,7,81.1
Talong (Eggplant),Clay Loam,High Phosphorus & Nitrogen (P-N Rich),21.0,14,96.4
Pechay,Volcanic / Silt Loam,Organic Soil Conditioner (High Carbon),35.8,7,73.5
Kamatis (Tomato),Volcanic / Silt Loam,High Nitrogen & Fiber (N-Rich),39.5,14,79.7
Kangkong,Sandy Loam,Organic Soil Conditioner (High Carbon),43.8,7,76.4
Sili (Chili Pepper),Clay Loam,Organic Soil Conditioner (High Carbon),18.2,10,78.0
Kangkong,Sandy Loam,Organic Soil Conditioner (High Carbon),44.1,7,67.3
Sili (Chili Pepper),Sandy Loam,High Phosphorus & Nitrogen (P-N Rich),27.3,10,65.3
Talong (Eggplant),Volcanic / Silt Loam,High Nitrogen & Fiber (N-Rich),37.9,14,77.8
Sili (Chili Pepper),Clay Loam,Balanced Organic (High C / Moderate K),17.7,10,88.1
Kamatis (Tomato),Volcanic / Silt Loam,High Phosphorus & Nitrogen (P-N Rich),25.5,14,97.0
Pechay,Clay Loam,Balanced Organic (High C / Moderate K),28.0,7,95.5
Sili (Chili Pepper),Sandy Loam,Balanced Organic (High C / Moderate K),27.5,10,95.7
Sili (Chili Pepper),Clay Loam,High Phosphorus & Nitrogen (P-N Rich),19.2,10,71.8
Pechay,Volcanic / Silt Loam,High Phosphorus & Nitrogen (P-N Rich),33.9,7,81.2
Kamatis (Tomato),Volcanic / Silt Loam,High Nitrogen & Fiber (N-Rich),40.8,14,67.1
Kangkong,Volcanic / Silt Loam,High Nitrogen & Fiber (N-Rich),21.1,7,97.3
Sili (Chili Pepper),Clay Loam,Organic Soil Conditioner (High Carbon),17.7,10,73.0
Pechay,Sandy Loam,Balanced Organic (High C / Moderate K),43.2,7,90.2
Talong (Eggplant),Sandy Loam,High Nitrogen & Fiber (N-Rich),50.1,14,72.0
Pechay,Clay Loam,Organic Soil Conditioner (High Carbon),31.0,7,74.3
Talong (Eggplant),Volcanic / Silt Loam,High Nitrogen & Fiber (N-Rich),39.7,14,79.1
Kamatis (Tomato),Sandy Loam,High Phosphorus & Nitrogen (P-N Rich),31.8,14,96.5
Kangkong,Volcanic / Silt Loam,High Nitrogen & Fiber (N-Rich),20.0,7,97.2
Pechay,Clay Loam,Balanced Organic (High C / Moderate K),29.2,7,97.3
Sili (Chili Pepper),Volcanic / Silt Loam,High Nitrogen & Fiber (N-Rich),20.6,10,73.0
Kamatis (Tomato),Sandy Loam,Balanced Organic (High C / Moderate K),30.6,14,89.7
Pechay,Sandy Loam,High Phosphorus & Nitrogen (P-N Rich),43.1,7,66.4
Sili (Chili Pepper),Volcanic / Silt Loam,Balanced Organic (High C / Moderate K),23.4,10,98.2
Pechay,Clay Loam,High Nitrogen & Fiber (N-Rich),17.7,7,98.0
Talong (Eggplant),Volcanic / Silt Loam,Organic Soil Conditioner (High Carbon),39.7,14,70.9
Pechay,Clay Loam,High Phosphorus & Nitrogen (P-N Rich),29.8,7,68.2
Pechay,Volcanic / Silt Loam,High Nitrogen & Fiber (N-Rich),19.5,7,97.1
Pechay,Sandy Loam,High Phosphorus & Nitrogen (P-N Rich),44.7,7,71.4
Kamatis (Tomato),Clay Loam,High Phosphorus & Nitrogen (P-N Rich),20.7,14,93.9
Pechay,Clay Loam,High Nitrogen & Fiber (N-Rich),16.4,7,96.9
Sili (Chili Pepper),Clay Loam,High Nitrogen & Fiber (N-Rich),18.7,10,69.8
Talong (Eggplant),Sandy Loam,Organic Soil Conditioner (High Carbon),48.9,14,79.7
Talong (Eggplant),Volcanic / Silt Loam,High Phosphorus & Nitrogen (P-N Rich),24.8,14,90.7
Pechay,Sandy Loam,High Phosphorus & Nitrogen (P-N Rich),43.2,7,77.7
Kamatis (Tomato),Clay Loam,High Nitrogen & Fiber (N-Rich),34.4,14,74.4
Kamatis (Tomato),Volcanic / Silt Loam,Balanced Organic (High C / Moderate K),26.0,14,93.4
Sili (Chili Pepper),Sandy Loam,High Nitrogen & Fiber (N-Rich),27.5,10,65.7
Pechay,Clay Loam,High Phosphorus & Nitrogen (P-N Rich),29.8,7,67.6
Talong (Eggplant),Clay Loam,High Nitrogen & Fiber (N-Rich),34.5,14,76.3
Kamatis (Tomato),Sandy Loam,Organic Soil Conditioner (High Carbon),48.7,14,75.0
Pechay,Sandy Loam,Balanced Organic (High C / Moderate K),43.3,7,92.9
Kamatis (Tomato),Sandy Loam,High Nitrogen & Fiber (N-Rich),50.6,14,72.6
Kamatis (Tomato),Clay Loam,Organic Soil Conditioner (High Carbon),34.9,14,74.1
Talong (Eggplant),Sandy Loam,High Phosphorus & Nitrogen (P-N Rich),31.8,14,92.3
Kangkong,Clay Loam,High Nitrogen & Fiber (N-Rich),18.2,7,95.1
Sili (Chili Pepper),Sandy Loam,High Phosphorus & Nitrogen (P-N Rich),26.9,10,65.3
Sili (Chili Pepper),Clay Loam,Organic Soil Conditioner (High Carbon),19.5,10,68.5
Talong (Eggplant),Clay Loam,High Phosphorus & Nitrogen (P-N Rich),21.2,14,93.8
Kamatis (Tomato),Volcanic / Silt Loam,Organic Soil Conditioner (High Carbon),38.5,14,80.8
Pechay,Sandy Loam,Organic Soil Conditioner (High Carbon),41.3,7,67.0
Kamatis (Tomato),Sandy Loam,Organic Soil Conditioner (High Carbon),50.3,14,78.6
Talong (Eggplant),Clay Loam,High Nitrogen & Fiber (N-Rich),33.8,14,80.5
Sili (Chili Pepper),Clay Loam,High Phosphorus & Nitrogen (P-N Rich),20.3,10,81.0
Kamatis (Tomato),Clay Loam,High Phosphorus & Nitrogen (P-N Rich),21.4,14,96.6
Sili (Chili Pepper),Volcanic / Silt Loam,Balanced Organic (High C / Moderate K),21.7,10,89.4
Pechay,Volcanic / Silt Loam,Balanced Organic (High C / Moderate K),35.1,7,93.5
Sili (Chili Pepper),Clay Loam,Balanced Organic (High C / Moderate K),18.3,10,89.7
Sili (Chili Pepper),Sandy Loam,Balanced Organic (High C / Moderate K),26.6,10,92.8
Kangkong,Sandy Loam,High Phosphorus & Nitrogen (P-N Rich),43.8,7,75.6
Kangkong,Volcanic / Silt Loam,Organic Soil Conditioner (High Carbon),34.4,7,68.1
Kangkong,Volcanic / Silt Loam,Organic Soil Conditioner (High Carbon),35.7,7,74.8
Sili (Chili Pepper),Clay Loam,High Nitrogen & Fiber (N-Rich),20.3,10,77.6
Talong (Eggplant),Sandy Loam,Organic Soil Conditioner (High Carbon),49.7,14,70.7
Sili (Chili Pepper),Clay Loam,High Phosphorus & Nitrogen (P-N Rich),19.9,10,73.2
Talong (Eggplant),Volcanic / Silt Loam,High Phosphorus & Nitrogen (P-N Rich),23.8,14,95.1
Talong (Eggplant),Sandy Loam,High Phosphorus & Nitrogen (P-N Rich),32.0,14,88.9
Kangkong,Sandy Loam,High Nitrogen & Fiber (N-Rich),25.2,7,89.0
Kamatis (Tomato),Volcanic / Silt Loam,Balanced Organic (High C / Moderate K),25.4,14,89.4
Pechay,Clay Loam,Organic Soil Conditioner (High Carbon),30.7,7,71.1
Kangkong,Clay Loam,High Phosphorus & Nitrogen (P-N Rich),30.0,7,65.7
Kangkong,Sandy Loam,High Phosphorus & Nitrogen (P-N Rich),42.6,7,69.0
Kamatis (Tomato),Volcanic / Silt Loam,Balanced Organic (High C / Moderate K),25.5,14,88.7
Pechay,Sandy Loam,High Phosphorus & Nitrogen (P-N Rich),44.1,7,65.5
Sili (Chili Pepper),Volcanic / Silt Loam,Organic Soil Conditioner (High Carbon),21.7,10,72.1
Sili (Chili Pepper),Clay Loam,High Nitrogen & Fiber (N-Rich),18.6,10,77.2
Kangkong,Volcanic / Silt Loam,High Phosphorus & Nitrogen (P-N Rich),35.6,7,68.3
Pechay,Clay Loam,Organic Soil Conditioner (High Carbon),29.9,7,73.8
Kangkong,Volcanic / Silt Loam,High Phosphorus & Nitrogen (P-N Rich),34.7,7,74.7
Talong (Eggplant),Sandy Loam,Balanced Organic (High C / Moderate K),31.3,14,98.0
Kangkong,Clay Loam,High Phosphorus & Nitrogen (P-N Rich),28.9,7,80.0
Kangkong,Sandy Loam,High Phosphorus & Nitrogen (P-N Rich),43.1,7,72.0
Sili (Chili Pepper),Sandy Loam,High Nitrogen & Fiber (N-Rich),27.5,10,69.7
Sili (Chili Pepper),Clay Loam,Balanced Organic (High C / Moderate K),18.6,10,91.6
Sili (Chili Pepper),Clay Loam,Balanced Organic (High C / Moderate K),18.8,10,93.1
Talong (Eggplant),Sandy Loam,High Nitrogen & Fiber (N-Rich),50.0,14,76.4
Sili (Chili Pepper),Sandy Loam,High Phosphorus & Nitrogen (P-N Rich),26.5,10,77.6
Pechay,Sandy Loam,Organic Soil Conditioner (High Carbon),44.9,7,79.7
Kamatis (Tomato),Sandy Loam,Balanced Organic (High C / Moderate K),32.1,14,89.4
Pechay,Clay Loam,Balanced Organic (High C / Moderate K),30.0,7,98.4
Pechay,Clay Loam,High Phosphorus & Nitrogen (P-N Rich),29.4,7,69.5
Sili (Chili Pepper),Sandy Loam,High Phosphorus & Nitrogen (P-N Rich),28.3,10,80.9
Kamatis (Tomato),Volcanic / Silt Loam,Balanced Organic (High C / Moderate K),25.7,14,90.4
Kamatis (Tomato),Volcanic / Silt Loam,High Phosphorus & Nitrogen (P-N Rich),26.1,14,92.9
Kamatis (Tomato),Clay Loam,Organic Soil Conditioner (High Carbon),34.5,14,66.8
Talong (Eggplant),Sandy Loam,Balanced Organic (High C / Moderate K),31.0,14,98.6
Sili (Chili Pepper),Sandy Loam,Organic Soil Conditioner (High Carbon),27.9,10,79.0
Kamatis (Tomato),Clay Loam,Organic Soil Conditioner (High Carbon),32.5,14,73.8
Talong (Eggplant),Volcanic / Silt Loam,High Phosphorus & Nitrogen (P-N Rich),24.7,14,94.4
Kangkong,Volcanic / Silt Loam,Organic Soil Conditioner (High Carbon),36.4,7,77.4
Kangkong,Volcanic / Silt Loam,High Phosphorus & Nitrogen (P-N Rich),34.0,7,76.9
Talong (Eggplant),Clay Loam,High Nitrogen & Fiber (N-Rich),32.7,14,77.1
Talong (Eggplant),Volcanic / Silt Loam,High Phosphorus & Nitrogen (P-N Rich),24.8,14,90.7
Sili (Chili Pepper),Clay Loam,Organic Soil Conditioner (High Carbon),18.5,10,73.2
Sili (Chili Pepper),Clay Loam,High Nitrogen & Fiber (N-Rich),19.4,10,77.7
Kangkong,Sandy Loam,High Phosphorus & Nitrogen (P-N Rich),43.9,7,66.6
Kamatis (Tomato),Volcanic / Silt Loam,Organic Soil Conditioner (High Carbon),40.0,14,78.1
Kangkong,Clay Loam,Balanced Organic (High C / Moderate K),28.5,7,90.3
Kamatis (Tomato),Volcanic / Silt Loam,Balanced Organic (High C / Moderate K),25.0,14,92.5
Kamatis (Tomato),Volcanic / Silt Loam,High Phosphorus & Nitrogen (P-N Rich),24.4,14,96.6
Sili (Chili Pepper),Sandy Loam,High Phosphorus & Nitrogen (P-N Rich),28.1,10,80.7
Pechay,Volcanic / Silt Loam,Balanced Organic (High C / Moderate K),35.0,7,94.5
Pechay,Sandy Loam,Organic Soil Conditioner (High Carbon),41.8,7,75.3
Talong (Eggplant),Clay Loam,Organic Soil Conditioner (High Carbon),35.0,14,74.5
Sili (Chili Pepper),Volcanic / Silt Loam,Organic Soil Conditioner (High Carbon),19.2,10,68.0
Kamatis (Tomato),Clay Loam,High Phosphorus & Nitrogen (P-N Rich),20.4,14,96.9
Pechay,Volcanic / Silt Loam,High Nitrogen & Fiber (N-Rich),20.1,7,96.4
Kamatis (Tomato),Clay Loam,High Nitrogen & Fiber (N-Rich),33.9,14,80.9
Pechay,Volcanic / Silt Loam,High Nitrogen & Fiber (N-Rich),20.4,7,89.5
Pechay,Volcanic / Silt Loam,High Nitrogen & Fiber (N-Rich),19.5,7,93.7
Pechay,Volcanic / Silt Loam,High Nitrogen & Fiber (N-Rich),19.4,7,92.5
Sili (Chili Pepper),Volcanic / Silt Loam,High Phosphorus & Nitrogen (P-N Rich),21.8,10,71.5
Kangkong,Volcanic / Silt Loam,High Phosphorus & Nitrogen (P-N Rich),36.1,7,67.9
Kamatis (Tomato),Volcanic / Silt Loam,High Nitrogen & Fiber (N-Rich),39.1,14,69.5
Sili (Chili Pepper),Volcanic / Silt Loam,High Phosphorus & Nitrogen (P-N Rich),22.0,10,75.4
Sili (Chili Pepper),Volcanic / Silt Loam,High Phosphorus & Nitrogen (P-N Rich),22.2,10,74.6
Sili (Chili Pepper),Volcanic / Silt Loam,High Nitrogen & Fiber (N-Rich),22.1,10,80.5
Sili (Chili Pepper),Clay Loam,Organic Soil Conditioner (High Carbon),18.3,10,81.1
Sili (Chili Pepper),Sandy Loam,High Phosphorus & Nitrogen (P-N Rich),27.2,10,70.1
Talong (Eggplant),Volcanic / Silt Loam,Organic Soil Conditioner (High Carbon),39.9,14,80.2
Kamatis (Tomato),Sandy Loam,High Phosphorus & Nitrogen (P-N Rich),31.2,14,92.9
Sili (Chili Pepper),Volcanic / Silt Loam,High Phosphorus & Nitrogen (P-N Rich),20.4,10,65.8
Kamatis (Tomato),Volcanic / Silt Loam,High Nitrogen & Fiber (N-Rich),40.4,14,73.0
Talong (Eggplant),Clay Loam,High Phosphorus & Nitrogen (P-N Rich),21.5,14,94.7
Talong (Eggplant),Clay Loam,Balanced Organic (High C / Moderate K),21.9,14,92.8
Kamatis (Tomato),Sandy Loam,Balanced Organic (High C / Moderate K),29.8,14,97.0
Pechay,Clay Loam,High Nitrogen & Fiber (N-Rich),17.2,7,88.5
Kangkong,Clay Loam,Organic Soil Conditioner (High Carbon),29.6,7,76.4
Pechay,Sandy Loam,Organic Soil Conditioner (High Carbon),43.9,7,78.8
Pechay,Clay Loam,Organic Soil Conditioner (High Carbon),29.6,7,79.5
Pechay,Volcanic / Silt Loam,Balanced Organic (High C / Moderate K),35.3,7,97.9
Sili (Chili Pepper),Sandy Loam,Organic Soil Conditioner (High Carbon),27.0,10,70.5
Talong (Eggplant),Sandy Loam,Organic Soil Conditioner (High Carbon),50.1,14,65.7
Pechay,Volcanic / Silt Loam,High Nitrogen & Fiber (N-Rich),18.7,7,95.9
Talong (Eggplant),Clay Loam,Organic Soil Conditioner (High Carbon),33.7,14,68.2
Kamatis (Tomato),Sandy Loam,Balanced Organic (High C / Moderate K),31.0,14,95.4
Kangkong,Sandy Loam,Balanced Organic (High C / Moderate K),41.8,7,91.9
Kamatis (Tomato),Volcanic / Silt Loam,Balanced Organic (High C / Moderate K),25.1,14,91.5
Kamatis (Tomato),Volcanic / Silt Loam,High Nitrogen & Fiber (N-Rich),40.3,14,65.4
Sili (Chili Pepper),Clay Loam,High Nitrogen & Fiber (N-Rich),18.4,10,72.3
Kangkong,Sandy Loam,High Phosphorus & Nitrogen (P-N Rich),44.3,7,66.6
Kamatis (Tomato),Clay Loam,Organic Soil Conditioner (High Carbon),35.0,14,77.9
Kamatis (Tomato),Clay Loam,High Nitrogen & Fiber (N-Rich),35.6,14,65.9
Kangkong,Volcanic / Silt Loam,Balanced Organic (High C / Moderate K),34.0,7,89.5
Kangkong,Sandy Loam,Balanced Organic (High C / Moderate K),44.2,7,93.5
Kamatis (Tomato),Sandy Loam,High Nitrogen & Fiber (N-Rich),50.1,14,74.3
Kangkong,Sandy Loam,High Nitrogen & Fiber (N-Rich),25.0,7,97.3
Kamatis (Tomato),Volcanic / Silt Loam,High Nitrogen & Fiber (N-Rich),39.0,14,77.3
Kamatis (Tomato),Volcanic / Silt Loam,High Phosphorus & Nitrogen (P-N Rich),25.0,14,98.8
Sili (Chili Pepper),Volcanic / Silt Loam,Balanced Organic (High C / Moderate K),20.2,10,89.7
Pechay,Volcanic / Silt Loam,High Phosphorus & Nitrogen (P-N Rich),34.8,7,75.9
Kamatis (Tomato),Volcanic / Silt Loam,High Phosphorus & Nitrogen (P-N Rich),23.7,14,89.4
Talong (Eggplant),Sandy Loam,Organic Soil Conditioner (High Carbon),49.6,14,80.1
Pechay,Clay Loam,Balanced Organic (High C / Moderate K),30.5,7,88.4
Pechay,Sandy Loam,Balanced Organic (High C / Moderate K),43.2,7,88.3
Pechay,Clay Loam,High Nitrogen & Fiber (N-Rich),15.5,7,98.6
Sili (Chili Pepper),Volcanic / Silt Loam,High Nitrogen & Fiber (N-Rich),22.2,10,71.2
Kamatis (Tomato),Clay Loam,Organic Soil Conditioner (High Carbon),33.4,14,66.1
Sili (Chili Pepper),Sandy Loam,High Phosphorus & Nitrogen (P-N Rich),29.1,10,81.1
Kamatis (Tomato),Sandy Loam,High Nitrogen & Fiber (N-Rich),48.8,14,69.2
Sili (Chili Pepper),Clay Loam,High Nitrogen & Fiber (N-Rich),21.0,10,76.9
Sili (Chili Pepper),Volcanic / Silt Loam,Balanced Organic (High C / Moderate K),21.5,10,88.7
Talong (Eggplant),Volcanic / Silt Loam,Balanced Organic (High C / Moderate K),24.5,14,96.1
Sili (Chili Pepper),Sandy Loam,High Nitrogen & Fiber (N-Rich),26.4,10,68.2
Kangkong,Clay Loam,Balanced Organic (High C / Moderate K),30.0,7,97.5
Talong (Eggplant),Volcanic / Silt Loam,Organic Soil Conditioner (High Carbon),38.3,14,81.0
Sili (Chili Pepper),Volcanic / Silt Loam,High Nitrogen & Fiber (N-Rich),22.2,10,69.0
Pechay,Sandy Loam,Balanced Organic (High C / Moderate K),44.4,7,88.5
Kangkong,Volcanic / Silt Loam,Organic Soil Conditioner (High Carbon),34.0,7,74.1
Kangkong,Clay Loam,Balanced Organic (High C / Moderate K),31.0,7,98.4
Kangkong,Sandy Loam,Balanced Organic (High C / Moderate K),43.1,7,93.4
Talong (Eggplant),Sandy Loam,Balanced Organic (High C / Moderate K),31.0,14,93.6
Sili (Chili Pepper),Clay Loam,High Nitrogen & Fiber (N-Rich),17.3,10,73.0
Sili (Chili Pepper),Sandy Loam,High Phosphorus & Nitrogen (P-N Rich),27.4,10,77.0
Pechay,Volcanic / Silt Loam,Balanced Organic (High C / Moderate K),35.4,7,88.5
Pechay,Volcanic / Silt Loam,Organic Soil Conditioner (High Carbon),34.0,7,73.4
Kangkong,Clay Loam,High Nitrogen & Fiber (N-Rich),17.1,7,96.4
Pechay,Volcanic / Silt Loam,High Nitrogen & Fiber (N-Rich),20.3,7,98.8
Talong (Eggplant),Clay Loam,Organic Soil Conditioner (High Carbon),34.6,14,72.7
Sili (Chili Pepper),Clay Loam,Balanced Organic (High C / Moderate K),18.6,10,93.9
Kangkong,Volcanic / Silt Loam,High Phosphorus & Nitrogen (P-N Rich),36.0,7,71.3
Pechay,Clay Loam,Balanced Organic (High C / Moderate K),28.7,7,93.4
Talong (Eggplant),Volcanic / Silt Loam,Organic Soil Conditioner (High Carbon),40.3,14,80.3
Talong (Eggplant),Sandy Loam,High Nitrogen & Fiber (N-Rich),49.4,14,76.5
Pechay,Sandy Loam,High Phosphorus & Nitrogen (P-N Rich),44.0,7,75.3
Sili (Chili Pepper),Clay Loam,High Nitrogen & Fiber (N-Rich),18.7,10,67.1
Pechay,Volcanic / Silt Loam,Organic Soil Conditioner (High Carbon),34.3,7,71.8
Kangkong,Volcanic / Silt Loam,Balanced Organic (High C / Moderate K),34.9,7,94.5
Pechay,Sandy Loam,High Phosphorus & Nitrogen (P-N Rich),43.1,7,68.0
Talong (Eggplant),Sandy Loam,High Nitrogen & Fiber (N-Rich),51.5,14,81.8
Pechay,Volcanic / Silt Loam,High Nitrogen & Fiber (N-Rich),20.5,7,91.6
Sili (Chili Pepper),Clay Loam,High Nitrogen & Fiber (N-Rich),20.2,10,66.6
Kamatis (Tomato),Sandy Loam,Balanced Organic (High C / Moderate K),30.5,14,88.3
Pechay,Clay Loam,High Phosphorus & Nitrogen (P-N Rich),28.3,7,78.8
Sili (Chili Pepper),Clay Loam,Balanced Organic (High C / Moderate K),18.9,10,88.7
Sili (Chili Pepper),Sandy Loam,Balanced Organic (High C / Moderate K),27.8,10,89.8
Talong (Eggplant),Clay Loam,Balanced Organic (High C / Moderate K),21.8,14,90.7
Sili (Chili Pepper),Clay Loam,Organic Soil Conditioner (High Carbon),19.2,10,66.1
Sili (Chili Pepper),Volcanic / Silt Loam,Organic Soil Conditioner (High Carbon),23.4,10,71.9
Sili (Chili Pepper),Clay Loam,Organic Soil Conditioner (High Carbon),19.2,10,71.2
Sili (Chili Pepper),Volcanic / Silt Loam,High Phosphorus & Nitrogen (P-N Rich),21.1,10,81.5
Kangkong,Sandy Loam,Balanced Organic (High C / Moderate K),42.6,7,89.9
Kangkong,Sandy Loam,Balanced Organic (High C / Moderate K),45.2,7,92.9
Talong (Eggplant),Volcanic / Silt Loam,Organic Soil Conditioner (High Carbon),40.0,14,69.3
Pechay,Sandy Loam,Balanced Organic (High C / Moderate K),44.8,7,94.0
Sili (Chili Pepper),Clay Loam,Balanced Organic (High C / Moderate K),18.0,10,91.4
Pechay,Clay Loam,High Nitrogen & Fiber (N-Rich),17.5,7,95.6
Pechay,Clay Loam,Balanced Organic (High C / Moderate K),29.0,7,92.3
Talong (Eggplant),Sandy Loam,High Nitrogen & Fiber (N-Rich),48.0,14,71.3
Sili (Chili Pepper),Clay Loam,Balanced Organic (High C / Moderate K),19.6,10,89.1
Sili (Chili Pepper),Sandy Loam,High Phosphorus & Nitrogen (P-N Rich),26.5,10,76.3
Kamatis (Tomato),Clay Loam,Organic Soil Conditioner (High Carbon),32.9,14,69.9
Pechay,Volcanic / Silt Loam,High Nitrogen & Fiber (N-Rich),19.9,7,90.3
Pechay,Sandy Loam,Organic Soil Conditioner (High Carbon),43.6,7,65.4
Kangkong,Sandy Loam,High Nitrogen & Fiber (N-Rich),25.2,7,90.5
Kamatis (Tomato),Clay Loam,High Nitrogen & Fiber (N-Rich),34.3,14,69.8
Kangkong,Sandy Loam,High Nitrogen & Fiber (N-Rich),24.3,7,88.8
Kangkong,Sandy Loam,High Phosphorus & Nitrogen (P-N Rich),42.7,7,67.3
Kangkong,Volcanic / Silt Loam,Balanced Organic (High C / Moderate K),36.0,7,95.8
Talong (Eggplant),Volcanic / Silt Loam,High Nitrogen & Fiber (N-Rich),40.6,14,74.5
Talong (Eggplant),Clay Loam,High Phosphorus & Nitrogen (P-N Rich),20.2,14,89.3
Kangkong,Volcanic / Silt Loam,High Nitrogen & Fiber (N-Rich),18.7,7,93.9
Kamatis (Tomato),Clay Loam,Balanced Organic (High C / Moderate K),20.9,14,94.6
Pechay,Clay Loam,High Nitrogen & Fiber (N-Rich),15.9,7,97.6
Kamatis (Tomato),Clay Loam,High Phosphorus & Nitrogen (P-N Rich),20.9,14,90.8
Sili (Chili Pepper),Sandy Loam,Balanced Organic (High C / Moderate K),28.1,10,93.3
Talong (Eggplant),Volcanic / Silt Loam,High Phosphorus & Nitrogen (P-N Rich),24.8,14,92.1
Pechay,Clay Loam,Balanced Organic (High C / Moderate K),30.6,7,92.1
Pechay,Volcanic / Silt Loam,Balanced Organic (High C / Moderate K),34.7,7,95.2
Sili (Chili Pepper),Clay Loam,Organic Soil Conditioner (High Carbon),19.5,10,75.4
Sili (Chili Pepper),Volcanic / Silt Loam,Organic Soil Conditioner (High Carbon),21.6,10,65.7
Kangkong,Volcanic / Silt Loam,Organic Soil Conditioner (High Carbon),33.0,7,79.8
Talong (Eggplant),Clay Loam,Balanced Organic (High C / Moderate K),21.5,14,93.5
Talong (Eggplant),Sandy Loam,High Nitrogen & Fiber (N-Rich),48.4,14,76.3
Kamatis (Tomato),Volcanic / Silt Loam,High Phosphorus & Nitrogen (P-N Rich),24.5,14,89.5
Kangkong,Sandy Loam,High Phosphorus & Nitrogen (P-N Rich),41.7,7,72.5
Kangkong,Sandy Loam,High Phosphorus & Nitrogen (P-N Rich),43.7,7,76.5
Kangkong,Clay Loam,Organic Soil Conditioner (High Carbon),29.8,7,72.2
Kangkong,Clay Loam,Balanced Organic (High C / Moderate K),30.1,7,96.9
Talong (Eggplant),Clay Loam,Organic Soil Conditioner (High Carbon),32.7,14,66.9
Talong (Eggplant),Volcanic / Silt Loam,High Nitrogen & Fiber (N-Rich),39.2,14,74.7
Kangkong,Clay Loam,Balanced Organic (High C / Moderate K),29.4,7,97.5
Kamatis (Tomato),Clay Loam,High Phosphorus & Nitrogen (P-N Rich),21.6,14,95.4
Pechay,Volcanic / Silt Loam,Organic Soil Conditioner (High Carbon),35.1,7,74.2
Pechay,Volcanic / Silt Loam,Organic Soil Conditioner (High Carbon),34.1,7,81.1
Kamatis (Tomato),Clay Loam,High Nitrogen & Fiber (N-Rich),34.8,14,72.1
Kangkong,Clay Loam,High Nitrogen & Fiber (N-Rich),15.7,7,98.2
Talong (Eggplant),Clay Loam,Organic Soil Conditioner (High Carbon),34.2,14,79.2
Pechay,Clay Loam,High Nitrogen & Fiber (N-Rich),16.3,7,97.0
Sili (Chili Pepper),Sandy Loam,High Phosphorus & Nitrogen (P-N Rich),28.1,10,69.8
Sili (Chili Pepper),Sandy Loam,High Nitrogen & Fiber (N-Rich),27.0,10,66.0
Kamatis (Tomato),Clay Loam,High Nitrogen & Fiber (N-Rich),36.3,14,71.3
Kangkong,Sandy Loam,Organic Soil Conditioner (High Carbon),44.0,7,77.4
Pechay,Volcanic / Silt Loam,Organic Soil Conditioner (High Carbon),36.1,7,71.0
Kangkong,Sandy Loam,Balanced Organic (High C / Moderate K),45.2,7,94.0
Pechay,Sandy Loam,Balanced Organic (High C / Moderate K),43.5,7,95.0
Kamatis (Tomato),Clay Loam,Organic Soil Conditioner (High Carbon),33.8,14,67.0
Kamatis (Tomato),Sandy Loam,High Nitrogen & Fiber (N-Rich),51.0,14,68.8
Sili (Chili Pepper),Sandy Loam,High Nitrogen & Fiber (N-Rich),27.5,10,76.9
Kangkong,Sandy Loam,Balanced Organic (High C / Moderate K),42.9,7,96.7
Sili (Chili Pepper),Sandy Loam,Balanced Organic (High C / Moderate K),26.1,10,92.3
Kangkong,Volcanic / Silt Loam,Balanced Organic (High C / Moderate K),35.1,7,90.1
Sili (Chili Pepper),Clay Loam,High Phosphorus & Nitrogen (P-N Rich),18.2,10,81.8
Talong (Eggplant),Clay Loam,High Phosphorus & Nitrogen (P-N Rich),21.8,14,89.8
Talong (Eggplant),Volcanic / Silt Loam,Balanced Organic (High C / Moderate K),24.6,14,95.7
Talong (Eggplant),Sandy Loam,High Nitrogen & Fiber (N-Rich),51.4,14,81.1
Talong (Eggplant),Volcanic / Silt Loam,Balanced Organic (High C / Moderate K),24.2,14,93.1
Pechay,Sandy Loam,High Phosphorus & Nitrogen (P-N Rich),42.7,7,75.7
Talong (Eggplant),Volcanic / Silt Loam,High Nitrogen & Fiber (N-Rich),39.8,14,73.6
Kamatis (Tomato),Clay Loam,High Phosphorus & Nitrogen (P-N Rich),21.7,14,93.8
Kamatis (Tomato),Clay Loam,High Nitrogen & Fiber (N-Rich),34.6,14,76.3
Pechay,Clay Loam,High Phosphorus & Nitrogen (P-N Rich),29.8,7,66.9
Talong (Eggplant),Sandy Loam,High Nitrogen & Fiber (N-Rich),51.4,14,80.2
Talong (Eggplant),Sandy Loam,High Nitrogen & Fiber (N-Rich),49.9,14,80.6
Talong (Eggplant),Volcanic / Silt Loam,High Nitrogen & Fiber (N-Rich),39.7,14,74.2
Sili (Chili Pepper),Volcanic / Silt Loam,High Nitrogen & Fiber (N-Rich),22.2,10,67.5
Kangkong,Clay Loam,Organic Soil Conditioner (High Carbon),28.8,7,77.1
Sili (Chili Pepper),Sandy Loam,High Phosphorus & Nitrogen (P-N Rich),28.3,10,80.6
Kangkong,Volcanic / Silt Loam,High Phosphorus & Nitrogen (P-N Rich),36.0,7,71.7
Talong (Eggplant),Sandy Loam,Organic Soil Conditioner (High Carbon),50.1,14,65.0
Talong (Eggplant),Sandy Loam,High Nitrogen & Fiber (N-Rich),49.2,14,76.5
Sili (Chili Pepper),Clay Loam,High Nitrogen & Fiber (N-Rich),18.8,10,72.1
Sili (Chili Pepper),Clay Loam,High Phosphorus & Nitrogen (P-N Rich),20.1,10,66.3
Kangkong,Sandy Loam,Organic Soil Conditioner (High Carbon),44.1,7,68.3
Kamatis (Tomato),Sandy Loam,High Nitrogen & Fiber (N-Rich),50.6,14,80.2
Kangkong,Sandy Loam,High Nitrogen & Fiber (N-Rich),25.8,7,89.3
Sili (Chili Pepper),Sandy Loam,High Nitrogen & Fiber (N-Rich),26.5,10,68.0
Sili (Chili Pepper),Clay Loam,Balanced Organic (High C / Moderate K),18.5,10,94.4
Pechay,Volcanic / Silt Loam,Organic Soil Conditioner (High Carbon),35.5,7,76.4
Sili (Chili Pepper),Clay Loam,High Nitrogen & Fiber (N-Rich),17.5,10,68.2
Pechay,Volcanic / Silt Loam,Balanced Organic (High C / Moderate K),35.9,7,90.3
Kamatis (Tomato),Sandy Loam,Organic Soil Conditioner (High Carbon),48.9,14,70.3
Kangkong,Volcanic / Silt Loam,High Nitrogen & Fiber (N-Rich),19.5,7,92.9
Kangkong,Clay Loam,High Phosphorus & Nitrogen (P-N Rich),30.6,7,70.4
Pechay,Clay Loam,Balanced Organic (High C / Moderate K),29.6,7,94.2
Kangkong,Sandy Loam,Balanced Organic (High C / Moderate K),43.9,7,89.7
Sili (Chili Pepper),Clay Loam,High Nitrogen & Fiber (N-Rich),20.3,10,76.1
Talong (Eggplant),Sandy Loam,High Nitrogen & Fiber (N-Rich),50.7,14,80.1
Pechay,Clay Loam,Balanced Organic (High C / Moderate K),29.6,7,96.3
Kangkong,Clay Loam,High Phosphorus & Nitrogen (P-N Rich),28.4,7,73.3
Pechay,Sandy Loam,High Phosphorus & Nitrogen (P-N Rich),44.5,7,81.7
Pechay,Volcanic / Silt Loam,Organic Soil Conditioner (High Carbon),34.9,7,76.3
Talong (Eggplant),Clay Loam,High Nitrogen & Fiber (N-Rich),33.8,14,75.6
Sili (Chili Pepper),Volcanic / Silt Loam,High Phosphorus & Nitrogen (P-N Rich),22.0,10,66.0
Pechay,Clay Loam,Organic Soil Conditioner (High Carbon),29.4,7,70.7
Kangkong,Clay Loam,High Phosphorus & Nitrogen (P-N Rich),29.2,7,72.5
Kamatis (Tomato),Clay Loam,High Nitrogen & Fiber (N-Rich),33.6,14,76.7
Pechay,Clay Loam,Organic Soil Conditioner (High Carbon),29.3,7,73.7
Pechay,Volcanic / Silt Loam,Organic Soil Conditioner (High Carbon),34.2,7,75.1
Talong (Eggplant),Volcanic / Silt Loam,Organic Soil Conditioner (High Carbon),40.5,14,66.2
Sili (Chili Pepper),Clay Loam,High Phosphorus & Nitrogen (P-N Rich),19.3,10,77.8
Kamatis (Tomato),Clay Loam,High Nitrogen & Fiber (N-Rich),33.8,14,77.2
Kangkong,Volcanic / Silt Loam,Organic Soil Conditioner (High Carbon),36.6,7,75.9
Kamatis (Tomato),Sandy Loam,Balanced Organic (High C / Moderate K),32.3,14,88.4
Kangkong,Sandy Loam,High Nitrogen & Fiber (N-Rich),25.5,7,93.5
Sili (Chili Pepper),Volcanic / Silt Loam,Balanced Organic (High C / Moderate K),22.7,10,91.9
Kangkong,Clay Loam,Balanced Organic (High C / Moderate K),28.7,7,95.6
Talong (Eggplant),Clay Loam,Organic Soil Conditioner (High Carbon),34.9,14,79.8
Talong (Eggplant),Sandy Loam,Organic Soil Conditioner (High Carbon),49.4,14,74.5
Talong (Eggplant),Sandy Loam,High Phosphorus & Nitrogen (P-N Rich),32.7,14,97.7
Talong (Eggplant),Volcanic / Silt Loam,High Phosphorus & Nitrogen (P-N Rich),27.2,14,94.4
Kamatis (Tomato),Sandy Loam,High Phosphorus & Nitrogen (P-N Rich),33.1,14,96.2
Sili (Chili Pepper),Volcanic / Silt Loam,High Nitrogen & Fiber (N-Rich),22.5,10,73.2
Kangkong,Sandy Loam,High Phosphorus & Nitrogen (P-N Rich),44.4,7,66.6
Kangkong,Sandy Loam,Balanced Organic (High C / Moderate K),44.4,7,91.4
Talong (Eggplant),Sandy Loam,High Phosphorus & Nitrogen (P-N Rich),31.0,14,91.4
Talong (Eggplant),Clay Loam,Organic Soil Conditioner (High Carbon),34.4,14,75.1
Pechay,Clay Loam,High Phosphorus & Nitrogen (P-N Rich),29.1,7,80.9
Sili (Chili Pepper),Clay Loam,High Nitrogen & Fiber (N-Rich),20.1,10,76.7
Kamatis (Tomato),Sandy Loam,High Nitrogen & Fiber (N-Rich),50.6,14,70.8
Kangkong,Volcanic / Silt Loam,Balanced Organic (High C / Moderate K),36.0,7,91.9
Pechay,Volcanic / Silt Loam,High Nitrogen & Fiber (N-Rich),20.0,7,88.5
Pechay,Volcanic / Silt Loam,High Phosphorus & Nitrogen (P-N Rich),34.6,7,78.0
Kangkong,Volcanic / Silt Loam,Organic Soil Conditioner (High Carbon),34.0,7,74.1
Kamatis (Tomato),Clay Loam,High Nitrogen & Fiber (N-Rich),33.5,14,72.6
Pechay,Clay Loam,Balanced Organic (High C / Moderate K),29.6,7,88.8
Pechay,Sandy Loam,High Phosphorus & Nitrogen (P-N Rich),44.4,7,81.8
Sili (Chili Pepper),Sandy Loam,Balanced Organic (High C / Moderate K),27.8,10,94.1
Kamatis (Tomato),Volcanic / Silt Loam,High Nitrogen & Fiber (N-Rich),40.2,14,67.4
Pechay,Clay Loam,High Nitrogen & Fiber (N-Rich),17.6,7,89.1
Kamatis (Tomato),Volcanic / Silt Loam,Balanced Organic (High C / Moderate K),24.9,14,94.0
Kangkong,Sandy Loam,High Phosphorus & Nitrogen (P-N Rich),44.3,7,74.0
Talong (Eggplant),Sandy Loam,High Nitrogen & Fiber (N-Rich),50.2,14,68.5
Pechay,Volcanic / Silt Loam,Organic Soil Conditioner (High Carbon),35.1,7,76.3
Sili (Chili Pepper),Sandy Loam,High Nitrogen & Fiber (N-Rich),26.9,10,67.8
Kangkong,Volcanic / Silt Loam,High Phosphorus & Nitrogen (P-N Rich),34.7,7,77.5
Kamatis (Tomato),Clay Loam,High Nitrogen & Fiber (N-Rich),32.5,14,75.2
Kangkong,Volcanic / Silt Loam,Balanced Organic (High C / Moderate K),34.3,7,89.9
Pechay,Clay Loam,High Nitrogen & Fiber (N-Rich),17.9,7,95.3
Kamatis (Tomato),Clay Loam,High Nitrogen & Fiber (N-Rich),33.4,14,67.7
Talong (Eggplant),Sandy Loam,High Phosphorus & Nitrogen (P-N Rich),31.6,14,92.7
Kangkong,Sandy Loam,Balanced Organic (High C / Moderate K),43.1,7,90.7
Pechay,Sandy Loam,High Phosphorus & Nitrogen (P-N Rich),44.5,7,80.0
Sili (Chili Pepper),Volcanic / Silt Loam,High Nitrogen & Fiber (N-Rich),22.4,10,80.2
Kamatis (Tomato),Volcanic / Silt Loam,Organic Soil Conditioner (High Carbon),39.0,14,66.5
Kangkong,Sandy Loam,High Nitrogen & Fiber (N-Rich),25.8,7,92.3
Kangkong,Volcanic / Silt Loam,High Phosphorus & Nitrogen (P-N Rich),36.0,7,75.6
Talong (Eggplant),Sandy Loam,Organic Soil Conditioner (High Carbon),49.3,14,69.8
Talong (Eggplant),Volcanic / Silt Loam,High Phosphorus & Nitrogen (P-N Rich),24.8,14,95.9
Sili (Chili Pepper),Clay Loam,High Phosphorus & Nitrogen (P-N Rich),17.9,10,73.6
Sili (Chili Pepper),Clay Loam,Balanced Organic (High C / Moderate K),19.4,10,91.6
Pechay,Sandy Loam,Organic Soil Conditioner (High Carbon),43.8,7,70.7
Pechay,Volcanic / Silt Loam,High Nitrogen & Fiber (N-Rich),20.0,7,93.7
Sili (Chili Pepper),Volcanic / Silt Loam,High Phosphorus & Nitrogen (P-N Rich),20.3,10,72.7
Sili (Chili Pepper),Clay Loam,High Nitrogen & Fiber (N-Rich),18.6,10,80.7
Kamatis (Tomato),Clay Loam,Balanced Organic (High C / Moderate K),22.3,14,88.3
Talong (Eggplant),Sandy Loam,Balanced Organic (High C / Moderate K),33.0,14,90.4
Pechay,Clay Loam,Organic Soil Conditioner (High Carbon),30.8,7,72.3
Talong (Eggplant),Sandy Loam,Balanced Organic (High C / Moderate K),31.9,14,88.0
Talong (Eggplant),Clay Loam,Balanced Organic (High C / Moderate K),20.9,14,98.3
Sili (Chili Pepper),Clay Loam,High Nitrogen & Fiber (N-Rich),18.2,10,69.5
Kamatis (Tomato),Volcanic / Silt Loam,Balanced Organic (High C / Moderate K),24.4,14,88.4
Kangkong,Clay Loam,Balanced Organic (High C / Moderate K),29.5,7,89.2
Kamatis (Tomato),Clay Loam,High Phosphorus & Nitrogen (P-N Rich),20.9,14,95.9
Kamatis (Tomato),Sandy Loam,Balanced Organic (High C / Moderate K),31.8,14,88.2
Talong (Eggplant),Clay Loam,High Phosphorus & Nitrogen (P-N Rich),20.1,14,90.5
Kamatis (Tomato),Sandy Loam,Balanced Organic (High C / Moderate K),30.9,14,93.7
Pechay,Clay Loam,Balanced Organic (High C / Moderate K),28.2,7,90.8
Talong (Eggplant),Clay Loam,Organic Soil Conditioner (High Carbon),34.7,14,71.5
Pechay,Sandy Loam,Organic Soil Conditioner (High Carbon),43.5,7,72.0
Kangkong,Volcanic / Silt Loam,High Phosphorus & Nitrogen (P-N Rich),36.4,7,79.6
Talong (Eggplant),Sandy Loam,Balanced Organic (High C / Moderate K),31.8,14,98.4
Kangkong,Sandy Loam,High Nitrogen & Fiber (N-Rich),23.5,7,89.0
Talong (Eggplant),Sandy Loam,Organic Soil Conditioner (High Carbon),48.9,14,68.4
Sili (Chili Pepper),Volcanic / Silt Loam,High Nitrogen & Fiber (N-Rich),21.7,10,79.9
Kamatis (Tomato),Clay Loam,Organic Soil Conditioner (High Carbon),35.8,14,67.7
Sili (Chili Pepper),Sandy Loam,Organic Soil Conditioner (High Carbon),26.7,10,76.8
Kangkong,Sandy Loam,Balanced Organic (High C / Moderate K),43.9,7,92.2
Kamatis (Tomato),Volcanic / Silt Loam,Organic Soil Conditioner (High Carbon),40.8,14,72.5
Talong (Eggplant),Sandy Loam,High Nitrogen & Fiber (N-Rich),51.1,14,66.1
Kamatis (Tomato),Clay Loam,Organic Soil Conditioner (High Carbon),33.9,14,75.4
Pechay,Volcanic / Silt Loam,High Phosphorus & Nitrogen (P-N Rich),34.2,7,79.1
Kamatis (Tomato),Clay Loam,Balanced Organic (High C / Moderate K),21.2,14,88.2
Pechay,Clay Loam,Balanced Organic (High C / Moderate K),30.5,7,91.3
Kamatis (Tomato),Volcanic / Silt Loam,High Phosphorus & Nitrogen (P-N Rich),25.5,14,91.3
Pechay,Sandy Loam,High Phosphorus & Nitrogen (P-N Rich),42.3,7,73.4
Kangkong,Clay Loam,High Phosphorus & Nitrogen (P-N Rich),28.5,7,68.9
Sili (Chili Pepper),Clay Loam,Organic Soil Conditioner (High Carbon),17.5,10,67.3
Talong (Eggplant),Clay Loam,Balanced Organic (High C / Moderate K),22.1,14,98.7
Kamatis (Tomato),Clay Loam,High Phosphorus & Nitrogen (P-N Rich),20.2,14,90.1
Sili (Chili Pepper),Volcanic / Silt Loam,Organic Soil Conditioner (High Carbon),20.9,10,65.1
Talong (Eggplant),Volcanic / Silt Loam,High Phosphorus & Nitrogen (P-N Rich),25.1,14,97.2
Talong (Eggplant),Clay Loam,High Nitrogen & Fiber (N-Rich),34.8,14,74.2
Pechay,Sandy Loam,High Nitrogen & Fiber (N-Rich),26.3,7,95.2
Kangkong,Clay Loam,Balanced Organic (High C / Moderate K),28.8,7,88.5
Kangkong,Sandy Loam,Organic Soil Conditioner (High Carbon),45.5,7,65.9
Sili (Chili Pepper),Clay Loam,High Nitrogen & Fiber (N-Rich),17.2,10,80.1
Kangkong,Sandy Loam,High Nitrogen & Fiber (N-Rich),24.6,7,89.2
Kamatis (Tomato),Clay Loam,Organic Soil Conditioner (High Carbon),34.4,14,71.7
Kangkong,Sandy Loam,High Phosphorus & Nitrogen (P-N Rich),42.9,7,70.4
Sili (Chili Pepper),Clay Loam,Organic Soil Conditioner (High Carbon),18.5,10,73.6
Kangkong,Clay Loam,High Phosphorus & Nitrogen (P-N Rich),29.4,7,78.6
Kamatis (Tomato),Sandy Loam,High Nitrogen & Fiber (N-Rich),47.7,14,79.4
Pechay,Volcanic / Silt Loam,High Nitrogen & Fiber (N-Rich),18.6,7,95.8
Sili (Chili Pepper),Sandy Loam,High Nitrogen & Fiber (N-Rich),27.4,10,80.0
Pechay,Volcanic / Silt Loam,Balanced Organic (High C / Moderate K),34.4,7,94.3
Pechay,Clay Loam,Balanced Organic (High C / Moderate K),29.0,7,96.8
Pechay,Sandy Loam,Balanced Organic (High C / Moderate K),43.4,7,88.5
Talong (Eggplant),Sandy Loam,Organic Soil Conditioner (High Carbon),51.0,14,73.4
Talong (Eggplant),Sandy Loam,High Nitrogen & Fiber (N-Rich),50.8,14,80.0
Pechay,Volcanic / Silt Loam,High Nitrogen & Fiber (N-Rich),18.1,7,88.5
Sili (Chili Pepper),Volcanic / Silt Loam,Organic Soil Conditioner (High Carbon),22.6,10,65.0
Kamatis (Tomato),Clay Loam,Balanced Organic (High C / Moderate K),20.4,14,89.3
Kamatis (Tomato),Volcanic / Silt Loam,Organic Soil Conditioner (High Carbon),41.4,14,66.9
Kangkong,Volcanic / Silt Loam,Balanced Organic (High C / Moderate K),34.1,7,95.8
Sili (Chili Pepper),Clay Loam,High Nitrogen & Fiber (N-Rich),19.2,10,68.0
Talong (Eggplant),Sandy Loam,High Phosphorus & Nitrogen (P-N Rich),30.9,14,97.5
Pechay,Sandy Loam,Balanced Organic (High C / Moderate K),44.1,7,96.5
Kangkong,Clay Loam,High Nitrogen & Fiber (N-Rich),16.7,7,96.5
Kamatis (Tomato),Sandy Loam,High Nitrogen & Fiber (N-Rich),49.0,14,75.1
Talong (Eggplant),Volcanic / Silt Loam,High Phosphorus & Nitrogen (P-N Rich),24.3,14,89.3
Talong (Eggplant),Clay Loam,High Nitrogen & Fiber (N-Rich),32.6,14,73.7
Pechay,Clay Loam,High Nitrogen & Fiber (N-Rich),17.9,7,93.2
Kamatis (Tomato),Clay Loam,Balanced Organic (High C / Moderate K),21.9,14,92.0
Sili (Chili Pepper),Sandy Loam,Balanced Organic (High C / Moderate K),27.7,10,89.8
Talong (Eggplant),Clay Loam,High Phosphorus & Nitrogen (P-N Rich),21.5,14,92.2
Pechay,Clay Loam,High Phosphorus & Nitrogen (P-N Rich),29.0,7,77.4
Sili (Chili Pepper),Clay Loam,High Nitrogen & Fiber (N-Rich),18.8,10,80.8
Kamatis (Tomato),Sandy Loam,Balanced Organic (High C / Moderate K),30.7,14,88.6
Talong (Eggplant),Volcanic / Silt Loam,High Phosphorus & Nitrogen (P-N Rich),26.6,14,97.8
Sili (Chili Pepper),Clay Loam,High Phosphorus & Nitrogen (P-N Rich),19.0,10,79.1
Sili (Chili Pepper),Volcanic / Silt Loam,Organic Soil Conditioner (High Carbon),21.4,10,67.6
Sili (Chili Pepper),Sandy Loam,High Phosphorus & Nitrogen (P-N Rich),27.2,10,73.0
Talong (Eggplant),Sandy Loam,High Nitrogen & Fiber (N-Rich),49.9,14,75.2
Talong (Eggplant),Sandy Loam,Balanced Organic (High C / Moderate K),30.9,14,97.8
Kangkong,Sandy Loam,High Phosphorus & Nitrogen (P-N Rich),42.9,7,81.7
Kamatis (Tomato),Volcanic / Silt Loam,Organic Soil Conditioner (High Carbon),40.3,14,80.4
Pechay,Clay Loam,Balanced Organic (High C / Moderate K),30.4,7,93.7
Sili (Chili Pepper),Sandy Loam,High Phosphorus & Nitrogen (P-N Rich),28.2,10,77.1
Kangkong,Sandy Loam,Organic Soil Conditioner (High Carbon),44.3,7,68.4
Pechay,Volcanic / Silt Loam,High Phosphorus & Nitrogen (P-N Rich),34.2,7,68.7
Kangkong,Volcanic / Silt Loam,Balanced Organic (High C / Moderate K),35.5,7,92.8
Talong (Eggplant),Sandy Loam,Balanced Organic (High C / Moderate K),31.8,14,93.0
Sili (Chili Pepper),Clay Loam,Balanced Organic (High C / Moderate K),19.1,10,96.7
Pechay,Clay Loam,High Nitrogen & Fiber (N-Rich),17.8,7,90.5
Pechay,Sandy Loam,High Phosphorus & Nitrogen (P-N Rich),43.2,7,69.7
Pechay,Volcanic / Silt Loam,High Nitrogen & Fiber (N-Rich),19.7,7,91.0
Pechay,Sandy Loam,Balanced Organic (High C / Moderate K),44.5,7,90.3
Pechay,Sandy Loam,Organic Soil Conditioner (High Carbon),43.7,7,66.8
Kangkong,Volcanic / Silt Loam,High Phosphorus & Nitrogen (P-N Rich),34.5,7,77.2
Sili (Chili Pepper),Sandy Loam,High Nitrogen & Fiber (N-Rich),27.7,10,80.7
Talong (Eggplant),Sandy Loam,High Phosphorus & Nitrogen (P-N Rich),32.3,14,94.3
Talong (Eggplant),Sandy Loam,Organic Soil Conditioner (High Carbon),49.4,14,69.4
Talong (Eggplant),Volcanic / Silt Loam,High Nitrogen & Fiber (N-Rich),41.7,14,76.8
Talong (Eggplant),Clay Loam,Balanced Organic (High C / Moderate K),20.6,14,90.4
Kangkong,Clay Loam,High Nitrogen & Fiber (N-Rich),16.9,7,95.4
Kamatis (Tomato),Volcanic / Silt Loam,High Phosphorus & Nitrogen (P-N Rich),26.2,14,94.8
Sili (Chili Pepper),Clay Loam,High Phosphorus & Nitrogen (P-N Rich),18.7,10,72.8
Pechay,Sandy Loam,High Phosphorus & Nitrogen (P-N Rich),44.5,7,79.3
Kamatis (Tomato),Clay Loam,High Phosphorus & Nitrogen (P-N Rich),20.1,14,96.8
Talong (Eggplant),Sandy Loam,Balanced Organic (High C / Moderate K),30.9,14,92.5
Kamatis (Tomato),Clay Loam,High Nitrogen & Fiber (N-Rich),34.1,14,79.0
Sili (Chili Pepper),Volcanic / Silt Loam,Balanced Organic (High C / Moderate K),20.8,10,96.9
Pechay,Clay Loam,Balanced Organic (High C / Moderate K),28.7,7,91.9
Pechay,Clay Loam,Balanced Organic (High C / Moderate K),30.3,7,89.2
Sili (Chili Pepper),Clay Loam,High Phosphorus & Nitrogen (P-N Rich),18.5,10,78.5
Sili (Chili Pepper),Volcanic / Silt Loam,High Phosphorus & Nitrogen (P-N Rich),21.6,10,79.5
Talong (Eggplant),Clay Loam,High Phosphorus & Nitrogen (P-N Rich),20.9,14,91.8
Pechay,Volcanic / Silt Loam,High Nitrogen & Fiber (N-Rich),21.4,7,89.1
Kamatis (Tomato),Sandy Loam,Organic Soil Conditioner (High Carbon),50.8,14,77.0
Kangkong,Clay Loam,High Phosphorus & Nitrogen (P-N Rich),30.2,7,71.8
Kangkong,Volcanic / Silt Loam,High Nitrogen & Fiber (N-Rich),19.9,7,91.7
Sili (Chili Pepper),Volcanic / Silt Loam,High Phosphorus & Nitrogen (P-N Rich),20.7,10,74.4
Talong (Eggplant),Clay Loam,High Phosphorus & Nitrogen (P-N Rich),21.2,14,94.9
Kangkong,Sandy Loam,Balanced Organic (High C / Moderate K),43.5,7,91.7
Pechay,Volcanic / Silt Loam,Balanced Organic (High C / Moderate K),33.6,7,92.9
Sili (Chili Pepper),Clay Loam,Balanced Organic (High C / Moderate K),20.2,10,92.6
Kamatis (Tomato),Sandy Loam,High Nitrogen & Fiber (N-Rich),50.7,14,77.5
Sili (Chili Pepper),Volcanic / Silt Loam,Organic Soil Conditioner (High Carbon),22.4,10,69.2
Kamatis (Tomato),Volcanic / Silt Loam,Organic Soil Conditioner (High Carbon),38.6,14,75.4
Sili (Chili Pepper),Sandy Loam,High Nitrogen & Fiber (N-Rich),28.4,10,73.3
Sili (Chili Pepper),Sandy Loam,High Phosphorus & Nitrogen (P-N Rich),27.2,10,70.3
Sili (Chili Pepper),Clay Loam,High Nitrogen & Fiber (N-Rich),18.3,10,66.8
Kamatis (Tomato),Clay Loam,High Phosphorus & Nitrogen (P-N Rich),21.6,14,95.5
Kamatis (Tomato),Volcanic / Silt Loam,High Nitrogen & Fiber (N-Rich),40.1,14,77.4
Sili (Chili Pepper),Sandy Loam,High Nitrogen & Fiber (N-Rich),29.2,10,65.9
Kangkong,Sandy Loam,High Nitrogen & Fiber (N-Rich),23.9,7,98.7
Talong (Eggplant),Sandy Loam,Organic Soil Conditioner (High Carbon),49.8,14,74.0
Talong (Eggplant),Volcanic / Silt Loam,Balanced Organic (High C / Moderate K),23.9,14,94.4
Talong (Eggplant),Sandy Loam,High Nitrogen & Fiber (N-Rich),49.0,14,78.9
Kamatis (Tomato),Sandy Loam,Organic Soil Conditioner (High Carbon),50.4,14,73.4
Kamatis (Tomato),Volcanic / Silt Loam,Balanced Organic (High C / Moderate K),25.0,14,96.2
Kangkong,Clay Loam,Balanced Organic (High C / Moderate K),31.0,7,91.4
Talong (Eggplant),Clay Loam,High Nitrogen & Fiber (N-Rich),33.2,14,81.6
Talong (Eggplant),Volcanic / Silt Loam,High Phosphorus & Nitrogen (P-N Rich),26.4,14,91.1
Sili (Chili Pepper),Sandy Loam,High Phosphorus & Nitrogen (P-N Rich),27.0,10,77.4
Kamatis (Tomato),Volcanic / Silt Loam,High Phosphorus & Nitrogen (P-N Rich),24.6,14,93.8
Talong (Eggplant),Clay Loam,High Nitrogen & Fiber (N-Rich),33.3,14,69.9
Kangkong,Clay Loam,High Phosphorus & Nitrogen (P-N Rich),30.0,7,76.1
Kangkong,Volcanic / Silt Loam,Organic Soil Conditioner (High Carbon),35.6,7,69.8
Talong (Eggplant),Volcanic / Silt Loam,Organic Soil Conditioner (High Carbon),39.4,14,75.3
Kamatis (Tomato),Clay Loam,Organic Soil Conditioner (High Carbon),35.2,14,81.5
Kangkong,Volcanic / Silt Loam,Organic Soil Conditioner (High Carbon),34.2,7,66.1
Sili (Chili Pepper),Clay Loam,Balanced Organic (High C / Moderate K),18.7,10,92.4
Kangkong,Volcanic / Silt Loam,Organic Soil Conditioner (High Carbon),35.4,7,69.9
Pechay,Volcanic / Silt Loam,High Phosphorus & Nitrogen (P-N Rich),35.8,7,67.0
Pechay,Volcanic / Silt Loam,High Nitrogen & Fiber (N-Rich),21.1,7,92.1
Kamatis (Tomato),Clay Loam,High Phosphorus & Nitrogen (P-N Rich),21.1,14,98.5
Talong (Eggplant),Volcanic / Silt Loam,Organic Soil Conditioner (High Carbon),40.4,14,69.3
Kamatis (Tomato),Clay Loam,Balanced Organic (High C / Moderate K),21.7,14,93.9
Kamatis (Tomato),Clay Loam,Organic Soil Conditioner (High Carbon),33.3,14,71.5
Kamatis (Tomato),Volcanic / Silt Loam,High Nitrogen & Fiber (N-Rich),39.8,14,71.8
Kamatis (Tomato),Volcanic / Silt Loam,High Phosphorus & Nitrogen (P-N Rich),24.2,14,93.3
Sili (Chili Pepper),Clay Loam,High Nitrogen & Fiber (N-Rich),18.3,10,71.4
Sili (Chili Pepper),Clay Loam,High Nitrogen & Fiber (N-Rich),18.6,10,76.7
Kangkong,Sandy Loam,High Nitrogen & Fiber (N-Rich),25.4,7,92.8
Pechay,Clay Loam,High Phosphorus & Nitrogen (P-N Rich),29.4,7,78.6
Kamatis (Tomato),Sandy Loam,Organic Soil Conditioner (High Carbon),50.8,14,73.3
Kangkong,Sandy Loam,High Nitrogen & Fiber (N-Rich),23.9,7,91.2
Pechay,Sandy Loam,High Phosphorus & Nitrogen (P-N Rich),43.4,7,69.0
Talong (Eggplant),Volcanic / Silt Loam,Balanced Organic (High C / Moderate K),24.5,14,98.3
Sili (Chili Pepper),Volcanic / Silt Loam,High Phosphorus & Nitrogen (P-N Rich),22.7,10,73.8
Pechay,Clay Loam,Balanced Organic (High C / Moderate K),29.5,7,92.3
Talong (Eggplant),Sandy Loam,High Phosphorus & Nitrogen (P-N Rich),30.8,14,91.7
Pechay,Volcanic / Silt Loam,Organic Soil Conditioner (High Carbon),34.0,7,70.4
Sili (Chili Pepper),Volcanic / Silt Loam,High Nitrogen & Fiber (N-Rich),22.5,10,76.5
Sili (Chili Pepper),Volcanic / Silt Loam,Organic Soil Conditioner (High Carbon),20.7,10,66.1
Kangkong,Volcanic / Silt Loam,High Phosphorus & Nitrogen (P-N Rich),35.5,7,68.3
Kamatis (Tomato),Volcanic / Silt Loam,High Nitrogen & Fiber (N-Rich),39.9,14,71.4
Pechay,Sandy Loam,Balanced Organic (High C / Moderate K),43.3,7,95.3
Pechay,Sandy Loam,High Phosphorus & Nitrogen (P-N Rich),43.5,7,66.0
Talong (Eggplant),Sandy Loam,High Nitrogen & Fiber (N-Rich),49.7,14,70.2
Sili (Chili Pepper),Sandy Loam,Balanced Organic (High C / Moderate K),27.2,10,96.4
Pechay,Clay Loam,Balanced Organic (High C / Moderate K),28.1,7,88.2
Sili (Chili Pepper),Sandy Loam,Organic Soil Conditioner (High Carbon),28.3,10,73.6
Pechay,Volcanic / Silt Loam,High Phosphorus & Nitrogen (P-N Rich),34.1,7,74.6
Kangkong,Sandy Loam,Balanced Organic (High C / Moderate K),42.9,7,96.1
Kamatis (Tomato),Clay Loam,High Nitrogen & Fiber (N-Rich),33.8,14,79.8
Pechay,Volcanic / Silt Loam,Balanced Organic (High C / Moderate K),35.6,7,94.1
Sili (Chili Pepper),Sandy Loam,Balanced Organic (High C / Moderate K),27.7,10,92.0
Kangkong,Sandy Loam,Organic Soil Conditioner (High Carbon),43.0,7,73.9
Pechay,Sandy Loam,Organic Soil Conditioner (High Carbon),44.9,7,68.5
Talong (Eggplant),Volcanic / Silt Loam,High Nitrogen & Fiber (N-Rich),39.8,14,75.0
Kamatis (Tomato),Volcanic / Silt Loam,Organic Soil Conditioner (High Carbon),41.5,14,66.6
Pechay,Clay Loam,Balanced Organic (High C / Moderate K),30.1,7,96.7
Kangkong,Volcanic / Silt Loam,Balanced Organic (High C / Moderate K),35.4,7,94.9
Talong (Eggplant),Volcanic / Silt Loam,Organic Soil Conditioner (High Carbon),39.4,14,76.5
Kangkong,Sandy Loam,Balanced Organic (High C / Moderate K),42.4,7,88.3
Kangkong,Volcanic / Silt Loam,Balanced Organic (High C / Moderate K),34.3,7,95.4
Talong (Eggplant),Sandy Loam,High Nitrogen & Fiber (N-Rich),50.6,14,68.7
Kangkong,Sandy Loam,Organic Soil Conditioner (High Carbon),43.9,7,78.6
Talong (Eggplant),Volcanic / Silt Loam,Balanced Organic (High C / Moderate K),24.0,14,98.1
Pechay,Clay Loam,Organic Soil Conditioner (High Carbon),31.2,7,79.6
Talong (Eggplant),Clay Loam,High Nitrogen & Fiber (N-Rich),34.0,14,69.3
Talong (Eggplant),Volcanic / Silt Loam,Organic Soil Conditioner (High Carbon),40.2,14,78.5
Kamatis (Tomato),Clay Loam,Balanced Organic (High C / Moderate K),21.7,14,88.9
Talong (Eggplant),Sandy Loam,Organic Soil Conditioner (High Carbon),49.4,14,65.4
Talong (Eggplant),Sandy Loam,Balanced Organic (High C / Moderate K),32.3,14,97.0
Pechay,Volcanic / Silt Loam,Balanced Organic (High C / Moderate K),33.7,7,95.7
Kamatis (Tomato),Clay Loam,Balanced Organic (High C / Moderate K),21.7,14,91.8
Sili (Chili Pepper),Clay Loam,High Nitrogen & Fiber (N-Rich),20.7,10,77.6
Pechay,Sandy Loam,Organic Soil Conditioner (High Carbon),42.3,7,73.7
Pechay,Volcanic / Silt Loam,High Nitrogen & Fiber (N-Rich),18.9,7,88.3
Sili (Chili Pepper),Clay Loam,Organic Soil Conditioner (High Carbon),19.4,10,70.7
Talong (Eggplant),Volcanic / Silt Loam,High Nitrogen & Fiber (N-Rich),38.6,14,79.4
Kangkong,Clay Loam,High Phosphorus & Nitrogen (P-N Rich),30.2,7,72.5
Kamatis (Tomato),Sandy Loam,Balanced Organic (High C / Moderate K),31.3,14,95.6
Kangkong,Sandy Loam,Balanced Organic (High C / Moderate K),44.2,7,88.8
Sili (Chili Pepper),Volcanic / Silt Loam,High Nitrogen & Fiber (N-Rich),21.5,10,79.3
Pechay,Sandy Loam,High Phosphorus & Nitrogen (P-N Rich),43.6,7,75.5
Pechay,Clay Loam,Balanced Organic (High C / Moderate K),29.8,7,97.1
Kamatis (Tomato),Sandy Loam,Organic Soil Conditioner (High Carbon),50.7,14,78.4
Pechay,Volcanic / Silt Loam,High Nitrogen & Fiber (N-Rich),19.2,7,90.4
Pechay,Volcanic / Silt Loam,Balanced Organic (High C / Moderate K),34.6,7,88.4
Kamatis (Tomato),Volcanic / Silt Loam,Balanced Organic (High C / Moderate K),24.6,14,91.7
Kamatis (Tomato),Clay Loam,High Nitrogen & Fiber (N-Rich),31.4,14,72.1
Sili (Chili Pepper),Clay Loam,High Nitrogen & Fiber (N-Rich),19.7,10,69.6
Pechay,Clay Loam,Organic Soil Conditioner (High Carbon),28.5,7,65.5
Pechay,Clay Loam,Organic Soil Conditioner (High Carbon),31.0,7,70.1
Sili (Chili Pepper),Clay Loam,Balanced Organic (High C / Moderate K),19.2,10,97.5
Talong (Eggplant),Sandy Loam,Balanced Organic (High C / Moderate K),31.6,14,93.4
Talong (Eggplant),Clay Loam,High Nitrogen & Fiber (N-Rich),33.2,14,67.2
Talong (Eggplant),Clay Loam,Balanced Organic (High C / Moderate K),21.8,14,92.9
Sili (Chili Pepper),Sandy Loam,Balanced Organic (High C / Moderate K),27.4,10,88.7
Pechay,Clay Loam,High Nitrogen & Fiber (N-Rich),17.1,7,97.9
Sili (Chili Pepper),Volcanic / Silt Loam,Balanced Organic (High C / Moderate K),23.3,10,97.5
Sili (Chili Pepper),Clay Loam,Balanced Organic (High C / Moderate K),18.5,10,94.8
Talong (Eggplant),Clay Loam,High Phosphorus & Nitrogen (P-N Rich),22.4,14,96.8
Kangkong,Volcanic / Silt Loam,Organic Soil Conditioner (High Carbon),34.7,7,72.9
Pechay,Volcanic / Silt Loam,High Nitrogen & Fiber (N-Rich),17.6,7,98.4
Talong (Eggplant),Volcanic / Silt Loam,High Phosphorus & Nitrogen (P-N Rich),24.1,14,96.6
Kangkong,Volcanic / Silt Loam,Organic Soil Conditioner (High Carbon),34.0,7,79.0
Kangkong,Clay Loam,Organic Soil Conditioner (High Carbon),29.9,7,73.0
Kamatis (Tomato),Volcanic / Silt Loam,Organic Soil Conditioner (High Carbon),40.6,14,81.5
Pechay,Volcanic / Silt Loam,High Phosphorus & Nitrogen (P-N Rich),35.5,7,65.6
Kangkong,Sandy Loam,High Phosphorus & Nitrogen (P-N Rich),44.6,7,73.0
Talong (Eggplant),Volcanic / Silt Loam,Organic Soil Conditioner (High Carbon),40.4,14,65.8
Kamatis (Tomato),Volcanic / Silt Loam,Balanced Organic (High C / Moderate K),23.9,14,97.4
Pechay,Sandy Loam,Balanced Organic (High C / Moderate K),43.9,7,91.5
Sili (Chili Pepper),Sandy Loam,High Phosphorus & Nitrogen (P-N Rich),27.0,10,69.8
Talong (Eggplant),Clay Loam,High Phosphorus & Nitrogen (P-N Rich),21.3,14,89.7
Kangkong,Sandy Loam,High Phosphorus & Nitrogen (P-N Rich),43.5,7,78.8
Kangkong,Clay Loam,Organic Soil Conditioner (High Carbon),29.3,7,72.7
Talong (Eggplant),Sandy Loam,Balanced Organic (High C / Moderate K),31.0,14,93.7
Kangkong,Sandy Loam,High Phosphorus & Nitrogen (P-N Rich),45.0,7,78.4
Kamatis (Tomato),Clay Loam,High Phosphorus & Nitrogen (P-N Rich),19.6,14,94.8
Pechay,Sandy Loam,High Nitrogen & Fiber (N-Rich),24.0,7,96.2
Kamatis (Tomato),Clay Loam,Organic Soil Conditioner (High Carbon),33.1,14,74.9
Kangkong,Sandy Loam,High Nitrogen & Fiber (N-Rich),24.7,7,90.5
Sili (Chili Pepper),Volcanic / Silt Loam,Balanced Organic (High C / Moderate K),22.4,10,94.3
Pechay,Sandy Loam,High Nitrogen & Fiber (N-Rich),22.9,7,89.9
Pechay,Clay Loam,High Nitrogen & Fiber (N-Rich),16.6,7,95.3
Talong (Eggplant),Sandy Loam,High Nitrogen & Fiber (N-Rich),50.5,14,73.4
Talong (Eggplant),Clay Loam,Organic Soil Conditioner (High Carbon),34.8,14,81.6
Sili (Chili Pepper),Clay Loam,Balanced Organic (High C / Moderate K),17.3,10,89.0
Pechay,Volcanic / Silt Loam,High Nitrogen & Fiber (N-Rich),20.7,7,94.7
Sili (Chili Pepper),Volcanic / Silt Loam,Organic Soil Conditioner (High Carbon),22.5,10,77.0
Talong (Eggplant),Clay Loam,Balanced Organic (High C / Moderate K),22.2,14,94.5
Talong (Eggplant),Sandy Loam,High Phosphorus & Nitrogen (P-N Rich),31.1,14,98.5
Pechay,Clay Loam,High Nitrogen & Fiber (N-Rich),17.1,7,93.5
Kamatis (Tomato),Clay Loam,Balanced Organic (High C / Moderate K),21.8,14,93.9
Kangkong,Sandy Loam,High Nitrogen & Fiber (N-Rich),25.0,7,93.0
Talong (Eggplant),Sandy Loam,High Phosphorus & Nitrogen (P-N Rich),30.0,14,92.2
Talong (Eggplant),Sandy Loam,Balanced Organic (High C / Moderate K),30.4,14,92.9
Kamatis (Tomato),Sandy Loam,Organic Soil Conditioner (High Carbon),49.9,14,65.8
Kamatis (Tomato),Clay Loam,Balanced Organic (High C / Moderate K),22.5,14,96.5
Sili (Chili Pepper),Clay Loam,Organic Soil Conditioner (High Carbon),19.0,10,67.5
Sili (Chili Pepper),Volcanic / Silt Loam,Balanced Organic (High C / Moderate K),21.3,10,94.3
Kangkong,Clay Loam,Organic Soil Conditioner (High Carbon),29.2,7,65.2
Kangkong,Sandy Loam,High Phosphorus & Nitrogen (P-N Rich),43.2,7,67.2
Pechay,Volcanic / Silt Loam,High Phosphorus & Nitrogen (P-N Rich),34.7,7,81.8
Sili (Chili Pepper),Sandy Loam,High Phosphorus & Nitrogen (P-N Rich),27.3,10,70.2
Talong (Eggplant),Clay Loam,Balanced Organic (High C / Moderate K),21.0,14,94.5
Sili (Chili Pepper),Volcanic / Silt Loam,High Phosphorus & Nitrogen (P-N Rich),21.7,10,66.1
Talong (Eggplant),Sandy Loam,High Nitrogen & Fiber (N-Rich),48.7,14,65.4
Kamatis (Tomato),Volcanic / Silt Loam,High Phosphorus & Nitrogen (P-N Rich),23.7,14,95.0
Sili (Chili Pepper),Volcanic / Silt Loam,Organic Soil Conditioner (High Carbon),21.5,10,68.5
Kamatis (Tomato),Clay Loam,Organic Soil Conditioner (High Carbon),33.0,14,76.1
Kangkong,Sandy Loam,Organic Soil Conditioner (High Carbon),43.5,7,76.7
Kangkong,Volcanic / Silt Loam,Balanced Organic (High C / Moderate K),35.5,7,94.2
Pechay,Volcanic / Silt Loam,High Nitrogen & Fiber (N-Rich),20.9,7,89.3
Sili (Chili Pepper),Sandy Loam,High Phosphorus & Nitrogen (P-N Rich),28.0,10,76.8
Kamatis (Tomato),Volcanic / Silt Loam,High Nitrogen & Fiber (N-Rich),39.9,14,67.4
Talong (Eggplant),Volcanic / Silt Loam,High Nitrogen & Fiber (N-Rich),40.4,14,75.9
Kangkong,Volcanic / Silt Loam,Organic Soil Conditioner (High Carbon),34.9,7,70.6
Kangkong,Sandy Loam,Organic Soil Conditioner (High Carbon),43.5,7,81.4
Talong (Eggplant),Sandy Loam,Organic Soil Conditioner (High Carbon),50.4,14,78.7
Kamatis (Tomato),Sandy Loam,Balanced Organic (High C / Moderate K),30.9,14,99.0
Kamatis (Tomato),Sandy Loam,High Nitrogen & Fiber (N-Rich),48.7,14,73.8
Sili (Chili Pepper),Clay Loam,High Nitrogen & Fiber (N-Rich),18.3,10,70.0
Sili (Chili Pepper),Volcanic / Silt Loam,Balanced Organic (High C / Moderate K),20.6,10,89.9
Pechay,Sandy Loam,Balanced Organic (High C / Moderate K),43.4,7,97.6
Kangkong,Volcanic / Silt Loam,Balanced Organic (High C / Moderate K),35.2,7,95.2
Sili (Chili Pepper),Volcanic / Silt Loam,High Nitrogen & Fiber (N-Rich),22.1,10,76.1
Kamatis (Tomato),Clay Loam,High Nitrogen & Fiber (N-Rich),33.9,14,80.8
Talong (Eggplant),Sandy Loam,Organic Soil Conditioner (High Carbon),49.8,14,77.2
Kamatis (Tomato),Sandy Loam,Organic Soil Conditioner (High Carbon),50.1,14,73.7
Kangkong,Volcanic / Silt Loam,High Nitrogen & Fiber (N-Rich),20.4,7,90.5
Kamatis (Tomato),Sandy Loam,Organic Soil Conditioner (High Carbon),49.6,14,67.3
Pechay,Volcanic / Silt Loam,Balanced Organic (High C / Moderate K),34.0,7,93.2
Kangkong,Volcanic / Silt Loam,High Phosphorus & Nitrogen (P-N Rich),35.2,7,70.4
Talong (Eggplant),Clay Loam,Organic Soil Conditioner (High Carbon),33.1,14,72.2
Pechay,Clay Loam,High Nitrogen & Fiber (N-Rich),16.2,7,98.7
Kangkong,Clay Loam,Organic Soil Conditioner (High Carbon),30.4,7,67.6
Talong (Eggplant),Volcanic / Silt Loam,Organic Soil Conditioner (High Carbon),40.1,14,69.9
Pechay,Sandy Loam,Organic Soil Conditioner (High Carbon),44.8,7,68.2
Pechay,Clay Loam,High Phosphorus & Nitrogen (P-N Rich),30.5,7,76.7
Kangkong,Sandy Loam,Balanced Organic (High C / Moderate K),43.7,7,91.5
Sili (Chili Pepper),Clay Loam,High Nitrogen & Fiber (N-Rich),19.3,10,79.4
Pechay,Clay Loam,High Phosphorus & Nitrogen (P-N Rich),28.8,7,72.7
Pechay,Volcanic / Silt Loam,High Nitrogen & Fiber (N-Rich),19.8,7,92.7
Talong (Eggplant),Clay Loam,High Nitrogen & Fiber (N-Rich),34.0,14,74.1
Kamatis (Tomato),Clay Loam,High Nitrogen & Fiber (N-Rich),33.7,14,78.3
Kangkong,Volcanic / Silt Loam,High Phosphorus & Nitrogen (P-N Rich),35.6,7,76.6
Kangkong,Sandy Loam,Balanced Organic (High C / Moderate K),43.9,7,88.2
Sili (Chili Pepper),Clay Loam,High Nitrogen & Fiber (N-Rich),18.9,10,74.5
Sili (Chili Pepper),Volcanic / Silt Loam,Balanced Organic (High C / Moderate K),23.2,10,91.6
Kangkong,Clay Loam,Balanced Organic (High C / Moderate K),29.7,7,89.5
Sili (Chili Pepper),Volcanic / Silt Loam,Organic Soil Conditioner (High Carbon),22.8,10,79.9
Talong (Eggplant),Sandy Loam,High Phosphorus & Nitrogen (P-N Rich),32.1,14,94.4
Kangkong,Sandy Loam,High Phosphorus & Nitrogen (P-N Rich),44.2,7,76.2
Sili (Chili Pepper),Volcanic / Silt Loam,Organic Soil Conditioner (High Carbon),23.1,10,71.8
Kangkong,Volcanic / Silt Loam,Organic Soil Conditioner (High Carbon),35.1,7,71.4
Kamatis (Tomato),Volcanic / Silt Loam,Balanced Organic (High C / Moderate K),25.2,14,92.3
Pechay,Sandy Loam,High Nitrogen & Fiber (N-Rich),24.4,7,92.5
Kangkong,Clay Loam,High Phosphorus & Nitrogen (P-N Rich),29.4,7,71.9
Pechay,Sandy Loam,High Nitrogen & Fiber (N-Rich),25.2,7,94.5
Sili (Chili Pepper),Volcanic / Silt Loam,High Nitrogen & Fiber (N-Rich),21.7,10,78.1
Pechay,Volcanic / Silt Loam,Organic Soil Conditioner (High Carbon),35.3,7,80.3
Kangkong,Sandy Loam,High Nitrogen & Fiber (N-Rich),25.0,7,95.2
Kamatis (Tomato),Volcanic / Silt Loam,Balanced Organic (High C / Moderate K),25.8,14,94.0
Sili (Chili Pepper),Sandy Loam,Organic Soil Conditioner (High Carbon),27.4,10,80.6
Kangkong,Volcanic / Silt Loam,High Nitrogen & Fiber (N-Rich),20.7,7,91.0
Sili (Chili Pepper),Clay Loam,Organic Soil Conditioner (High Carbon),17.5,10,71.7
Talong (Eggplant),Clay Loam,Balanced Organic (High C / Moderate K),20.6,14,91.0
Pechay,Volcanic / Silt Loam,Balanced Organic (High C / Moderate K),35.2,7,97.5
Talong (Eggplant),Sandy Loam,High Nitrogen & Fiber (N-Rich),49.6,14,67.9
Kangkong,Clay Loam,Organic Soil Conditioner (High Carbon),29.7,7,70.9
Kamatis (Tomato),Sandy Loam,High Nitrogen & Fiber (N-Rich),49.9,14,78.1
Sili (Chili Pepper),Volcanic / Silt Loam,High Nitrogen & Fiber (N-Rich),21.8,10,80.0
Pechay,Sandy Loam,Organic Soil Conditioner (High Carbon),42.5,7,73.0
Sili (Chili Pepper),Clay Loam,High Nitrogen & Fiber (N-Rich),18.8,10,79.9
Kangkong,Sandy Loam,Balanced Organic (High C / Moderate K),45.0,7,95.4
Sili (Chili Pepper),Sandy Loam,Organic Soil Conditioner (High Carbon),27.5,10,79.4
Pechay,Volcanic / Silt Loam,Organic Soil Conditioner (High Carbon),35.0,7,80.4
Kangkong,Volcanic / Silt Loam,Organic Soil Conditioner (High Carbon),36.4,7,77.6
Sili (Chili Pepper),Volcanic / Silt Loam,Organic Soil Conditioner (High Carbon),24.0,10,70.9
Kamatis (Tomato),Clay Loam,High Nitrogen & Fiber (N-Rich),33.2,14,73.8
Kangkong,Clay Loam,High Nitrogen & Fiber (N-Rich),18.4,7,95.9
Kangkong,Volcanic / Silt Loam,Balanced Organic (High C / Moderate K),34.9,7,97.5
Kamatis (Tomato),Volcanic / Silt Loam,High Phosphorus & Nitrogen (P-N Rich),24.0,14,92.5
Talong (Eggplant),Clay Loam,High Phosphorus & Nitrogen (P-N Rich),21.8,14,95.6
Pechay,Clay Loam,Balanced Organic (High C / Moderate K),28.7,7,97.7
Talong (Eggplant),Clay Loam,High Phosphorus & Nitrogen (P-N Rich),21.1,14,92.6
Sili (Chili Pepper),Clay Loam,Balanced Organic (High C / Moderate K),18.4,10,98.5
Kamatis (Tomato),Volcanic / Silt Loam,High Nitrogen & Fiber (N-Rich),40.0,14,81.3
Talong (Eggplant),Clay Loam,Organic Soil Conditioner (High Carbon),32.9,14,79.4
Kangkong,Volcanic / Silt Loam,Organic Soil Conditioner (High Carbon),33.8,7,65.3
Sili (Chili Pepper),Sandy Loam,High Nitrogen & Fiber (N-Rich),28.1,10,79.7
Sili (Chili Pepper),Sandy Loam,Organic Soil Conditioner (High Carbon),28.4,10,69.8
Talong (Eggplant),Clay Loam,Organic Soil Conditioner (High Carbon),35.0,14,68.8
Talong (Eggplant),Sandy Loam,High Phosphorus & Nitrogen (P-N Rich),30.0,14,88.4
Kamatis (Tomato),Sandy Loam,High Nitrogen & Fiber (N-Rich),49.4,14,78.8
Pechay,Sandy Loam,High Phosphorus & Nitrogen (P-N Rich),45.5,7,78.6
Talong (Eggplant),Clay Loam,High Phosphorus & Nitrogen (P-N Rich),20.5,14,94.6
Talong (Eggplant),Clay Loam,Organic Soil Conditioner (High Carbon),32.7,14,79.1
Kangkong,Sandy Loam,Organic Soil Conditioner (High Carbon),43.3,7,69.5
Sili (Chili Pepper),Volcanic / Silt Loam,High Nitrogen & Fiber (N-Rich),20.3,10,74.1
Pechay,Sandy Loam,Organic Soil Conditioner (High Carbon),42.3,7,66.5
Kangkong,Clay Loam,Organic Soil Conditioner (High Carbon),29.3,7,77.2
Kamatis (Tomato),Clay Loam,High Nitrogen & Fiber (N-Rich),33.5,14,72.0
Kamatis (Tomato),Clay Loam,Organic Soil Conditioner (High Carbon),32.5,14,68.9
Talong (Eggplant),Sandy Loam,High Phosphorus & Nitrogen (P-N Rich),32.2,14,92.9
Talong (Eggplant),Volcanic / Silt Loam,High Nitrogen & Fiber (N-Rich),39.6,14,74.1
Kamatis (Tomato),Clay Loam,Organic Soil Conditioner (High Carbon),33.7,14,80.0
Talong (Eggplant),Clay Loam,Balanced Organic (High C / Moderate K),20.9,14,92.8
Pechay,Sandy Loam,High Nitrogen & Fiber (N-Rich),24.9,7,93.5
Talong (Eggplant),Volcanic / Silt Loam,High Nitrogen & Fiber (N-Rich),41.4,14,74.4
Sili (Chili Pepper),Sandy Loam,Balanced Organic (High C / Moderate K),27.9,10,90.0
Talong (Eggplant),Clay Loam,Organic Soil Conditioner (High Carbon),34.0,14,69.3
Kangkong,Volcanic / Silt Loam,Organic Soil Conditioner (High Carbon),34.1,7,68.6
Pechay,Volcanic / Silt Loam,High Nitrogen & Fiber (N-Rich),19.3,7,88.7
Kangkong,Clay Loam,High Nitrogen & Fiber (N-Rich),16.7,7,95.8
Kangkong,Volcanic / Silt Loam,Organic Soil Conditioner (High Carbon),34.6,7,74.1
Sili (Chili Pepper),Volcanic / Silt Loam,Organic Soil Conditioner (High Carbon),22.4,10,75.3
Pechay,Sandy Loam,High Phosphorus & Nitrogen (P-N Rich),42.4,7,70.7
Pechay,Clay Loam,High Nitrogen & Fiber (N-Rich),17.6,7,89.0
Pechay,Clay Loam,High Nitrogen & Fiber (N-Rich),16.8,7,90.5
Pechay,Clay Loam,Balanced Organic (High C / Moderate K),28.7,7,95.2
Pechay,Clay Loam,High Phosphorus & Nitrogen (P-N Rich),29.8,7,69.5
Sili (Chili Pepper),Clay Loam,Organic Soil Conditioner (High Carbon),18.5,10,75.3
Talong (Eggplant),Volcanic / Silt Loam,High Phosphorus & Nitrogen (P-N Rich),24.4,14,98.6
Kangkong,Sandy Loam,Organic Soil Conditioner (High Carbon),45.7,7,74.7
Pechay,Clay Loam,Organic Soil Conditioner (High Carbon),29.3,7,80.8
Talong (Eggplant),Sandy Loam,High Phosphorus & Nitrogen (P-N Rich),32.0,14,90.6
Talong (Eggplant),Sandy Loam,High Nitrogen & Fiber (N-Rich),51.4,14,69.5
Kangkong,Volcanic / Silt Loam,Organic Soil Conditioner (High Carbon),35.0,7,73.6
Sili (Chili Pepper),Clay Loam,High Phosphorus & Nitrogen (P-N Rich),19.4,10,66.2
Kamatis (Tomato),Volcanic / Silt Loam,Balanced Organic (High C / Moderate K),25.5,14,91.2
Kamatis (Tomato),Clay Loam,High Phosphorus & Nitrogen (P-N Rich),22.0,14,95.3
Talong (Eggplant),Volcanic / Silt Loam,Balanced Organic (High C / Moderate K),24.9,14,97.3
Kangkong,Sandy Loam,Organic Soil Conditioner (High Carbon),44.3,7,73.9
Kamatis (Tomato),Clay Loam,High Phosphorus & Nitrogen (P-N Rich),21.5,14,93.5
Talong (Eggplant),Sandy Loam,High Phosphorus & Nitrogen (P-N Rich),30.6,14,91.4
Sili (Chili Pepper),Sandy Loam,Balanced Organic (High C / Moderate K),28.1,10,92.3
Kamatis (Tomato),Volcanic / Silt Loam,High Phosphorus & Nitrogen (P-N Rich),24.5,14,97.5
Talong (Eggplant),Clay Loam,High Phosphorus & Nitrogen (P-N Rich),22.5,14,90.4
Talong (Eggplant),Sandy Loam,Organic Soil Conditioner (High Carbon),49.3,14,71.1
Pechay,Volcanic / Silt Loam,High Phosphorus & Nitrogen (P-N Rich),34.6,7,77.6
Sili (Chili Pepper),Clay Loam,High Nitrogen & Fiber (N-Rich),16.9,10,69.3
Pechay,Clay Loam,Balanced Organic (High C / Moderate K),29.0,7,98.8
Kangkong,Sandy Loam,High Phosphorus & Nitrogen (P-N Rich),45.1,7,71.6
Pechay,Clay Loam,Balanced Organic (High C / Moderate K),31.0,7,92.6
Pechay,Sandy Loam,Balanced Organic (High C / Moderate K),43.8,7,92.8
Kamatis (Tomato),Clay Loam,Balanced Organic (High C / Moderate K),20.7,14,93.6
Talong (Eggplant),Volcanic / Silt Loam,High Phosphorus & Nitrogen (P-N Rich),25.2,14,89.6
Sili (Chili Pepper),Sandy Loam,High Phosphorus & Nitrogen (P-N Rich),26.8,10,68.3
Pechay,Sandy Loam,Balanced Organic (High C / Moderate K),43.4,7,90.8
Sili (Chili Pepper),Clay Loam,High Nitrogen & Fiber (N-Rich),19.1,10,70.6
Pechay,Clay Loam,Balanced Organic (High C / Moderate K),29.4,7,90.3
Kangkong,Sandy Loam,High Nitrogen & Fiber (N-Rich),25.0,7,95.4
Pechay,Clay Loam,Balanced Organic (High C / Moderate K),30.2,7,93.8
Kamatis (Tomato),Volcanic / Silt Loam,Organic Soil Conditioner (High Carbon),40.5,14,67.2
Talong (Eggplant),Clay Loam,Balanced Organic (High C / Moderate K),20.8,14,92.4
Kangkong,Volcanic / Silt Loam,Balanced Organic (High C / Moderate K),34.4,7,90.9
Pechay,Volcanic / Silt Loam,High Phosphorus & Nitrogen (P-N Rich),35.5,7,74.5
Sili (Chili Pepper),Volcanic / Silt Loam,High Nitrogen & Fiber (N-Rich),21.9,10,67.1
Kangkong,Volcanic / Silt Loam,Organic Soil Conditioner (High Carbon),35.6,7,81.6
Kangkong,Volcanic / Silt Loam,High Nitrogen & Fiber (N-Rich),19.4,7,91.7
Pechay,Clay Loam,Organic Soil Conditioner (High Carbon),29.4,7,67.4
Kangkong,Volcanic / Silt Loam,Balanced Organic (High C / Moderate K),35.6,7,95.2
Sili (Chili Pepper),Clay Loam,High Phosphorus & Nitrogen (P-N Rich),18.3,10,74.6
Kangkong,Volcanic / Silt Loam,High Phosphorus & Nitrogen (P-N Rich),32.3,7,77.4
Sili (Chili Pepper),Sandy Loam,High Nitrogen & Fiber (N-Rich),28.1,10,66.5
Pechay,Volcanic / Silt Loam,High Phosphorus & Nitrogen (P-N Rich),35.2,7,66.0
Talong (Eggplant),Sandy Loam,High Nitrogen & Fiber (N-Rich),49.6,14,67.4
Kangkong,Volcanic / Silt Loam,High Nitrogen & Fiber (N-Rich),21.4,7,92.4
Talong (Eggplant),Volcanic / Silt Loam,Organic Soil Conditioner (High Carbon),39.1,14,67.3
Sili (Chili Pepper),Volcanic / Silt Loam,High Nitrogen & Fiber (N-Rich),22.0,10,73.1
Kangkong,Sandy Loam,Organic Soil Conditioner (High Carbon),43.6,7,78.0
Kamatis (Tomato),Sandy Loam,High Phosphorus & Nitrogen (P-N Rich),29.9,14,98.9
Talong (Eggplant),Volcanic / Silt Loam,High Nitrogen & Fiber (N-Rich),39.8,14,76.7
Kangkong,Clay Loam,High Nitrogen & Fiber (N-Rich),17.9,7,96.4
Talong (Eggplant),Volcanic / Silt Loam,Balanced Organic (High C / Moderate K),24.8,14,88.4
Kangkong,Sandy Loam,High Nitrogen & Fiber (N-Rich),24.7,7,92.4
Pechay,Volcanic / Silt Loam,High Nitrogen & Fiber (N-Rich),21.0,7,97.3
Talong (Eggplant),Sandy Loam,Balanced Organic (High C / Moderate K),30.2,14,95.8
Kamatis (Tomato),Sandy Loam,Balanced Organic (High C / Moderate K),32.1,14,94.4
Kamatis (Tomato),Sandy Loam,High Phosphorus & Nitrogen (P-N Rich),29.8,14,91.8
Sili (Chili Pepper),Volcanic / Silt Loam,High Nitrogen & Fiber (N-Rich),22.8,10,66.4
Kangkong,Sandy Loam,High Phosphorus & Nitrogen (P-N Rich),42.7,7,70.6
Talong (Eggplant),Sandy Loam,High Phosphorus & Nitrogen (P-N Rich),30.6,14,92.3
Sili (Chili Pepper),Volcanic / Silt Loam,Balanced Organic (High C / Moderate K),21.0,10,92.5
Talong (Eggplant),Sandy Loam,Organic Soil Conditioner (High Carbon),50.6,14,77.2
Kangkong,Volcanic / Silt Loam,High Phosphorus & Nitrogen (P-N Rich),35.0,7,65.7
Kamatis (Tomato),Sandy Loam,Organic Soil Conditioner (High Carbon),50.6,14,73.6
Pechay,Clay Loam,High Nitrogen & Fiber (N-Rich),17.1,7,88.5
Kamatis (Tomato),Clay Loam,Balanced Organic (High C / Moderate K),20.9,14,94.3
Sili (Chili Pepper),Sandy Loam,High Nitrogen & Fiber (N-Rich),28.0,10,79.9
Pechay,Clay Loam,High Nitrogen & Fiber (N-Rich),17.2,7,88.2
Sili (Chili Pepper),Volcanic / Silt Loam,Balanced Organic (High C / Moderate K),22.1,10,95.2
Kangkong,Clay Loam,High Nitrogen & Fiber (N-Rich),16.6,7,92.8
Pechay,Sandy Loam,Balanced Organic (High C / Moderate K),43.7,7,95.6
Sili (Chili Pepper),Sandy Loam,Organic Soil Conditioner (High Carbon),27.3,10,73.2
Kangkong,Volcanic / Silt Loam,High Nitrogen & Fiber (N-Rich),19.7,7,88.7
Kamatis (Tomato),Sandy Loam,Balanced Organic (High C / Moderate K),31.3,14,94.3
Kangkong,Volcanic / Silt Loam,High Phosphorus & Nitrogen (P-N Rich),36.9,7,78.9
Talong (Eggplant),Clay Loam,High Nitrogen & Fiber (N-Rich),33.4,14,79.6
Kangkong,Clay Loam,Organic Soil Conditioner (High Carbon),31.1,7,74.6
Kangkong,Volcanic / Silt Loam,Balanced Organic (High C / Moderate K),35.5,7,95.1
Talong (Eggplant),Volcanic / Silt Loam,High Nitrogen & Fiber (N-Rich),39.8,14,67.3
Sili (Chili Pepper),Sandy Loam,High Nitrogen & Fiber (N-Rich),26.6,10,76.4
Sili (Chili Pepper),Clay Loam,High Nitrogen & Fiber (N-Rich),17.5,10,68.6
Kangkong,Volcanic / Silt Loam,Organic Soil Conditioner (High Carbon),34.6,7,74.9
Talong (Eggplant),Clay Loam,Balanced Organic (High C / Moderate K),21.2,14,91.5
Talong (Eggplant),Volcanic / Silt Loam,High Phosphorus & Nitrogen (P-N Rich),25.9,14,96.9
Kamatis (Tomato),Clay Loam,High Phosphorus & Nitrogen (P-N Rich),22.0,14,95.7
Sili (Chili Pepper),Sandy Loam,High Phosphorus & Nitrogen (P-N Rich),27.3,10,70.3
Pechay,Clay Loam,Balanced Organic (High C / Moderate K),29.4,7,97.1
Sili (Chili Pepper),Clay Loam,High Phosphorus & Nitrogen (P-N Rich),18.5,10,81.7
Sili (Chili Pepper),Clay Loam,Organic Soil Conditioner (High Carbon),18.7,10,67.4
Kamatis (Tomato),Clay Loam,Balanced Organic (High C / Moderate K),20.6,14,91.5
Pechay,Clay Loam,High Nitrogen & Fiber (N-Rich),17.1,7,98.4
Kamatis (Tomato),Sandy Loam,Organic Soil Conditioner (High Carbon),50.0,14,71.2
Pechay,Volcanic / Silt Loam,High Nitrogen & Fiber (N-Rich),20.1,7,96.3
Kangkong,Clay Loam,High Phosphorus & Nitrogen (P-N Rich),30.9,7,75.3
Pechay,Sandy Loam,Organic Soil Conditioner (High Carbon),44.8,7,75.7
Kamatis (Tomato),Clay Loam,Balanced Organic (High C / Moderate K),21.6,14,94.1
Sili (Chili Pepper),Clay Loam,Organic Soil Conditioner (High Carbon),19.0,10,68.7
Pechay,Volcanic / Silt Loam,High Nitrogen & Fiber (N-Rich),21.8,7,88.9
Pechay,Clay Loam,Balanced Organic (High C / Moderate K),27.6,7,97.1
Talong (Eggplant),Sandy Loam,Organic Soil Conditioner (High Carbon),50.8,14,72.5
Sili (Chili Pepper),Sandy Loam,Organic Soil Conditioner (High Carbon),29.6,10,65.6
Kangkong,Volcanic / Silt Loam,Organic Soil Conditioner (High Carbon),34.7,7,75.5
Kamatis (Tomato),Clay Loam,Organic Soil Conditioner (High Carbon),34.3,14,75.1
Kangkong,Sandy Loam,Balanced Organic (High C / Moderate K),43.7,7,94.5
Sili (Chili Pepper),Clay Loam,High Nitrogen & Fiber (N-Rich),18.9,10,68.9
Pechay,Clay Loam,Organic Soil Conditioner (High Carbon),30.6,7,67.9
Pechay,Clay Loam,Balanced Organic (High C / Moderate K),31.0,7,95.1
Sili (Chili Pepper),Volcanic / Silt Loam,High Nitrogen & Fiber (N-Rich),21.8,10,66.5
Pechay,Clay Loam,Organic Soil Conditioner (High Carbon),30.4,7,70.3
Pechay,Sandy Loam,High Nitrogen & Fiber (N-Rich),25.8,7,93.1
Pechay,Clay Loam,High Nitrogen & Fiber (N-Rich),16.8,7,98.2
Kamatis (Tomato),Sandy Loam,Balanced Organic (High C / Moderate K),31.5,14,91.3
Kamatis (Tomato),Clay Loam,High Nitrogen & Fiber (N-Rich),34.4,14,80.8
Talong (Eggplant),Sandy Loam,Balanced Organic (High C / Moderate K),29.9,14,90.7
Kangkong,Sandy Loam,Organic Soil Conditioner (High Carbon),44.2,7,79.0
Sili (Chili Pepper),Clay Loam,High Nitrogen & Fiber (N-Rich),17.2,10,65.1
Sili (Chili Pepper),Clay Loam,High Nitrogen & Fiber (N-Rich),19.3,10,70.5
Sili (Chili Pepper),Sandy Loam,High Phosphorus & Nitrogen (P-N Rich),27.8,10,76.0
Talong (Eggplant),Volcanic / Silt Loam,Organic Soil Conditioner (High Carbon),40.8,14,79.5
Kamatis (Tomato),Clay Loam,Organic Soil Conditioner (High Carbon),31.8,14,69.5
Talong (Eggplant),Volcanic / Silt Loam,High Phosphorus & Nitrogen (P-N Rich),25.9,14,88.1
Sili (Chili Pepper),Clay Loam,High Phosphorus & Nitrogen (P-N Rich),19.5,10,74.5
Kangkong,Clay Loam,Balanced Organic (High C / Moderate K),31.1,7,96.1
Pechay,Clay Loam,Balanced Organic (High C / Moderate K),28.5,7,94.3
Kamatis (Tomato),Clay Loam,High Nitrogen & Fiber (N-Rich),34.5,14,66.4
Kamatis (Tomato),Volcanic / Silt Loam,High Nitrogen & Fiber (N-Rich),38.5,14,72.3
Talong (Eggplant),Clay Loam,High Nitrogen & Fiber (N-Rich),34.5,14,77.2
Kamatis (Tomato),Sandy Loam,High Nitrogen & Fiber (N-Rich),50.9,14,75.9
Sili (Chili Pepper),Sandy Loam,Balanced Organic (High C / Moderate K),26.9,10,95.1
Sili (Chili Pepper),Volcanic / Silt Loam,Organic Soil Conditioner (High Carbon),21.8,10,75.8
Talong (Eggplant),Clay Loam,High Nitrogen & Fiber (N-Rich),34.0,14,76.8
Sili (Chili Pepper),Sandy Loam,Organic Soil Conditioner (High Carbon),26.3,10,71.4
Kangkong,Volcanic / Silt Loam,High Nitrogen & Fiber (N-Rich),20.4,7,90.2
Talong (Eggplant),Clay Loam,High Phosphorus & Nitrogen (P-N Rich),19.8,14,91.7
Kangkong,Sandy Loam,High Nitrogen & Fiber (N-Rich),24.8,7,93.7
Pechay,Sandy Loam,High Nitrogen & Fiber (N-Rich),26.4,7,89.8
Kangkong,Volcanic / Silt Loam,High Nitrogen & Fiber (N-Rich),20.2,7,92.8
Pechay,Clay Loam,Balanced Organic (High C / Moderate K),28.7,7,94.9
Pechay,Clay Loam,High Phosphorus & Nitrogen (P-N Rich),28.9,7,74.8
Kangkong,Sandy Loam,High Nitrogen & Fiber (N-Rich),23.7,7,93.5
Talong (Eggplant),Sandy Loam,High Nitrogen & Fiber (N-Rich),50.5,14,71.2
Sili (Chili Pepper),Sandy Loam,Organic Soil Conditioner (High Carbon),26.5,10,66.4
Sili (Chili Pepper),Clay Loam,High Phosphorus & Nitrogen (P-N Rich),19.4,10,79.8
Pechay,Volcanic / Silt Loam,High Nitrogen & Fiber (N-Rich),20.1,7,93.3
Pechay,Volcanic / Silt Loam,Organic Soil Conditioner (High Carbon),33.5,7,71.5
Talong (Eggplant),Clay Loam,Organic Soil Conditioner (High Carbon),32.5,14,74.6
Kamatis (Tomato),Volcanic / Silt Loam,Balanced Organic (High C / Moderate K),24.3,14,95.8
Kangkong,Sandy Loam,Organic Soil Conditioner (High Carbon),43.6,7,71.2
Pechay,Volcanic / Silt Loam,High Nitrogen & Fiber (N-Rich),21.0,7,95.9
Sili (Chili Pepper),Volcanic / Silt Loam,Balanced Organic (High C / Moderate K),22.4,10,89.2
Talong (Eggplant),Volcanic / Silt Loam,Balanced Organic (High C / Moderate K),25.6,14,90.3
Kangkong,Sandy Loam,High Nitrogen & Fiber (N-Rich),24.8,7,89.6
Talong (Eggplant),Clay Loam,High Phosphorus & Nitrogen (P-N Rich),19.9,14,88.3
Kangkong,Sandy Loam,Organic Soil Conditioner (High Carbon),44.2,7,71.8
Kangkong,Clay Loam,Balanced Organic (High C / Moderate K),29.8,7,93.7
Pechay,Clay Loam,High Phosphorus & Nitrogen (P-N Rich),29.3,7,78.9
Talong (Eggplant),Clay Loam,High Nitrogen & Fiber (N-Rich),34.0,14,70.4
Talong (Eggplant),Volcanic / Silt Loam,Organic Soil Conditioner (High Carbon),39.4,14,74.8
Sili (Chili Pepper),Volcanic / Silt Loam,Organic Soil Conditioner (High Carbon),21.4,10,68.4
Sili (Chili Pepper),Clay Loam,Balanced Organic (High C / Moderate K),19.0,10,98.1
Pechay,Clay Loam,Organic Soil Conditioner (High Carbon),30.2,7,71.7
Pechay,Volcanic / Silt Loam,Organic Soil Conditioner (High Carbon),33.7,7,73.6
Kamatis (Tomato),Sandy Loam,Organic Soil Conditioner (High Carbon),49.8,14,73.6
Sili (Chili Pepper),Clay Loam,Organic Soil Conditioner (High Carbon),18.3,10,65.5
Kangkong,Sandy Loam,High Nitrogen & Fiber (N-Rich),26.2,7,93.7
Talong (Eggplant),Volcanic / Silt Loam,High Phosphorus & Nitrogen (P-N Rich),25.7,14,92.1
Pechay,Clay Loam,High Nitrogen & Fiber (N-Rich),17.6,7,96.4
Talong (Eggplant),Sandy Loam,High Nitrogen & Fiber (N-Rich),49.5,14,77.3
Talong (Eggplant),Sandy Loam,Balanced Organic (High C / Moderate K),30.4,14,93.2
Kamatis (Tomato),Sandy Loam,Organic Soil Conditioner (High Carbon),49.4,14,70.6
Sili (Chili Pepper),Volcanic / Silt Loam,High Nitrogen & Fiber (N-Rich),22.9,10,67.3
Pechay,Volcanic / Silt Loam,Organic Soil Conditioner (High Carbon),34.0,7,71.8
Talong (Eggplant),Sandy Loam,High Nitrogen & Fiber (N-Rich),51.6,14,66.2
Pechay,Sandy Loam,High Nitrogen & Fiber (N-Rich),25.1,7,93.4
Kangkong,Volcanic / Silt Loam,Balanced Organic (High C / Moderate K),36.5,7,97.6
Kamatis (Tomato),Sandy Loam,High Phosphorus & Nitrogen (P-N Rich),32.2,14,91.2
Kangkong,Sandy Loam,High Phosphorus & Nitrogen (P-N Rich),42.2,7,78.5
Pechay,Volcanic / Silt Loam,High Nitrogen & Fiber (N-Rich),19.4,7,91.6
Pechay,Sandy Loam,Balanced Organic (High C / Moderate K),44.1,7,91.2
Sili (Chili Pepper),Sandy Loam,Organic Soil Conditioner (High Carbon),27.0,10,67.5
Talong (Eggplant),Sandy Loam,Organic Soil Conditioner (High Carbon),50.5,14,77.2
Talong (Eggplant),Volcanic / Silt Loam,High Nitrogen & Fiber (N-Rich),42.0,14,81.0
Kangkong,Sandy Loam,High Phosphorus & Nitrogen (P-N Rich),45.1,7,72.8
Kamatis (Tomato),Volcanic / Silt Loam,Balanced Organic (High C / Moderate K),26.9,14,91.6
Talong (Eggplant),Volcanic / Silt Loam,High Phosphorus & Nitrogen (P-N Rich),24.5,14,98.8
Sili (Chili Pepper),Clay Loam,Organic Soil Conditioner (High Carbon),20.4,10,80.9
Kangkong,Clay Loam,High Phosphorus & Nitrogen (P-N Rich),29.4,7,80.2
Kangkong,Sandy Loam,Organic Soil Conditioner (High Carbon),43.7,7,71.7
Sili (Chili Pepper),Volcanic / Silt Loam,Balanced Organic (High C / Moderate K),22.4,10,94.6
Kamatis (Tomato),Clay Loam,Balanced Organic (High C / Moderate K),21.4,14,95.8
Sili (Chili Pepper),Sandy Loam,High Nitrogen & Fiber (N-Rich),28.8,10,69.6
Kamatis (Tomato),Clay Loam,High Nitrogen & Fiber (N-Rich),35.6,14,78.2
Sili (Chili Pepper),Clay Loam,High Phosphorus & Nitrogen (P-N Rich),19.2,10,70.5
Sili (Chili Pepper),Volcanic / Silt Loam,Balanced Organic (High C / Moderate K),20.9,10,93.3
Pechay,Volcanic / Silt Loam,Balanced Organic (High C / Moderate K),36.4,7,90.2
Kangkong,Clay Loam,High Nitrogen & Fiber (N-Rich),18.4,7,98.6
Sili (Chili Pepper),Clay Loam,Organic Soil Conditioner (High Carbon),18.8,10,72.0
Sili (Chili Pepper),Volcanic / Silt Loam,High Phosphorus & Nitrogen (P-N Rich),20.7,10,71.0
Talong (Eggplant),Sandy Loam,High Phosphorus & Nitrogen (P-N Rich),29.9,14,94.0
Kangkong,Volcanic / Silt Loam,High Nitrogen & Fiber (N-Rich),19.1,7,94.0
Talong (Eggplant),Clay Loam,Balanced Organic (High C / Moderate K),21.2,14,93.5
Kangkong,Sandy Loam,High Nitrogen & Fiber (N-Rich),26.3,7,89.9
Talong (Eggplant),Clay Loam,High Nitrogen & Fiber (N-Rich),34.9,14,71.8
Sili (Chili Pepper),Sandy Loam,High Nitrogen & Fiber (N-Rich),28.5,10,80.5
Sili (Chili Pepper),Clay Loam,High Nitrogen & Fiber (N-Rich),19.2,10,71.3
Pechay,Sandy Loam,Organic Soil Conditioner (High Carbon),44.0,7,81.3
Talong (Eggplant),Sandy Loam,Organic Soil Conditioner (High Carbon),50.2,14,67.9
Kamatis (Tomato),Clay Loam,Balanced Organic (High C / Moderate K),20.5,14,91.0
Pechay,Sandy Loam,High Nitrogen & Fiber (N-Rich),24.3,7,97.4
Talong (Eggplant),Volcanic / Silt Loam,Organic Soil Conditioner (High Carbon),39.8,14,65.5
Talong (Eggplant),Clay Loam,Balanced Organic (High C / Moderate K),21.0,14,90.2
Pechay,Volcanic / Silt Loam,High Nitrogen & Fiber (N-Rich),20.2,7,90.6
Sili (Chili Pepper),Clay Loam,High Phosphorus & Nitrogen (P-N Rich),19.8,10,65.1
Talong (Eggplant),Sandy Loam,Organic Soil Conditioner (High Carbon),49.3,14,72.3
Sili (Chili Pepper),Sandy Loam,Balanced Organic (High C / Moderate K),27.3,10,95.4
Pechay,Sandy Loam,High Phosphorus & Nitrogen (P-N Rich),44.5,7,76.9
Sili (Chili Pepper),Clay Loam,High Nitrogen & Fiber (N-Rich),19.4,10,65.0
Kangkong,Volcanic / Silt Loam,High Nitrogen & Fiber (N-Rich),20.3,7,98.5
Kamatis (Tomato),Volcanic / Silt Loam,High Nitrogen & Fiber (N-Rich),40.3,14,66.6
Talong (Eggplant),Clay Loam,Organic Soil Conditioner (High Carbon),34.1,14,77.6
Kamatis (Tomato),Clay Loam,Balanced Organic (High C / Moderate K),21.4,14,94.3
Sili (Chili Pepper),Volcanic / Silt Loam,High Phosphorus & Nitrogen (P-N Rich),23.7,10,81.1
Talong (Eggplant),Volcanic / Silt Loam,Balanced Organic (High C / Moderate K),24.0,14,93.2
Sili (Chili Pepper),Volcanic / Silt Loam,Organic Soil Conditioner (High Carbon),22.0,10,80.9
Kangkong,Volcanic / Silt Loam,Balanced Organic (High C / Moderate K),34.3,7,95.6
Pechay,Clay Loam,Organic Soil Conditioner (High Carbon),30.4,7,78.5
Talong (Eggplant),Clay Loam,High Nitrogen & Fiber (N-Rich),34.1,14,81.0
Kangkong,Sandy Loam,High Phosphorus & Nitrogen (P-N Rich),43.5,7,66.1
Kangkong,Volcanic / Silt Loam,High Nitrogen & Fiber (N-Rich),19.9,7,91.6
Talong (Eggplant),Sandy Loam,Balanced Organic (High C / Moderate K),31.9,14,93.9
Sili (Chili Pepper),Clay Loam,High Nitrogen & Fiber (N-Rich),20.6,10,69.5
Kangkong,Clay Loam,High Phosphorus & Nitrogen (P-N Rich),29.6,7,80.3
Kamatis (Tomato),Sandy Loam,High Nitrogen & Fiber (N-Rich),50.6,14,80.1
Kangkong,Volcanic / Silt Loam,High Phosphorus & Nitrogen (P-N Rich),34.9,7,71.5
Sili (Chili Pepper),Volcanic / Silt Loam,High Phosphorus & Nitrogen (P-N Rich),23.4,10,67.1
Sili (Chili Pepper),Volcanic / Silt Loam,High Nitrogen & Fiber (N-Rich),23.3,10,80.8
Kamatis (Tomato),Volcanic / Silt Loam,Organic Soil Conditioner (High Carbon),39.7,14,71.2
Kangkong,Sandy Loam,Balanced Organic (High C / Moderate K),43.7,7,88.2
Sili (Chili Pepper),Sandy Loam,Organic Soil Conditioner (High Carbon),26.7,10,76.7
Talong (Eggplant),Clay Loam,Organic Soil Conditioner (High Carbon),34.9,14,70.7
Pechay,Volcanic / Silt Loam,High Nitrogen & Fiber (N-Rich),20.9,7,95.7
Pechay,Volcanic / Silt Loam,Balanced Organic (High C / Moderate K),35.0,7,93.4
Pechay,Volcanic / Silt Loam,Balanced Organic (High C / Moderate K),35.7,7,93.0
Kangkong,Sandy Loam,Organic Soil Conditioner (High Carbon),43.6,7,68.4
Kamatis (Tomato),Volcanic / Silt Loam,High Nitrogen & Fiber (N-Rich),39.9,14,75.8
Sili (Chili Pepper),Sandy Loam,Balanced Organic (High C / Moderate K),28.3,10,90.7
Talong (Eggplant),Volcanic / Silt Loam,Organic Soil Conditioner (High Carbon),39.4,14,70.6
Talong (Eggplant),Volcanic / Silt Loam,Balanced Organic (High C / Moderate K),25.4,14,90.7
Kangkong,Clay Loam,High Nitrogen & Fiber (N-Rich),16.5,7,89.4
Pechay,Volcanic / Silt Loam,High Nitrogen & Fiber (N-Rich),21.6,7,93.0
Kangkong,Volcanic / Silt Loam,High Nitrogen & Fiber (N-Rich),20.1,7,95.0
Kamatis (Tomato),Clay Loam,Balanced Organic (High C / Moderate K),21.2,14,96.9
Kamatis (Tomato),Sandy Loam,High Phosphorus & Nitrogen (P-N Rich),31.2,14,91.1
Sili (Chili Pepper),Sandy Loam,Balanced Organic (High C / Moderate K),26.7,10,89.6
Sili (Chili Pepper),Volcanic / Silt Loam,High Phosphorus & Nitrogen (P-N Rich),21.1,10,73.9
Kamatis (Tomato),Sandy Loam,High Nitrogen & Fiber (N-Rich),51.2,14,76.3
Kamatis (Tomato),Volcanic / Silt Loam,Organic Soil Conditioner (High Carbon),39.4,14,70.7
Kamatis (Tomato),Clay Loam,High Phosphorus & Nitrogen (P-N Rich),20.9,14,91.2
Kangkong,Clay Loam,High Nitrogen & Fiber (N-Rich),17.0,7,88.9
Kamatis (Tomato),Volcanic / Silt Loam,High Nitrogen & Fiber (N-Rich),40.1,14,72.1
Talong (Eggplant),Clay Loam,High Phosphorus & Nitrogen (P-N Rich),21.4,14,89.0
Pechay,Clay Loam,Organic Soil Conditioner (High Carbon),30.3,7,79.4
Kamatis (Tomato),Volcanic / Silt Loam,High Nitrogen & Fiber (N-Rich),41.2,14,78.9
Pechay,Volcanic / Silt Loam,High Phosphorus & Nitrogen (P-N Rich),35.1,7,71.9
Kangkong,Clay Loam,Organic Soil Conditioner (High Carbon),28.5,7,74.3
Pechay,Sandy Loam,Organic Soil Conditioner (High Carbon),44.2,7,74.2
Kangkong,Sandy Loam,High Nitrogen & Fiber (N-Rich),25.1,7,97.9
Talong (Eggplant),Volcanic / Silt Loam,Balanced Organic (High C / Moderate K),24.8,14,97.6
Kangkong,Volcanic / Silt Loam,Balanced Organic (High C / Moderate K),34.6,7,93.4
Kangkong,Sandy Loam,High Nitrogen & Fiber (N-Rich),26.3,7,97.3
Sili (Chili Pepper),Clay Loam,Organic Soil Conditioner (High Carbon),18.7,10,67.4
Kamatis (Tomato),Sandy Loam,High Nitrogen & Fiber (N-Rich),49.4,14,69.3
Kamatis (Tomato),Sandy Loam,High Phosphorus & Nitrogen (P-N Rich),31.7,14,91.9
Talong (Eggplant),Sandy Loam,Balanced Organic (High C / Moderate K),32.3,14,90.9
Talong (Eggplant),Sandy Loam,High Phosphorus & Nitrogen (P-N Rich),30.5,14,92.0
Kamatis (Tomato),Volcanic / Silt Loam,High Nitrogen & Fiber (N-Rich),41.2,14,74.4
Sili (Chili Pepper),Volcanic / Silt Loam,High Nitrogen & Fiber (N-Rich),21.0,10,77.3
Kamatis (Tomato),Clay Loam,Organic Soil Conditioner (High Carbon),34.2,14,68.6
Sili (Chili Pepper),Clay Loam,Organic Soil Conditioner (High Carbon),19.4,10,72.3
Talong (Eggplant),Clay Loam,Organic Soil Conditioner (High Carbon),33.5,14,68.1
Pechay,Clay Loam,High Phosphorus & Nitrogen (P-N Rich),28.9,7,78.8
Talong (Eggplant),Sandy Loam,Organic Soil Conditioner (High Carbon),49.7,14,76.8
Talong (Eggplant),Volcanic / Silt Loam,High Nitrogen & Fiber (N-Rich),41.2,14,77.2
Kangkong,Volcanic / Silt Loam,Organic Soil Conditioner (High Carbon),35.4,7,71.6
Kangkong,Clay Loam,Balanced Organic (High C / Moderate K),28.8,7,98.7
Kangkong,Clay Loam,Organic Soil Conditioner (High Carbon),31.3,7,70.3
Kangkong,Sandy Loam,High Phosphorus & Nitrogen (P-N Rich),43.4,7,74.2
Sili (Chili Pepper),Sandy Loam,Balanced Organic (High C / Moderate K),27.8,10,97.3
Kamatis (Tomato),Clay Loam,Balanced Organic (High C / Moderate K),22.0,14,97.4
Pechay,Volcanic / Silt Loam,Balanced Organic (High C / Moderate K),35.7,7,89.2
Talong (Eggplant),Volcanic / Silt Loam,High Phosphorus & Nitrogen (P-N Rich),24.7,14,90.2
Sili (Chili Pepper),Volcanic / Silt Loam,High Nitrogen & Fiber (N-Rich),22.4,10,66.3
Pechay,Clay Loam,Organic Soil Conditioner (High Carbon),30.1,7,67.8
Sili (Chili Pepper),Volcanic / Silt Loam,Balanced Organic (High C / Moderate K),22.2,10,97.4
Sili (Chili Pepper),Sandy Loam,Balanced Organic (High C / Moderate K),29.1,10,97.1
Talong (Eggplant),Sandy Loam,Balanced Organic (High C / Moderate K),30.8,14,92.6
Kamatis (Tomato),Clay Loam,High Nitrogen & Fiber (N-Rich),33.3,14,73.6
Kangkong,Sandy Loam,High Nitrogen & Fiber (N-Rich),25.5,7,93.8
Kamatis (Tomato),Clay Loam,High Phosphorus & Nitrogen (P-N Rich),21.7,14,94.4
Talong (Eggplant),Volcanic / Silt Loam,High Nitrogen & Fiber (N-Rich),40.7,14,78.3
Talong (Eggplant),Volcanic / Silt Loam,Organic Soil Conditioner (High Carbon),39.2,14,72.0
Talong (Eggplant),Volcanic / Silt Loam,High Phosphorus & Nitrogen (P-N Rich),25.5,14,97.6
Pechay,Sandy Loam,High Phosphorus & Nitrogen (P-N Rich),42.4,7,71.4
Kamatis (Tomato),Clay Loam,Organic Soil Conditioner (High Carbon),33.8,14,74.1
Kamatis (Tomato),Volcanic / Silt Loam,Organic Soil Conditioner (High Carbon),38.6,14,74.3
Sili (Chili Pepper),Clay Loam,Organic Soil Conditioner (High Carbon),18.1,10,81.1
Sili (Chili Pepper),Volcanic / Silt Loam,High Phosphorus & Nitrogen (P-N Rich),23.1,10,65.1
Sili (Chili Pepper),Sandy Loam,High Phosphorus & Nitrogen (P-N Rich),26.8,10,65.2
Talong (Eggplant),Sandy Loam,High Phosphorus & Nitrogen (P-N Rich),28.8,14,88.2
Kamatis (Tomato),Clay Loam,Organic Soil Conditioner (High Carbon),34.4,14,76.7
Talong (Eggplant),Sandy Loam,Organic Soil Conditioner (High Carbon),48.6,14,70.1
Pechay,Sandy Loam,Balanced Organic (High C / Moderate K),42.6,7,89.8
Sili (Chili Pepper),Clay Loam,High Nitrogen & Fiber (N-Rich),18.3,10,74.1
Talong (Eggplant),Volcanic / Silt Loam,Balanced Organic (High C / Moderate K),24.0,14,90.2
Talong (Eggplant),Sandy Loam,Organic Soil Conditioner (High Carbon),50.0,14,76.4
Pechay,Clay Loam,High Phosphorus & Nitrogen (P-N Rich),29.7,7,77.8
Kangkong,Sandy Loam,Organic Soil Conditioner (High Carbon),43.0,7,66.2
Kamatis (Tomato),Sandy Loam,High Nitrogen & Fiber (N-Rich),50.2,14,75.2
Kangkong,Sandy Loam,Balanced Organic (High C / Moderate K),42.4,7,93.7
Sili (Chili Pepper),Sandy Loam,Balanced Organic (High C / Moderate K),29.3,10,98.2
Talong (Eggplant),Clay Loam,High Phosphorus & Nitrogen (P-N Rich),22.3,14,92.4
Pechay,Clay Loam,Balanced Organic (High C / Moderate K),29.2,7,98.4
Pechay,Clay Loam,Balanced Organic (High C / Moderate K),30.5,7,97.3
Kamatis (Tomato),Sandy Loam,Organic Soil Conditioner (High Carbon),50.3,14,72.4
Kangkong,Sandy Loam,Balanced Organic (High C / Moderate K),44.1,7,90.1
Kamatis (Tomato),Sandy Loam,Balanced Organic (High C / Moderate K),30.4,14,95.7
Talong (Eggplant),Clay Loam,Balanced Organic (High C / Moderate K),20.4,14,91.3
Kamatis (Tomato),Sandy Loam,High Phosphorus & Nitrogen (P-N Rich),30.6,14,96.0
Pechay,Volcanic / Silt Loam,High Phosphorus & Nitrogen (P-N Rich),35.4,7,66.8
Pechay,Sandy Loam,Organic Soil Conditioner (High Carbon),43.4,7,69.0
Sili (Chili Pepper),Volcanic / Silt Loam,Balanced Organic (High C / Moderate K),20.1,10,88.5
Sili (Chili Pepper),Sandy Loam,High Phosphorus & Nitrogen (P-N Rich),26.7,10,81.5
Talong (Eggplant),Clay Loam,High Phosphorus & Nitrogen (P-N Rich),22.2,14,91.5
Kangkong,Sandy Loam,Organic Soil Conditioner (High Carbon),42.9,7,72.6
Kamatis (Tomato),Volcanic / Silt Loam,High Nitrogen & Fiber (N-Rich),40.3,14,68.2
Talong (Eggplant),Volcanic / Silt Loam,Balanced Organic (High C / Moderate K),24.4,14,97.5
Sili (Chili Pepper),Sandy Loam,High Phosphorus & Nitrogen (P-N Rich),26.4,10,79.8
Kamatis (Tomato),Volcanic / Silt Loam,Organic Soil Conditioner (High Carbon),41.0,14,76.3
Sili (Chili Pepper),Volcanic / Silt Loam,Organic Soil Conditioner (High Carbon),21.1,10,65.3
Kamatis (Tomato),Clay Loam,Organic Soil Conditioner (High Carbon),35.1,14,77.5
Kangkong,Sandy Loam,High Phosphorus & Nitrogen (P-N Rich),43.7,7,81.2
Talong (Eggplant),Sandy Loam,Balanced Organic (High C / Moderate K),31.3,14,98.2
Kamatis (Tomato),Sandy Loam,High Nitrogen & Fiber (N-Rich),50.7,14,71.1
Pechay,Volcanic / Silt Loam,Balanced Organic (High C / Moderate K),35.6,7,93.1
Pechay,Sandy Loam,Organic Soil Conditioner (High Carbon),44.0,7,68.5
Kamatis (Tomato),Sandy Loam,Organic Soil Conditioner (High Carbon),49.7,14,80.6
Kamatis (Tomato),Clay Loam,High Nitrogen & Fiber (N-Rich),34.5,14,66.8
Kamatis (Tomato),Clay Loam,Balanced Organic (High C / Moderate K),21.9,14,89.2
Pechay,Clay Loam,Organic Soil Conditioner (High Carbon),28.5,7,78.7
Pechay,Volcanic / Silt Loam,Organic Soil Conditioner (High Carbon),35.0,7,80.3
Kamatis (Tomato),Sandy Loam,Balanced Organic (High C / Moderate K),29.4,14,88.5
Sili (Chili Pepper),Clay Loam,Organic Soil Conditioner (High Carbon),19.1,10,70.9
Sili (Chili Pepper),Clay Loam,Balanced Organic (High C / Moderate K),17.8,10,93.1
Kangkong,Clay Loam,Organic Soil Conditioner (High Carbon),30.2,7,73.4
Talong (Eggplant),Sandy Loam,Balanced Organic (High C / Moderate K),31.2,14,90.4
Sili (Chili Pepper),Sandy Loam,High Nitrogen & Fiber (N-Rich),27.8,10,73.8
Pechay,Sandy Loam,Organic Soil Conditioner (High Carbon),45.1,7,80.8
Sili (Chili Pepper),Volcanic / Silt Loam,High Nitrogen & Fiber (N-Rich),21.3,10,71.4
Kangkong,Volcanic / Silt Loam,Organic Soil Conditioner (High Carbon),34.9,7,75.4
Kangkong,Clay Loam,Organic Soil Conditioner (High Carbon),29.9,7,69.9
Talong (Eggplant),Sandy Loam,High Phosphorus & Nitrogen (P-N Rich),30.3,14,93.9
Sili (Chili Pepper),Clay Loam,Balanced Organic (High C / Moderate K),19.4,10,88.8
Pechay,Sandy Loam,High Nitrogen & Fiber (N-Rich),26.2,7,90.1
Pechay,Sandy Loam,High Nitrogen & Fiber (N-Rich),25.2,7,93.2
Kamatis (Tomato),Sandy Loam,High Nitrogen & Fiber (N-Rich),51.4,14,71.7
Pechay,Volcanic / Silt Loam,Balanced Organic (High C / Moderate K),35.5,7,91.5
Talong (Eggplant),Volcanic / Silt Loam,High Phosphorus & Nitrogen (P-N Rich),25.1,14,95.4
Talong (Eggplant),Sandy Loam,High Nitrogen & Fiber (N-Rich),50.8,14,66.3
Pechay,Clay Loam,Balanced Organic (High C / Moderate K),29.7,7,89.0
Pechay,Sandy Loam,Organic Soil Conditioner (High Carbon),43.6,7,81.8
Kamatis (Tomato),Sandy Loam,High Nitrogen & Fiber (N-Rich),50.5,14,79.4
Pechay,Clay Loam,High Nitrogen & Fiber (N-Rich),18.6,7,92.6
Kamatis (Tomato),Sandy Loam,High Phosphorus & Nitrogen (P-N Rich),30.5,14,96.5
Kamatis (Tomato),Clay Loam,High Nitrogen & Fiber (N-Rich),33.0,14,65.6
Pechay,Volcanic / Silt Loam,High Nitrogen & Fiber (N-Rich),20.3,7,91.8
Kangkong,Volcanic / Silt Loam,Organic Soil Conditioner (High Carbon),33.4,7,70.9
Kangkong,Clay Loam,Balanced Organic (High C / Moderate K),29.4,7,89.2
Kamatis (Tomato),Volcanic / Silt Loam,Balanced Organic (High C / Moderate K),25.0,14,89.6
Pechay,Volcanic / Silt Loam,High Phosphorus & Nitrogen (P-N Rich),34.6,7,81.2
Kangkong,Clay Loam,Organic Soil Conditioner (High Carbon),30.9,7,67.0
Pechay,Volcanic / Silt Loam,Balanced Organic (High C / Moderate K),36.1,7,97.1
Pechay,Sandy Loam,Organic Soil Conditioner (High Carbon),45.3,7,66.8
Pechay,Sandy Loam,Balanced Organic (High C / Moderate K),43.8,7,94.5
Sili (Chili Pepper),Clay Loam,Organic Soil Conditioner (High Carbon),18.9,10,79.2
Pechay,Volcanic / Silt Loam,High Phosphorus & Nitrogen (P-N Rich),34.6,7,74.1
Sili (Chili Pepper),Sandy Loam,High Nitrogen & Fiber (N-Rich),28.4,10,71.4
Kamatis (Tomato),Sandy Loam,High Phosphorus & Nitrogen (P-N Rich),30.0,14,97.8
Kangkong,Volcanic / Silt Loam,Balanced Organic (High C / Moderate K),34.7,7,93.5
Kangkong,Volcanic / Silt Loam,High Phosphorus & Nitrogen (P-N Rich),36.0,7,66.7
Kangkong,Sandy Loam,High Nitrogen & Fiber (N-Rich),24.9,7,88.7
Kangkong,Sandy Loam,High Phosphorus & Nitrogen (P-N Rich),43.3,7,70.7
Kangkong,Clay Loam,Balanced Organic (High C / Moderate K),29.2,7,95.9
Kangkong,Clay Loam,Balanced Organic (High C / Moderate K),29.0,7,94.0
Kangkong,Sandy Loam,High Phosphorus & Nitrogen (P-N Rich),43.3,7,67.5
Kamatis (Tomato),Clay Loam,High Nitrogen & Fiber (N-Rich),34.4,14,71.9
Pechay,Sandy Loam,High Phosphorus & Nitrogen (P-N Rich),43.8,7,71.0
Talong (Eggplant),Sandy Loam,High Nitrogen & Fiber (N-Rich),51.2,14,67.2
Sili (Chili Pepper),Clay Loam,Organic Soil Conditioner (High Carbon),17.5,10,77.6
Talong (Eggplant),Clay Loam,High Nitrogen & Fiber (N-Rich),33.5,14,71.4
Talong (Eggplant),Volcanic / Silt Loam,Organic Soil Conditioner (High Carbon),39.0,14,73.5
Pechay,Volcanic / Silt Loam,High Phosphorus & Nitrogen (P-N Rich),34.4,7,71.8
Pechay,Volcanic / Silt Loam,High Nitrogen & Fiber (N-Rich),19.5,7,88.2
Pechay,Sandy Loam,Organic Soil Conditioner (High Carbon),44.2,7,65.7
Kangkong,Clay Loam,Organic Soil Conditioner (High Carbon),30.3,7,76.1
Kamatis (Tomato),Sandy Loam,Organic Soil Conditioner (High Carbon),50.4,14,73.4
Kangkong,Clay Loam,Balanced Organic (High C / Moderate K),30.5,7,90.3
Kamatis (Tomato),Sandy Loam,High Phosphorus & Nitrogen (P-N Rich),32.1,14,90.7
Kamatis (Tomato),Volcanic / Silt Loam,Organic Soil Conditioner (High Carbon),40.3,14,80.4
Talong (Eggplant),Volcanic / Silt Loam,High Nitrogen & Fiber (N-Rich),40.6,14,81.0
Talong (Eggplant),Volcanic / Silt Loam,Organic Soil Conditioner (High Carbon),39.8,14,77.3
Kamatis (Tomato),Sandy Loam,Balanced Organic (High C / Moderate K),30.2,14,88.8
Kamatis (Tomato),Clay Loam,High Phosphorus & Nitrogen (P-N Rich),20.7,14,92.3
Kangkong,Clay Loam,Balanced Organic (High C / Moderate K),30.9,7,91.6
Kangkong,Volcanic / Silt Loam,Balanced Organic (High C / Moderate K),34.1,7,94.5
Talong (Eggplant),Volcanic / Silt Loam,Balanced Organic (High C / Moderate K),24.7,14,95.6
Pechay,Volcanic / Silt Loam,High Nitrogen & Fiber (N-Rich),19.0,7,89.2
Kamatis (Tomato),Volcanic / Silt Loam,High Phosphorus & Nitrogen (P-N Rich),25.8,14,90.2
Kangkong,Clay Loam,High Phosphorus & Nitrogen (P-N Rich),29.7,7,80.9
Talong (Eggplant),Sandy Loam,High Nitrogen & Fiber (N-Rich),49.7,14,65.4
Kangkong,Sandy Loam,High Phosphorus & Nitrogen (P-N Rich),42.1,7,73.2
Kamatis (Tomato),Sandy Loam,Balanced Organic (High C / Moderate K),31.3,14,89.5
Kamatis (Tomato),Sandy Loam,High Phosphorus & Nitrogen (P-N Rich),32.1,14,92.1
Sili (Chili Pepper),Volcanic / Silt Loam,High Nitrogen & Fiber (N-Rich),22.5,10,74.0
Pechay,Volcanic / Silt Loam,Balanced Organic (High C / Moderate K),34.5,7,94.5
Sili (Chili Pepper),Volcanic / Silt Loam,High Nitrogen & Fiber (N-Rich),21.3,10,67.8
Talong (Eggplant),Sandy Loam,Organic Soil Conditioner (High Carbon),50.1,14,69.2
Kangkong,Volcanic / Silt Loam,Balanced Organic (High C / Moderate K),33.8,7,94.2
Talong (Eggplant),Volcanic / Silt Loam,Balanced Organic (High C / Moderate K),25.4,14,98.4
Kamatis (Tomato),Clay Loam,High Phosphorus & Nitrogen (P-N Rich),20.3,14,97.0
Sili (Chili Pepper),Clay Loam,Balanced Organic (High C / Moderate K),18.0,10,94.2
Sili (Chili Pepper),Volcanic / Silt Loam,High Nitrogen & Fiber (N-Rich),21.3,10,65.7
Sili (Chili Pepper),Clay Loam,High Phosphorus & Nitrogen (P-N Rich),19.3,10,70.2
Talong (Eggplant),Clay Loam,Organic Soil Conditioner (High Carbon),33.2,14,78.3
Kamatis (Tomato),Volcanic / Silt Loam,High Nitrogen & Fiber (N-Rich),39.3,14,72.7
Kangkong,Volcanic / Silt Loam,Organic Soil Conditioner (High Carbon),36.2,7,67.7
Kangkong,Volcanic / Silt Loam,Organic Soil Conditioner (High Carbon),35.5,7,71.8
Talong (Eggplant),Volcanic / Silt Loam,Organic Soil Conditioner (High Carbon),40.1,14,66.2
Sili (Chili Pepper),Sandy Loam,Balanced Organic (High C / Moderate K),27.6,10,93.6
Pechay,Sandy Loam,High Nitrogen & Fiber (N-Rich),23.3,7,88.3
Talong (Eggplant),Volcanic / Silt Loam,High Nitrogen & Fiber (N-Rich),40.2,14,70.3
Talong (Eggplant),Clay Loam,Balanced Organic (High C / Moderate K),22.3,14,93.0
Kamatis (Tomato),Volcanic / Silt Loam,High Phosphorus & Nitrogen (P-N Rich),24.3,14,91.1
Kangkong,Volcanic / Silt Loam,Organic Soil Conditioner (High Carbon),33.8,7,79.2
Talong (Eggplant),Clay Loam,High Nitrogen & Fiber (N-Rich),32.4,14,81.4
Talong (Eggplant),Sandy Loam,Balanced Organic (High C / Moderate K),30.3,14,97.3
Sili (Chili Pepper),Volcanic / Silt Loam,Organic Soil Conditioner (High Carbon),20.8,10,72.3
Sili (Chili Pepper),Volcanic / Silt Loam,High Phosphorus & Nitrogen (P-N Rich),22.2,10,77.6
Pechay,Sandy Loam,High Phosphorus & Nitrogen (P-N Rich),44.2,7,74.0
Kamatis (Tomato),Sandy Loam,Organic Soil Conditioner (High Carbon),50.5,14,68.7
Pechay,Clay Loam,High Phosphorus & Nitrogen (P-N Rich),29.3,7,77.2
Sili (Chili Pepper),Sandy Loam,High Nitrogen & Fiber (N-Rich),28.4,10,67.9
Kangkong,Sandy Loam,High Nitrogen & Fiber (N-Rich),23.4,7,88.0
Sili (Chili Pepper),Sandy Loam,High Nitrogen & Fiber (N-Rich),27.0,10,74.4
Kamatis (Tomato),Clay Loam,High Phosphorus & Nitrogen (P-N Rich),20.9,14,90.1
Sili (Chili Pepper),Sandy Loam,High Nitrogen & Fiber (N-Rich),28.0,10,68.8
Kamatis (Tomato),Sandy Loam,Balanced Organic (High C / Moderate K),30.1,14,93.3
Kamatis (Tomato),Clay Loam,High Nitrogen & Fiber (N-Rich),34.0,14,69.6
Kamatis (Tomato),Sandy Loam,High Nitrogen & Fiber (N-Rich),50.8,14,67.9
Kamatis (Tomato),Sandy Loam,High Phosphorus & Nitrogen (P-N Rich),31.9,14,93.1
Kamatis (Tomato),Clay Loam,High Nitrogen & Fiber (N-Rich),33.5,14,77.1
Kangkong,Volcanic / Silt Loam,Organic Soil Conditioner (High Carbon),35.3,7,81.4
Pechay,Clay Loam,Balanced Organic (High C / Moderate K),29.3,7,97.0
Talong (Eggplant),Sandy Loam,High Phosphorus & Nitrogen (P-N Rich),30.8,14,89.4
Pechay,Sandy Loam,Balanced Organic (High C / Moderate K),43.6,7,89.5
Kamatis (Tomato),Sandy Loam,Organic Soil Conditioner (High Carbon),51.3,14,78.3
Kangkong,Clay Loam,High Phosphorus & Nitrogen (P-N Rich),31.0,7,77.7
Sili (Chili Pepper),Sandy Loam,High Phosphorus & Nitrogen (P-N Rich),28.2,10,65.3
Kangkong,Sandy Loam,High Nitrogen & Fiber (N-Rich),24.1,7,91.4
Kamatis (Tomato),Clay Loam,Balanced Organic (High C / Moderate K),22.0,14,95.6
Kangkong,Volcanic / Silt Loam,Organic Soil Conditioner (High Carbon),34.8,7,78.5
Kangkong,Volcanic / Silt Loam,Organic Soil Conditioner (High Carbon),35.4,7,66.8
Kamatis (Tomato),Sandy Loam,High Phosphorus & Nitrogen (P-N Rich),30.7,14,93.4
Kangkong,Clay Loam,High Nitrogen & Fiber (N-Rich),17.6,7,91.0
Talong (Eggplant),Sandy Loam,High Phosphorus & Nitrogen (P-N Rich),31.9,14,90.7
Talong (Eggplant),Clay Loam,High Phosphorus & Nitrogen (P-N Rich),21.4,14,89.6
Kangkong,Clay Loam,High Phosphorus & Nitrogen (P-N Rich),30.2,7,81.5
Sili (Chili Pepper),Volcanic / Silt Loam,High Phosphorus & Nitrogen (P-N Rich),21.0,10,77.9
Kamatis (Tomato),Volcanic / Silt Loam,Organic Soil Conditioner (High Carbon),40.4,14,81.8
Talong (Eggplant),Clay Loam,Organic Soil Conditioner (High Carbon),33.5,14,70.8
Sili (Chili Pepper),Sandy Loam,High Phosphorus & Nitrogen (P-N Rich),28.6,10,68.0
Kangkong,Volcanic / Silt Loam,High Phosphorus & Nitrogen (P-N Rich),34.7,7,72.9
Sili (Chili Pepper),Sandy Loam,High Nitrogen & Fiber (N-Rich),26.3,10,74.1
Pechay,Volcanic / Silt Loam,High Phosphorus & Nitrogen (P-N Rich),36.1,7,71.7
Talong (Eggplant),Volcanic / Silt Loam,Organic Soil Conditioner (High Carbon),40.1,14,76.8
Kangkong,Sandy Loam,Balanced Organic (High C / Moderate K),44.3,7,96.5
Kamatis (Tomato),Volcanic / Silt Loam,Organic Soil Conditioner (High Carbon),40.0,14,66.5
Kangkong,Volcanic / Silt Loam,High Nitrogen & Fiber (N-Rich),18.8,7,88.2
Kamatis (Tomato),Sandy Loam,Organic Soil Conditioner (High Carbon),49.7,14,69.3
Kangkong,Volcanic / Silt Loam,Balanced Organic (High C / Moderate K),35.0,7,90.9
Sili (Chili Pepper),Volcanic / Silt Loam,High Phosphorus & Nitrogen (P-N Rich),22.6,10,73.7
Sili (Chili Pepper),Volcanic / Silt Loam,Balanced Organic (High C / Moderate K),22.1,10,95.1
Sili (Chili Pepper),Sandy Loam,High Phosphorus & Nitrogen (P-N Rich),27.2,10,72.1
Pechay,Clay Loam,High Phosphorus & Nitrogen (P-N Rich),29.5,7,76.5
Kamatis (Tomato),Sandy Loam,Organic Soil Conditioner (High Carbon),50.5,14,74.5
Sili (Chili Pepper),Clay Loam,Organic Soil Conditioner (High Carbon),19.4,10,75.6
Pechay,Volcanic / Silt Loam,Organic Soil Conditioner (High Carbon),34.2,7,81.8
Kamatis (Tomato),Clay Loam,High Nitrogen & Fiber (N-Rich),34.1,14,79.1
Kangkong,Sandy Loam,Organic Soil Conditioner (High Carbon),44.4,7,69.3
Pechay,Sandy Loam,High Nitrogen & Fiber (N-Rich),26.3,7,93.1
Talong (Eggplant),Volcanic / Silt Loam,Organic Soil Conditioner (High Carbon),41.0,14,71.2
Pechay,Clay Loam,High Phosphorus & Nitrogen (P-N Rich),28.6,7,77.8
Pechay,Volcanic / Silt Loam,High Nitrogen & Fiber (N-Rich),20.0,7,95.5
Kamatis (Tomato),Volcanic / Silt Loam,Balanced Organic (High C / Moderate K),23.9,14,96.7
Kangkong,Sandy Loam,High Nitrogen & Fiber (N-Rich),26.2,7,93.2
Talong (Eggplant),Clay Loam,High Nitrogen & Fiber (N-Rich),34.2,14,76.2
Sili (Chili Pepper),Clay Loam,Balanced Organic (High C / Moderate K),19.4,10,92.5
Sili (Chili Pepper),Clay Loam,High Nitrogen & Fiber (N-Rich),18.0,10,78.8
Pechay,Clay Loam,High Phosphorus & Nitrogen (P-N Rich),29.2,7,79.6
Kamatis (Tomato),Volcanic / Silt Loam,Organic Soil Conditioner (High Carbon),40.3,14,71.9
Kamatis (Tomato),Volcanic / Silt Loam,Balanced Organic (High C / Moderate K),26.0,14,97.3
Sili (Chili Pepper),Sandy Loam,Organic Soil Conditioner (High Carbon),26.1,10,73.6
Talong (Eggplant),Volcanic / Silt Loam,High Phosphorus & Nitrogen (P-N Rich),25.9,14,95.1
Kangkong,Volcanic / Silt Loam,Balanced Organic (High C / Moderate K),35.2,7,93.3
Talong (Eggplant),Sandy Loam,Organic Soil Conditioner (High Carbon),48.5,14,66.3
Kangkong,Sandy Loam,Organic Soil Conditioner (High Carbon),44.3,7,67.6
Sili (Chili Pepper),Sandy Loam,High Phosphorus & Nitrogen (P-N Rich),28.1,10,79.4
Kangkong,Volcanic / Silt Loam,Organic Soil Conditioner (High Carbon),35.0,7,78.7
Kamatis (Tomato),Volcanic / Silt Loam,High Phosphorus & Nitrogen (P-N Rich),24.6,14,95.6
Pechay,Sandy Loam,High Nitrogen & Fiber (N-Rich),24.3,7,93.7
Pechay,Sandy Loam,High Phosphorus & Nitrogen (P-N Rich),44.1,7,69.5
Sili (Chili Pepper),Sandy Loam,High Nitrogen & Fiber (N-Rich),26.4,10,66.5
Kamatis (Tomato),Volcanic / Silt Loam,Balanced Organic (High C / Moderate K),26.1,14,88.6
Talong (Eggplant),Volcanic / Silt Loam,Organic Soil Conditioner (High Carbon),39.3,14,74.4
Kamatis (Tomato),Clay Loam,High Phosphorus & Nitrogen (P-N Rich),19.7,14,92.7
Pechay,Volcanic / Silt Loam,High Phosphorus & Nitrogen (P-N Rich),35.8,7,80.9
Pechay,Volcanic / Silt Loam,Organic Soil Conditioner (High Carbon),35.6,7,65.9
Kamatis (Tomato),Volcanic / Silt Loam,Organic Soil Conditioner (High Carbon),40.3,14,78.7
Kamatis (Tomato),Sandy Loam,Balanced Organic (High C / Moderate K),32.1,14,90.0
Pechay,Volcanic / Silt Loam,Balanced Organic (High C / Moderate K),34.2,7,88.9
Talong (Eggplant),Sandy Loam,High Phosphorus & Nitrogen (P-N Rich),32.0,14,96.9
Sili (Chili Pepper),Clay Loam,Balanced Organic (High C / Moderate K),19.4,10,89.1
Sili (Chili Pepper),Clay Loam,High Nitrogen & Fiber (N-Rich),19.4,10,77.2
Kamatis (Tomato),Sandy Loam,Balanced Organic (High C / Moderate K),31.7,14,88.5
Sili (Chili Pepper),Sandy Loam,Balanced Organic (High C / Moderate K),26.7,10,88.3
Pechay,Sandy Loam,High Phosphorus & Nitrogen (P-N Rich),43.5,7,74.5
Pechay,Volcanic / Silt Loam,High Nitrogen & Fiber (N-Rich),20.9,7,98.1
Kamatis (Tomato),Clay Loam,Balanced Organic (High C / Moderate K),21.0,14,88.0
Kamatis (Tomato),Sandy Loam,High Nitrogen & Fiber (N-Rich),49.2,14,67.9
Kamatis (Tomato),Volcanic / Silt Loam,High Nitrogen & Fiber (N-Rich),41.8,14,81.0
Talong (Eggplant),Clay Loam,High Nitrogen & Fiber (N-Rich),32.7,14,67.1
Sili (Chili Pepper),Volcanic / Silt Loam,Organic Soil Conditioner (High Carbon),21.6,10,79.8
Kamatis (Tomato),Clay Loam,Organic Soil Conditioner (High Carbon),34.5,14,75.3
Kangkong,Volcanic / Silt Loam,Organic Soil Conditioner (High Carbon),36.8,7,66.6
Kangkong,Clay Loam,Organic Soil Conditioner (High Carbon),29.6,7,72.6
Pechay,Clay Loam,High Phosphorus & Nitrogen (P-N Rich),29.5,7,65.1
Sili (Chili Pepper),Volcanic / Silt Loam,Balanced Organic (High C / Moderate K),21.9,10,91.3
Kamatis (Tomato),Sandy Loam,Organic Soil Conditioner (High Carbon),49.2,14,76.5
Kangkong,Clay Loam,High Phosphorus & Nitrogen (P-N Rich),28.7,7,79.9
Sili (Chili Pepper),Sandy Loam,Balanced Organic (High C / Moderate K),28.3,10,90.8
Pechay,Volcanic / Silt Loam,Organic Soil Conditioner (High Carbon),35.1,7,70.6
Talong (Eggplant),Sandy Loam,Balanced Organic (High C / Moderate K),29.8,14,92.8
Sili (Chili Pepper),Sandy Loam,Organic Soil Conditioner (High Carbon),26.7,10,73.7
Sili (Chili Pepper),Sandy Loam,High Phosphorus & Nitrogen (P-N Rich),28.8,10,69.3
Talong (Eggplant),Sandy Loam,High Nitrogen & Fiber (N-Rich),51.0,14,67.8
Sili (Chili Pepper),Sandy Loam,High Nitrogen & Fiber (N-Rich),26.9,10,77.9
Pechay,Clay Loam,Balanced Organic (High C / Moderate K),30.1,7,95.3
Pechay,Clay Loam,High Phosphorus & Nitrogen (P-N Rich),28.6,7,74.7
Talong (Eggplant),Clay Loam,High Nitrogen & Fiber (N-Rich),33.6,14,73.2
Kamatis (Tomato),Volcanic / Silt Loam,Organic Soil Conditioner (High Carbon),42.4,14,74.6
Kangkong,Sandy Loam,High Nitrogen & Fiber (N-Rich),25.2,7,95.9
Kamatis (Tomato),Clay Loam,Balanced Organic (High C / Moderate K),20.9,14,89.5
Sili (Chili Pepper),Volcanic / Silt Loam,Balanced Organic (High C / Moderate K),21.9,10,88.7
Kangkong,Clay Loam,High Phosphorus & Nitrogen (P-N Rich),29.2,7,68.2
Talong (Eggplant),Clay Loam,Balanced Organic (High C / Moderate K),20.1,14,93.3
Talong (Eggplant),Sandy Loam,High Nitrogen & Fiber (N-Rich),51.0,14,75.3
Kangkong,Volcanic / Silt Loam,High Nitrogen & Fiber (N-Rich),18.5,7,91.4
Pechay,Sandy Loam,High Nitrogen & Fiber (N-Rich),25.5,7,91.2
Kangkong,Sandy Loam,High Nitrogen & Fiber (N-Rich),24.8,7,88.4
Sili (Chili Pepper),Clay Loam,High Phosphorus & Nitrogen (P-N Rich),19.8,10,70.5
Pechay,Sandy Loam,Organic Soil Conditioner (High Carbon),43.6,7,73.0
Talong (Eggplant),Volcanic / Silt Loam,Organic Soil Conditioner (High Carbon),40.1,14,79.6
Kangkong,Sandy Loam,High Phosphorus & Nitrogen (P-N Rich),43.6,7,80.3
Kamatis (Tomato),Sandy Loam,Balanced Organic (High C / Moderate K),31.7,14,90.4
Kamatis (Tomato),Sandy Loam,Organic Soil Conditioner (High Carbon),49.2,14,71.4
Sili (Chili Pepper),Clay Loam,Balanced Organic (High C / Moderate K),18.3,10,94.7
Kamatis (Tomato),Volcanic / Silt Loam,Organic Soil Conditioner (High Carbon),41.0,14,73.1
Kangkong,Clay Loam,Balanced Organic (High C / Moderate K),30.3,7,96.4
Kangkong,Clay Loam,High Phosphorus & Nitrogen (P-N Rich),30.0,7,80.1
Kamatis (Tomato),Clay Loam,High Nitrogen & Fiber (N-Rich),34.1,14,70.7
Kangkong,Clay Loam,Balanced Organic (High C / Moderate K),29.5,7,93.5
Sili (Chili Pepper),Clay Loam,High Nitrogen & Fiber (N-Rich),18.5,10,69.4
Pechay,Volcanic / Silt Loam,Balanced Organic (High C / Moderate K),35.2,7,89.9
Sili (Chili Pepper),Sandy Loam,Balanced Organic (High C / Moderate K),28.1,10,95.4
Sili (Chili Pepper),Clay Loam,Balanced Organic (High C / Moderate K),18.9,10,88.1
Kangkong,Clay Loam,Balanced Organic (High C / Moderate K),30.3,7,91.8
Pechay,Volcanic / Silt Loam,Balanced Organic (High C / Moderate K),35.4,7,97.8
Kangkong,Volcanic / Silt Loam,High Nitrogen & Fiber (N-Rich),18.6,7,89.1
Talong (Eggplant),Sandy Loam,Balanced Organic (High C / Moderate K),30.9,14,98.1
Kangkong,Volcanic / Silt Loam,High Nitrogen & Fiber (N-Rich),19.6,7,94.1
Kangkong,Sandy Loam,High Phosphorus & Nitrogen (P-N Rich),42.7,7,78.0
Kangkong,Clay Loam,Organic Soil Conditioner (High Carbon),30.2,7,65.0
Pechay,Clay Loam,Balanced Organic (High C / Moderate K),30.5,7,96.3
Kangkong,Sandy Loam,Organic Soil Conditioner (High Carbon),43.7,7,72.0
Pechay,Volcanic / Silt Loam,High Nitrogen & Fiber (N-Rich),17.8,7,93.8
Kamatis (Tomato),Sandy Loam,High Phosphorus & Nitrogen (P-N Rich),30.3,14,96.5
Talong (Eggplant),Volcanic / Silt Loam,High Phosphorus & Nitrogen (P-N Rich),24.1,14,93.8
Pechay,Clay Loam,High Phosphorus & Nitrogen (P-N Rich),29.1,7,65.6
Kamatis (Tomato),Volcanic / Silt Loam,Organic Soil Conditioner (High Carbon),39.6,14,74.9
Pechay,Sandy Loam,High Nitrogen & Fiber (N-Rich),24.7,7,95.2
Pechay,Sandy Loam,Balanced Organic (High C / Moderate K),43.8,7,95.5
Talong (Eggplant),Clay Loam,Balanced Organic (High C / Moderate K),22.6,14,97.8
Sili (Chili Pepper),Volcanic / Silt Loam,High Nitrogen & Fiber (N-Rich),22.4,10,80.9
Sili (Chili Pepper),Volcanic / Silt Loam,Organic Soil Conditioner (High Carbon),22.9,10,70.2
Pechay,Volcanic / Silt Loam,Balanced Organic (High C / Moderate K),34.3,7,98.8
Kangkong,Clay Loam,High Nitrogen & Fiber (N-Rich),16.5,7,92.9
Kamatis (Tomato),Volcanic / Silt Loam,Balanced Organic (High C / Moderate K),25.0,14,88.6
Kangkong,Sandy Loam,High Phosphorus & Nitrogen (P-N Rich),44.0,7,74.5
Kangkong,Volcanic / Silt Loam,Balanced Organic (High C / Moderate K),34.6,7,95.2
Pechay,Clay Loam,Organic Soil Conditioner (High Carbon),29.7,7,75.4
Pechay,Volcanic / Silt Loam,High Nitrogen & Fiber (N-Rich),21.2,7,95.9
Pechay,Volcanic / Silt Loam,Organic Soil Conditioner (High Carbon),34.6,7,68.9
Pechay,Sandy Loam,High Nitrogen & Fiber (N-Rich),24.7,7,90.4
Sili (Chili Pepper),Volcanic / Silt Loam,High Phosphorus & Nitrogen (P-N Rich),21.1,10,79.4
Pechay,Sandy Loam,High Nitrogen & Fiber (N-Rich),26.1,7,97.1
Sili (Chili Pepper),Sandy Loam,Balanced Organic (High C / Moderate K),26.1,10,95.9
Sili (Chili Pepper),Clay Loam,Balanced Organic (High C / Moderate K),18.8,10,90.7
Pechay,Sandy Loam,High Phosphorus & Nitrogen (P-N Rich),43.8,7,70.7
Talong (Eggplant),Sandy Loam,High Nitrogen & Fiber (N-Rich),49.4,14,77.0
Kamatis (Tomato),Clay Loam,High Phosphorus & Nitrogen (P-N Rich),20.6,14,93.6
Kangkong,Sandy Loam,Balanced Organic (High C / Moderate K),43.3,7,91.5
Sili (Chili Pepper),Clay Loam,Organic Soil Conditioner (High Carbon),18.1,10,65.6
Kamatis (Tomato),Volcanic / Silt Loam,High Phosphorus & Nitrogen (P-N Rich),24.3,14,95.7
Talong (Eggplant),Clay Loam,Organic Soil Conditioner (High Carbon),34.0,14,67.9
Kangkong,Sandy Loam,Organic Soil Conditioner (High Carbon),43.1,7,66.7
Kangkong,Clay Loam,High Nitrogen & Fiber (N-Rich),17.2,7,96.3
Sili (Chili Pepper),Sandy Loam,High Phosphorus & Nitrogen (P-N Rich),27.9,10,65.3
Pechay,Volcanic / Silt Loam,Organic Soil Conditioner (High Carbon),34.8,7,77.2
Talong (Eggplant),Clay Loam,Organic Soil Conditioner (High Carbon),34.0,14,66.2
Sili (Chili Pepper),Volcanic / Silt Loam,High Nitrogen & Fiber (N-Rich),23.1,10,79.4
Talong (Eggplant),Sandy Loam,High Nitrogen & Fiber (N-Rich),50.5,14,75.2
Pechay,Sandy Loam,Balanced Organic (High C / Moderate K),42.7,7,93.1
Pechay,Volcanic / Silt Loam,Organic Soil Conditioner (High Carbon),35.7,7,65.7
Sili (Chili Pepper),Clay Loam,Balanced Organic (High C / Moderate K),20.2,10,94.1
Pechay,Clay Loam,Organic Soil Conditioner (High Carbon),30.4,7,65.5
Kamatis (Tomato),Sandy Loam,Balanced Organic (High C / Moderate K),31.2,14,92.4
Kangkong,Volcanic / Silt Loam,High Nitrogen & Fiber (N-Rich),20.5,7,94.9
Sili (Chili Pepper),Volcanic / Silt Loam,High Phosphorus & Nitrogen (P-N Rich),22.5,10,73.8
Talong (Eggplant),Clay Loam,High Nitrogen & Fiber (N-Rich),34.7,14,79.6
Kamatis (Tomato),Clay Loam,Balanced Organic (High C / Moderate K),21.1,14,90.6
Sili (Chili Pepper),Clay Loam,Balanced Organic (High C / Moderate K),17.5,10,91.1
Pechay,Volcanic / Silt Loam,High Phosphorus & Nitrogen (P-N Rich),34.6,7,68.9
Pechay,Clay Loam,Organic Soil Conditioner (High Carbon),29.9,7,80.3
Pechay,Clay Loam,Balanced Organic (High C / Moderate K),30.7,7,94.8
Pechay,Sandy Loam,Balanced Organic (High C / Moderate K),44.4,7,93.2
Talong (Eggplant),Clay Loam,Balanced Organic (High C / Moderate K),21.1,14,89.4
Kamatis (Tomato),Clay Loam,High Phosphorus & Nitrogen (P-N Rich),21.2,14,92.6
Kangkong,Volcanic / Silt Loam,High Nitrogen & Fiber (N-Rich),18.3,7,93.0
Talong (Eggplant),Volcanic / Silt Loam,Balanced Organic (High C / Moderate K),25.0,14,93.7
Talong (Eggplant),Sandy Loam,High Phosphorus & Nitrogen (P-N Rich),30.3,14,90.7
Kangkong,Clay Loam,Balanced Organic (High C / Moderate K),31.3,7,90.0
Kangkong,Sandy Loam,Organic Soil Conditioner (High Carbon),42.9,7,77.4
Pechay,Volcanic / Silt Loam,High Phosphorus & Nitrogen (P-N Rich),33.1,7,76.5
Talong (Eggplant),Sandy Loam,Balanced Organic (High C / Moderate K),30.8,14,92.1
Sili (Chili Pepper),Volcanic / Silt Loam,High Phosphorus & Nitrogen (P-N Rich),23.0,10,75.9
Kangkong,Sandy Loam,Balanced Organic (High C / Moderate K),43.7,7,97.6
Kangkong,Sandy Loam,High Nitrogen & Fiber (N-Rich),25.3,7,89.9
Kamatis (Tomato),Clay Loam,Balanced Organic (High C / Moderate K),20.5,14,91.3
Sili (Chili Pepper),Sandy Loam,High Phosphorus & Nitrogen (P-N Rich),27.3,10,65.3
Sili (Chili Pepper),Clay Loam,Organic Soil Conditioner (High Carbon),19.0,10,80.8
Kangkong,Clay Loam,Organic Soil Conditioner (High Carbon),29.2,7,77.2
Pechay,Clay Loam,Organic Soil Conditioner (High Carbon),30.3,7,69.0
Kamatis (Tomato),Clay Loam,Balanced Organic (High C / Moderate K),20.8,14,93.7
Sili (Chili Pepper),Sandy Loam,High Nitrogen & Fiber (N-Rich),26.8,10,70.5
Kangkong,Volcanic / Silt Loam,Balanced Organic (High C / Moderate K),35.5,7,89.8
Sili (Chili Pepper),Volcanic / Silt Loam,Organic Soil Conditioner (High Carbon),21.5,10,67.8
Kamatis (Tomato),Volcanic / Silt Loam,High Phosphorus & Nitrogen (P-N Rich),25.2,14,88.3
Kamatis (Tomato),Sandy Loam,Organic Soil Conditioner (High Carbon),50.0,14,70.6
Talong (Eggplant),Clay Loam,High Phosphorus & Nitrogen (P-N Rich),21.9,14,89.3
Kangkong,Volcanic / Silt Loam,High Nitrogen & Fiber (N-Rich),20.1,7,96.6
Kamatis (Tomato),Sandy Loam,High Phosphorus & Nitrogen (P-N Rich),31.6,14,94.8
Talong (Eggplant),Clay Loam,Balanced Organic (High C / Moderate K),19.7,14,89.0
Talong (Eggplant),Volcanic / Silt Loam,Balanced Organic (High C / Moderate K),26.4,14,95.5
Sili (Chili Pepper),Clay Loam,Balanced Organic (High C / Moderate K),19.0,10,96.7
Sili (Chili Pepper),Volcanic / Silt Loam,High Phosphorus & Nitrogen (P-N Rich),22.1,10,68.3
Talong (Eggplant),Volcanic / Silt Loam,Balanced Organic (High C / Moderate K),23.6,14,91.6
Sili (Chili Pepper),Volcanic / Silt Loam,Balanced Organic (High C / Moderate K),23.1,10,97.5
Kamatis (Tomato),Clay Loam,Balanced Organic (High C / Moderate K),21.2,14,94.4
Pechay,Sandy Loam,High Nitrogen & Fiber (N-Rich),25.8,7,96.5
Kamatis (Tomato),Clay Loam,High Phosphorus & Nitrogen (P-N Rich),20.9,14,91.0
Talong (Eggplant),Volcanic / Silt Loam,High Phosphorus & Nitrogen (P-N Rich),24.9,14,94.0
Talong (Eggplant),Clay Loam,Organic Soil Conditioner (High Carbon),32.8,14,70.4
Kamatis (Tomato),Sandy Loam,High Phosphorus & Nitrogen (P-N Rich),31.8,14,90.9
Sili (Chili Pepper),Clay Loam,High Nitrogen & Fiber (N-Rich),18.6,10,65.2
Sili (Chili Pepper),Sandy Loam,High Phosphorus & Nitrogen (P-N Rich),28.4,10,75.0
Talong (Eggplant),Sandy Loam,High Nitrogen & Fiber (N-Rich),50.0,14,66.4
Kangkong,Clay Loam,High Nitrogen & Fiber (N-Rich),17.9,7,95.5
Sili (Chili Pepper),Volcanic / Silt Loam,High Phosphorus & Nitrogen (P-N Rich),23.0,10,81.0
Kamatis (Tomato),Sandy Loam,Organic Soil Conditioner (High Carbon),50.0,14,79.0
Sili (Chili Pepper),Clay Loam,Balanced Organic (High C / Moderate K),18.2,10,92.4
Kamatis (Tomato),Sandy Loam,Balanced Organic (High C / Moderate K),29.5,14,91.4
Talong (Eggplant),Volcanic / Silt Loam,High Phosphorus & Nitrogen (P-N Rich),24.3,14,92.8
Sili (Chili Pepper),Clay Loam,High Phosphorus & Nitrogen (P-N Rich),20.6,10,81.6
Kamatis (Tomato),Clay Loam,High Nitrogen & Fiber (N-Rich),33.7,14,79.1
Talong (Eggplant),Clay Loam,High Phosphorus & Nitrogen (P-N Rich),19.7,14,92.0
Kangkong,Volcanic / Silt Loam,High Nitrogen & Fiber (N-Rich),18.8,7,92.1
Kamatis (Tomato),Sandy Loam,Organic Soil Conditioner (High Carbon),49.9,14,80.7
Kangkong,Clay Loam,High Phosphorus & Nitrogen (P-N Rich),29.0,7,66.7
Kangkong,Sandy Loam,Balanced Organic (High C / Moderate K),43.8,7,94.8
Pechay,Sandy Loam,Balanced Organic (High C / Moderate K),42.8,7,88.1
Sili (Chili Pepper),Volcanic / Silt Loam,High Phosphorus & Nitrogen (P-N Rich),21.9,10,70.4
Kamatis (Tomato),Clay Loam,High Nitrogen & Fiber (N-Rich),35.6,14,81.6
Kangkong,Sandy Loam,Balanced Organic (High C / Moderate K),43.4,7,97.6
Pechay,Clay Loam,High Nitrogen & Fiber (N-Rich),16.9,7,97.3
Talong (Eggplant),Clay Loam,High Phosphorus & Nitrogen (P-N Rich),21.1,14,98.0
Kamatis (Tomato),Volcanic / Silt Loam,High Phosphorus & Nitrogen (P-N Rich),25.1,14,99.0
Kangkong,Clay Loam,Balanced Organic (High C / Moderate K),30.1,7,90.8
Sili (Chili Pepper),Clay Loam,High Phosphorus & Nitrogen (P-N Rich),18.9,10,69.0
Pechay,Sandy Loam,Organic Soil Conditioner (High Carbon),43.8,7,80.4
Kangkong,Volcanic / Silt Loam,Organic Soil Conditioner (High Carbon),34.8,7,74.0
Sili (Chili Pepper),Clay Loam,Balanced Organic (High C / Moderate K),19.3,10,93.3
Kangkong,Sandy Loam,Organic Soil Conditioner (High Carbon),43.0,7,68.2
Kamatis (Tomato),Volcanic / Silt Loam,High Nitrogen & Fiber (N-Rich),39.6,14,74.4
Kamatis (Tomato),Volcanic / Silt Loam,Balanced Organic (High C / Moderate K),23.8,14,90.6
Kamatis (Tomato),Sandy Loam,Balanced Organic (High C / Moderate K),31.6,14,93.4
Pechay,Sandy Loam,High Nitrogen & Fiber (N-Rich),25.5,7,94.4
Kamatis (Tomato),Sandy Loam,Organic Soil Conditioner (High Carbon),49.3,14,66.5
Sili (Chili Pepper),Sandy Loam,Organic Soil Conditioner (High Carbon),27.9,10,78.4
Kangkong,Sandy Loam,Organic Soil Conditioner (High Carbon),42.3,7,69.3
Talong (Eggplant),Clay Loam,Balanced Organic (High C / Moderate K),20.4,14,97.4
Sili (Chili Pepper),Clay Loam,Balanced Organic (High C / Moderate K),17.8,10,89.4
Sili (Chili Pepper),Volcanic / Silt Loam,Organic Soil Conditioner (High Carbon),22.2,10,77.0
Kamatis (Tomato),Clay Loam,High Phosphorus & Nitrogen (P-N Rich),20.8,14,98.0
Pechay,Clay Loam,Organic Soil Conditioner (High Carbon),27.5,7,80.8
Kangkong,Clay Loam,High Nitrogen & Fiber (N-Rich),19.1,7,93.7
Pechay,Sandy Loam,Balanced Organic (High C / Moderate K),43.4,7,95.6
Kangkong,Volcanic / Silt Loam,High Nitrogen & Fiber (N-Rich),19.8,7,89.2
Kangkong,Volcanic / Silt Loam,High Nitrogen & Fiber (N-Rich),21.0,7,88.8
Pechay,Volcanic / Silt Loam,Balanced Organic (High C / Moderate K),34.4,7,96.6
Sili (Chili Pepper),Volcanic / Silt Loam,High Phosphorus & Nitrogen (P-N Rich),21.8,10,75.8
Kangkong,Clay Loam,Organic Soil Conditioner (High Carbon),30.7,7,80.0
Pechay,Clay Loam,High Nitrogen & Fiber (N-Rich),16.7,7,92.0
Kangkong,Sandy Loam,Balanced Organic (High C / Moderate K),42.5,7,94.6
Talong (Eggplant),Volcanic / Silt Loam,High Nitrogen & Fiber (N-Rich),41.0,14,80.4
Sili (Chili Pepper),Clay Loam,Organic Soil Conditioner (High Carbon),18.8,10,73.6
Kamatis (Tomato),Clay Loam,High Phosphorus & Nitrogen (P-N Rich),21.2,14,93.4
Kangkong,Sandy Loam,High Phosphorus & Nitrogen (P-N Rich),44.8,7,68.0
Talong (Eggplant),Sandy Loam,High Phosphorus & Nitrogen (P-N Rich),31.3,14,96.5
Kamatis (Tomato),Sandy Loam,Balanced Organic (High C / Moderate K),30.4,14,96.7
Kamatis (Tomato),Clay Loam,Balanced Organic (High C / Moderate K),21.9,14,97.5
Kangkong,Clay Loam,High Phosphorus & Nitrogen (P-N Rich),29.5,7,80.2
Pechay,Sandy Loam,Organic Soil Conditioner (High Carbon),43.5,7,81.6
Kangkong,Volcanic / Silt Loam,Organic Soil Conditioner (High Carbon),36.7,7,79.8
Talong (Eggplant),Sandy Loam,Balanced Organic (High C / Moderate K),31.7,14,94.0
Kamatis (Tomato),Sandy Loam,High Phosphorus & Nitrogen (P-N Rich),31.3,14,88.6
Kangkong,Sandy Loam,Organic Soil Conditioner (High Carbon),45.1,7,76.0
Pechay,Sandy Loam,Organic Soil Conditioner (High Carbon),42.7,7,73.5
Kangkong,Clay Loam,Organic Soil Conditioner (High Carbon),29.7,7,69.7
Sili (Chili Pepper),Volcanic / Silt Loam,Balanced Organic (High C / Moderate K),21.6,10,89.7
Pechay,Sandy Loam,High Phosphorus & Nitrogen (P-N Rich),43.2,7,75.0
Talong (Eggplant),Volcanic / Silt Loam,High Nitrogen & Fiber (N-Rich),40.3,14,75.4
Kamatis (Tomato),Volcanic / Silt Loam,High Phosphorus & Nitrogen (P-N Rich),24.6,14,96.6
Kangkong,Volcanic / Silt Loam,High Phosphorus & Nitrogen (P-N Rich),35.2,7,69.0
Pechay,Sandy Loam,Balanced Organic (High C / Moderate K),43.6,7,97.1
Sili (Chili Pepper),Clay Loam,Organic Soil Conditioner (High Carbon),18.6,10,76.9
Pechay,Sandy Loam,Organic Soil Conditioner (High Carbon),43.1,7,74.5
Sili (Chili Pepper),Volcanic / Silt Loam,Balanced Organic (High C / Moderate K),23.7,10,90.1
Talong (Eggplant),Volcanic / Silt Loam,Balanced Organic (High C / Moderate K),24.1,14,91.6
Kamatis (Tomato),Clay Loam,Balanced Organic (High C / Moderate K),20.9,14,96.6
Talong (Eggplant),Sandy Loam,Balanced Organic (High C / Moderate K),32.0,14,97.2
Kangkong,Volcanic / Silt Loam,Balanced Organic (High C / Moderate K),34.8,7,89.1
Pechay,Clay Loam,High Nitrogen & Fiber (N-Rich),17.2,7,88.9
Sili (Chili Pepper),Volcanic / Silt Loam,High Phosphorus & Nitrogen (P-N Rich),22.7,10,75.9
Sili (Chili Pepper),Clay Loam,High Phosphorus & Nitrogen (P-N Rich),18.7,10,71.2
Pechay,Clay Loam,High Phosphorus & Nitrogen (P-N Rich),27.3,7,69.9
Pechay,Sandy Loam,Organic Soil Conditioner (High Carbon),43.8,7,70.9
Kangkong,Volcanic / Silt Loam,High Nitrogen & Fiber (N-Rich),20.5,7,95.6
Talong (Eggplant),Sandy Loam,High Phosphorus & Nitrogen (P-N Rich),31.6,14,98.7
Sili (Chili Pepper),Volcanic / Silt Loam,Organic Soil Conditioner (High Carbon),21.4,10,69.5
Kangkong,Sandy Loam,High Nitrogen & Fiber (N-Rich),26.2,7,95.4
Talong (Eggplant),Volcanic / Silt Loam,High Nitrogen & Fiber (N-Rich),38.7,14,73.1
Kangkong,Sandy Loam,Organic Soil Conditioner (High Carbon),43.5,7,71.3
Sili (Chili Pepper),Clay Loam,High Nitrogen & Fiber (N-Rich),19.3,10,65.3
Pechay,Volcanic / Silt Loam,Organic Soil Conditioner (High Carbon),37.7,7,73.9
Pechay,Volcanic / Silt Loam,High Phosphorus & Nitrogen (P-N Rich),34.1,7,81.6
Talong (Eggplant),Clay Loam,Organic Soil Conditioner (High Carbon),32.5,14,71.1
Kamatis (Tomato),Sandy Loam,High Nitrogen & Fiber (N-Rich),52.1,14,78.6
Talong (Eggplant),Volcanic / Silt Loam,High Phosphorus & Nitrogen (P-N Rich),25.7,14,97.4
Kamatis (Tomato),Volcanic / Silt Loam,High Phosphorus & Nitrogen (P-N Rich),25.3,14,96.9
Kangkong,Sandy Loam,Balanced Organic (High C / Moderate K),43.2,7,92.8
Kangkong,Clay Loam,Balanced Organic (High C / Moderate K),29.7,7,91.2
Sili (Chili Pepper),Sandy Loam,High Nitrogen & Fiber (N-Rich),27.0,10,71.0
Kamatis (Tomato),Sandy Loam,Organic Soil Conditioner (High Carbon),50.8,14,69.3
Sili (Chili Pepper),Sandy Loam,Organic Soil Conditioner (High Carbon),28.1,10,69.2
Pechay,Volcanic / Silt Loam,High Nitrogen & Fiber (N-Rich),20.1,7,88.5
Kamatis (Tomato),Clay Loam,High Phosphorus & Nitrogen (P-N Rich),21.7,14,91.5
Talong (Eggplant),Clay Loam,High Nitrogen & Fiber (N-Rich),34.2,14,69.2
Pechay,Sandy Loam,High Nitrogen & Fiber (N-Rich),24.2,7,89.8
Pechay,Volcanic / Silt Loam,High Phosphorus & Nitrogen (P-N Rich),33.7,7,74.0
Talong (Eggplant),Sandy Loam,Organic Soil Conditioner (High Carbon),50.6,14,65.6
Pechay,Volcanic / Silt Loam,High Nitrogen & Fiber (N-Rich),20.8,7,88.4
Kamatis (Tomato),Volcanic / Silt Loam,Organic Soil Conditioner (High Carbon),39.5,14,72.3
Sili (Chili Pepper),Volcanic / Silt Loam,High Nitrogen & Fiber (N-Rich),23.5,10,72.7
Pechay,Volcanic / Silt Loam,High Phosphorus & Nitrogen (P-N Rich),35.1,7,69.6
Kamatis (Tomato),Clay Loam,High Phosphorus & Nitrogen (P-N Rich),19.7,14,89.3
Kangkong,Volcanic / Silt Loam,Balanced Organic (High C / Moderate K),35.5,7,92.9
Kamatis (Tomato),Volcanic / Silt Loam,High Phosphorus & Nitrogen (P-N Rich),26.9,14,95.1
Sili (Chili Pepper),Sandy Loam,Balanced Organic (High C / Moderate K),27.4,10,94.0
Kamatis (Tomato),Sandy Loam,High Nitrogen & Fiber (N-Rich),50.2,14,77.6
Talong (Eggplant),Clay Loam,Organic Soil Conditioner (High Carbon),35.5,14,76.5
Sili (Chili Pepper),Sandy Loam,High Phosphorus & Nitrogen (P-N Rich),25.9,10,79.9
Kangkong,Volcanic / Silt Loam,High Phosphorus & Nitrogen (P-N Rich),33.8,7,78.0
Talong (Eggplant),Sandy Loam,High Phosphorus & Nitrogen (P-N Rich),31.4,14,94.4
Kamatis (Tomato),Clay Loam,High Nitrogen & Fiber (N-Rich),33.5,14,72.3
Sili (Chili Pepper),Sandy Loam,Balanced Organic (High C / Moderate K),27.6,10,91.6
Kangkong,Sandy Loam,High Nitrogen & Fiber (N-Rich),24.3,7,93.3
Talong (Eggplant),Clay Loam,Organic Soil Conditioner (High Carbon),35.2,14,66.8
Kangkong,Clay Loam,High Nitrogen & Fiber (N-Rich),17.5,7,96.4
Kamatis (Tomato),Volcanic / Silt Loam,Organic Soil Conditioner (High Carbon),40.4,14,80.4
Kangkong,Sandy Loam,High Phosphorus & Nitrogen (P-N Rich),43.7,7,79.7
Pechay,Volcanic / Silt Loam,Organic Soil Conditioner (High Carbon),34.8,7,70.0
Talong (Eggplant),Sandy Loam,Organic Soil Conditioner (High Carbon),49.0,14,71.8
Kangkong,Sandy Loam,Balanced Organic (High C / Moderate K),45.0,7,94.3
Kamatis (Tomato),Volcanic / Silt Loam,Organic Soil Conditioner (High Carbon),40.4,14,73.7
Kamatis (Tomato),Sandy Loam,Organic Soil Conditioner (High Carbon),49.7,14,66.8
Kangkong,Sandy Loam,High Nitrogen & Fiber (N-Rich),25.6,7,98.7
Kamatis (Tomato),Sandy Loam,High Phosphorus & Nitrogen (P-N Rich),31.9,14,89.3
Sili (Chili Pepper),Clay Loam,High Nitrogen & Fiber (N-Rich),19.1,10,72.4
Sili (Chili Pepper),Volcanic / Silt Loam,High Nitrogen & Fiber (N-Rich),23.4,10,80.8
Sili (Chili Pepper),Clay Loam,High Phosphorus & Nitrogen (P-N Rich),19.7,10,79.4
Pechay,Volcanic / Silt Loam,High Phosphorus & Nitrogen (P-N Rich),35.6,7,70.0
Kangkong,Volcanic / Silt Loam,Organic Soil Conditioner (High Carbon),34.8,7,80.3
Pechay,Sandy Loam,Organic Soil Conditioner (High Carbon),43.5,7,81.6
Kamatis (Tomato),Volcanic / Silt Loam,Balanced Organic (High C / Moderate K),26.0,14,98.9
Pechay,Clay Loam,High Nitrogen & Fiber (N-Rich),18.1,7,93.2
Kamatis (Tomato),Clay Loam,High Phosphorus & Nitrogen (P-N Rich),23.3,14,91.5
Kamatis (Tomato),Clay Loam,Organic Soil Conditioner (High Carbon),34.1,14,66.3
Talong (Eggplant),Volcanic / Silt Loam,High Phosphorus & Nitrogen (P-N Rich),25.1,14,89.5
Sili (Chili Pepper),Clay Loam,Organic Soil Conditioner (High Carbon),17.7,10,78.2
Kamatis (Tomato),Volcanic / Silt Loam,Balanced Organic (High C / Moderate K),26.4,14,90.8
Talong (Eggplant),Clay Loam,Balanced Organic (High C / Moderate K),21.6,14,97.5
Sili (Chili Pepper),Clay Loam,High Phosphorus & Nitrogen (P-N Rich),20.2,10,75.4
Kamatis (Tomato),Volcanic / Silt Loam,Balanced Organic (High C / Moderate K),23.9,14,89.0
Kamatis (Tomato),Clay Loam,High Phosphorus & Nitrogen (P-N Rich),21.2,14,90.3
Pechay,Sandy Loam,Organic Soil Conditioner (High Carbon),43.6,7,76.2
Pechay,Volcanic / Silt Loam,High Nitrogen & Fiber (N-Rich),20.6,7,90.3
Sili (Chili Pepper),Volcanic / Silt Loam,Balanced Organic (High C / Moderate K),22.3,10,95.1
Kamatis (Tomato),Volcanic / Silt Loam,Organic Soil Conditioner (High Carbon),40.4,14,79.8
Kangkong,Sandy Loam,High Nitrogen & Fiber (N-Rich),24.5,7,93.9
Pechay,Volcanic / Silt Loam,High Nitrogen & Fiber (N-Rich),20.3,7,91.8
Sili (Chili Pepper),Clay Loam,High Nitrogen & Fiber (N-Rich),19.3,10,71.6
Kamatis (Tomato),Clay Loam,Organic Soil Conditioner (High Carbon),34.0,14,79.9
Kamatis (Tomato),Clay Loam,Organic Soil Conditioner (High Carbon),33.6,14,67.3
Kangkong,Volcanic / Silt Loam,High Phosphorus & Nitrogen (P-N Rich),34.1,7,69.9
Sili (Chili Pepper),Clay Loam,High Nitrogen & Fiber (N-Rich),19.5,10,75.5
Kamatis (Tomato),Volcanic / Silt Loam,High Nitrogen & Fiber (N-Rich),40.4,14,73.9
Pechay,Clay Loam,High Nitrogen & Fiber (N-Rich),19.1,7,90.3
Kangkong,Sandy Loam,High Phosphorus & Nitrogen (P-N Rich),44.7,7,77.6
Sili (Chili Pepper),Sandy Loam,High Nitrogen & Fiber (N-Rich),26.4,10,68.7
Kangkong,Sandy Loam,Organic Soil Conditioner (High Carbon),42.7,7,81.3
Pechay,Sandy Loam,High Nitrogen & Fiber (N-Rich),25.6,7,92.9
Sili (Chili Pepper),Volcanic / Silt Loam,Balanced Organic (High C / Moderate K),22.7,10,90.9
Kangkong,Clay Loam,Organic Soil Conditioner (High Carbon),29.7,7,74.7
Talong (Eggplant),Sandy Loam,High Phosphorus & Nitrogen (P-N Rich),32.0,14,98.4
Pechay,Volcanic / Silt Loam,High Nitrogen & Fiber (N-Rich),20.4,7,90.4
Pechay,Sandy Loam,Balanced Organic (High C / Moderate K),43.9,7,97.1
Pechay,Sandy Loam,High Phosphorus & Nitrogen (P-N Rich),42.2,7,79.4
Talong (Eggplant),Volcanic / Silt Loam,High Phosphorus & Nitrogen (P-N Rich),25.9,14,98.3
Talong (Eggplant),Volcanic / Silt Loam,Organic Soil Conditioner (High Carbon),38.2,14,72.3
Kamatis (Tomato),Clay Loam,High Phosphorus & Nitrogen (P-N Rich),22.6,14,94.2
Kangkong,Clay Loam,High Phosphorus & Nitrogen (P-N Rich),31.4,7,73.0
Kamatis (Tomato),Sandy Loam,High Phosphorus & Nitrogen (P-N Rich),30.2,14,89.5
Kangkong,Sandy Loam,High Phosphorus & Nitrogen (P-N Rich),44.4,7,65.1
Talong (Eggplant),Clay Loam,High Nitrogen & Fiber (N-Rich),33.2,14,66.7
Talong (Eggplant),Clay Loam,High Nitrogen & Fiber (N-Rich),33.5,14,80.5
Kamatis (Tomato),Volcanic / Silt Loam,High Nitrogen & Fiber (N-Rich),39.5,14,68.1
Sili (Chili Pepper),Clay Loam,High Nitrogen & Fiber (N-Rich),19.1,10,65.2
Kamatis (Tomato),Clay Loam,Balanced Organic (High C / Moderate K),21.5,14,94.8
Kangkong,Sandy Loam,High Nitrogen & Fiber (N-Rich),24.8,7,90.1
Kamatis (Tomato),Clay Loam,High Phosphorus & Nitrogen (P-N Rich),19.8,14,98.5
Pechay,Sandy Loam,High Nitrogen & Fiber (N-Rich),24.7,7,90.7
Kangkong,Clay Loam,High Nitrogen & Fiber (N-Rich),18.3,7,91.3
Kangkong,Volcanic / Silt Loam,Organic Soil Conditioner (High Carbon),35.7,7,72.8
Sili (Chili Pepper),Clay Loam,High Phosphorus & Nitrogen (P-N Rich),18.0,10,66.2
Talong (Eggplant),Clay Loam,High Nitrogen & Fiber (N-Rich),34.2,14,81.2
Kangkong,Clay Loam,High Nitrogen & Fiber (N-Rich),16.9,7,96.9
Talong (Eggplant),Sandy Loam,High Nitrogen & Fiber (N-Rich),51.4,14,81.5
Kamatis (Tomato),Volcanic / Silt Loam,Balanced Organic (High C / Moderate K),24.9,14,92.1
Pechay,Clay Loam,High Nitrogen & Fiber (N-Rich),16.0,7,90.0
Sili (Chili Pepper),Sandy Loam,Organic Soil Conditioner (High Carbon),27.3,10,81.7
Talong (Eggplant),Volcanic / Silt Loam,High Phosphorus & Nitrogen (P-N Rich),26.4,14,89.1
Kangkong,Sandy Loam,High Phosphorus & Nitrogen (P-N Rich),44.7,7,74.1
Talong (Eggplant),Sandy Loam,High Nitrogen & Fiber (N-Rich),50.1,14,76.3
Kangkong,Volcanic / Silt Loam,High Nitrogen & Fiber (N-Rich),19.2,7,91.2
Talong (Eggplant),Clay Loam,High Nitrogen & Fiber (N-Rich),34.6,14,81.0
Kangkong,Sandy Loam,High Phosphorus & Nitrogen (P-N Rich),42.9,7,68.9
Kamatis (Tomato),Sandy Loam,High Phosphorus & Nitrogen (P-N Rich),31.5,14,93.6
Kangkong,Clay Loam,Balanced Organic (High C / Moderate K),30.3,7,92.3
Kangkong,Clay Loam,Organic Soil Conditioner (High Carbon),28.7,7,71.3
Pechay,Volcanic / Silt Loam,Balanced Organic (High C / Moderate K),34.9,7,95.0
Kangkong,Volcanic / Silt Loam,Organic Soil Conditioner (High Carbon),35.3,7,71.2
Pechay,Volcanic / Silt Loam,Balanced Organic (High C / Moderate K),35.5,7,94.7
Sili (Chili Pepper),Clay Loam,High Phosphorus & Nitrogen (P-N Rich),19.2,10,71.2
Pechay,Sandy Loam,Balanced Organic (High C / Moderate K),43.2,7,93.4
Kamatis (Tomato),Sandy Loam,Organic Soil Conditioner (High Carbon),49.6,14,68.8
Pechay,Volcanic / Silt Loam,High Nitrogen & Fiber (N-Rich),19.7,7,96.5
Sili (Chili Pepper),Clay Loam,Organic Soil Conditioner (High Carbon),16.6,10,68.9
Kamatis (Tomato),Sandy Loam,High Nitrogen & Fiber (N-Rich),51.1,14,74.9
Talong (Eggplant),Volcanic / Silt Loam,High Phosphorus & Nitrogen (P-N Rich),24.9,14,97.6
Talong (Eggplant),Sandy Loam,Organic Soil Conditioner (High Carbon),50.9,14,65.3
Pechay,Sandy Loam,Balanced Organic (High C / Moderate K),44.7,7,92.7
Pechay,Clay Loam,Organic Soil Conditioner (High Carbon),31.4,7,76.1
Sili (Chili Pepper),Clay Loam,High Nitrogen & Fiber (N-Rich),17.8,10,67.6
Sili (Chili Pepper),Sandy Loam,High Phosphorus & Nitrogen (P-N Rich),27.9,10,77.8
Kangkong,Volcanic / Silt Loam,Balanced Organic (High C / Moderate K),34.9,7,91.7
Sili (Chili Pepper),Clay Loam,Organic Soil Conditioner (High Carbon),18.7,10,71.9
Kangkong,Sandy Loam,High Nitrogen & Fiber (N-Rich),25.5,7,95.8
Kamatis (Tomato),Clay Loam,Balanced Organic (High C / Moderate K),20.7,14,94.9
Pechay,Clay Loam,High Phosphorus & Nitrogen (P-N Rich),29.5,7,75.0
Kamatis (Tomato),Clay Loam,Balanced Organic (High C / Moderate K),19.5,14,94.6
Sili (Chili Pepper),Sandy Loam,High Phosphorus & Nitrogen (P-N Rich),27.0,10,73.0
Kamatis (Tomato),Volcanic / Silt Loam,Balanced Organic (High C / Moderate K),26.4,14,90.2
Kamatis (Tomato),Volcanic / Silt Loam,Organic Soil Conditioner (High Carbon),40.6,14,68.6
Kamatis (Tomato),Volcanic / Silt Loam,High Nitrogen & Fiber (N-Rich),40.5,14,68.4
Sili (Chili Pepper),Clay Loam,Organic Soil Conditioner (High Carbon),19.4,10,81.3
Kamatis (Tomato),Sandy Loam,Organic Soil Conditioner (High Carbon),50.0,14,77.0
Kangkong,Clay Loam,High Phosphorus & Nitrogen (P-N Rich),30.7,7,77.3
Sili (Chili Pepper),Volcanic / Silt Loam,High Phosphorus & Nitrogen (P-N Rich),21.5,10,70.8
Kamatis (Tomato),Volcanic / Silt Loam,High Phosphorus & Nitrogen (P-N Rich),24.9,14,97.0
Sili (Chili Pepper),Sandy Loam,Organic Soil Conditioner (High Carbon),27.4,10,70.8
Talong (Eggplant),Clay Loam,Balanced Organic (High C / Moderate K),22.2,14,92.5
Kangkong,Volcanic / Silt Loam,Balanced Organic (High C / Moderate K),34.4,7,89.1
Kamatis (Tomato),Sandy Loam,Organic Soil Conditioner (High Carbon),49.8,14,71.0
Talong (Eggplant),Clay Loam,Organic Soil Conditioner (High Carbon),33.6,14,71.3
Talong (Eggplant),Clay Loam,High Nitrogen & Fiber (N-Rich),35.4,14,78.2
Sili (Chili Pepper),Volcanic / Silt Loam,High Phosphorus & Nitrogen (P-N Rich),22.9,10,77.9
Talong (Eggplant),Volcanic / Silt Loam,High Phosphorus & Nitrogen (P-N Rich),25.4,14,89.3
Kangkong,Clay Loam,Organic Soil Conditioner (High Carbon),30.4,7,74.8
Kangkong,Clay Loam,Organic Soil Conditioner (High Carbon),29.0,7,80.1
Pechay,Volcanic / Silt Loam,Balanced Organic (High C / Moderate K),35.5,7,92.7
Kangkong,Clay Loam,Organic Soil Conditioner (High Carbon),30.1,7,73.4
Talong (Eggplant),Volcanic / Silt Loam,Balanced Organic (High C / Moderate K),24.4,14,93.6
Kangkong,Clay Loam,Organic Soil Conditioner (High Carbon),28.5,7,65.4
Sili (Chili Pepper),Volcanic / Silt Loam,High Nitrogen & Fiber (N-Rich),22.1,10,67.1
Pechay,Sandy Loam,High Nitrogen & Fiber (N-Rich),25.0,7,92.0
Talong (Eggplant),Volcanic / Silt Loam,Balanced Organic (High C / Moderate K),23.6,14,98.6
Pechay,Volcanic / Silt Loam,High Phosphorus & Nitrogen (P-N Rich),35.2,7,74.8
Talong (Eggplant),Sandy Loam,High Nitrogen & Fiber (N-Rich),50.6,14,73.1
Sili (Chili Pepper),Clay Loam,Balanced Organic (High C / Moderate K),19.6,10,97.4
Pechay,Sandy Loam,Organic Soil Conditioner (High Carbon),43.7,7,70.0
Kamatis (Tomato),Volcanic / Silt Loam,Organic Soil Conditioner (High Carbon),40.2,14,67.2
Talong (Eggplant),Clay Loam,Balanced Organic (High C / Moderate K),22.1,14,97.8
Kamatis (Tomato),Sandy Loam,High Phosphorus & Nitrogen (P-N Rich),31.3,14,98.3
Pechay,Clay Loam,Balanced Organic (High C / Moderate K),29.2,7,92.1
Kamatis (Tomato),Clay Loam,Balanced Organic (High C / Moderate K),20.7,14,94.9
Kamatis (Tomato),Sandy Loam,High Nitrogen & Fiber (N-Rich),50.7,14,74.5
Pechay,Clay Loam,Balanced Organic (High C / Moderate K),29.9,7,95.8
Sili (Chili Pepper),Sandy Loam,Balanced Organic (High C / Moderate K),27.3,10,94.7
Kamatis (Tomato),Volcanic / Silt Loam,Organic Soil Conditioner (High Carbon),39.4,14,81.1
Kamatis (Tomato),Clay Loam,High Nitrogen & Fiber (N-Rich),33.8,14,73.6
Sili (Chili Pepper),Volcanic / Silt Loam,Organic Soil Conditioner (High Carbon),22.1,10,66.5
Kamatis (Tomato),Volcanic / Silt Loam,Organic Soil Conditioner (High Carbon),41.3,14,71.3
Kamatis (Tomato),Clay Loam,High Phosphorus & Nitrogen (P-N Rich),22.3,14,88.7
Kamatis (Tomato),Sandy Loam,High Phosphorus & Nitrogen (P-N Rich),32.7,14,91.1
Kangkong,Clay Loam,High Nitrogen & Fiber (N-Rich),16.6,7,98.0
Sili (Chili Pepper),Volcanic / Silt Loam,High Nitrogen & Fiber (N-Rich),20.5,10,74.2
Kamatis (Tomato),Volcanic / Silt Loam,High Phosphorus & Nitrogen (P-N Rich),24.9,14,89.1
Sili (Chili Pepper),Sandy Loam,High Phosphorus & Nitrogen (P-N Rich),28.0,10,66.4
Talong (Eggplant),Clay Loam,High Phosphorus & Nitrogen (P-N Rich),21.5,14,92.3
Talong (Eggplant),Volcanic / Silt Loam,High Phosphorus & Nitrogen (P-N Rich),27.0,14,95.6
Kamatis (Tomato),Volcanic / Silt Loam,High Phosphorus & Nitrogen (P-N Rich),25.7,14,88.6
Sili (Chili Pepper),Volcanic / Silt Loam,Organic Soil Conditioner (High Carbon),21.5,10,66.4
Sili (Chili Pepper),Sandy Loam,High Nitrogen & Fiber (N-Rich),28.5,10,79.5
Sili (Chili Pepper),Volcanic / Silt Loam,Organic Soil Conditioner (High Carbon),20.7,10,67.6
Kangkong,Volcanic / Silt Loam,Organic Soil Conditioner (High Carbon),34.7,7,66.1
Talong (Eggplant),Clay Loam,Balanced Organic (High C / Moderate K),21.0,14,91.4
Sili (Chili Pepper),Clay Loam,Organic Soil Conditioner (High Carbon),19.8,10,73.7
Sili (Chili Pepper),Volcanic / Silt Loam,High Phosphorus & Nitrogen (P-N Rich),22.3,10,76.2
Kangkong,Volcanic / Silt Loam,High Phosphorus & Nitrogen (P-N Rich),34.4,7,75.3
Kangkong,Clay Loam,Balanced Organic (High C / Moderate K),27.8,7,92.6
Sili (Chili Pepper),Sandy Loam,Balanced Organic (High C / Moderate K),26.6,10,97.3
Pechay,Sandy Loam,Balanced Organic (High C / Moderate K),44.2,7,97.8
Sili (Chili Pepper),Sandy Loam,Balanced Organic (High C / Moderate K),29.5,10,97.4
Sili (Chili Pepper),Sandy Loam,Balanced Organic (High C / Moderate K),27.4,10,91.0
Kangkong,Sandy Loam,Organic Soil Conditioner (High Carbon),42.4,7,77.2
Kangkong,Sandy Loam,Balanced Organic (High C / Moderate K),44.5,7,88.3
Sili (Chili Pepper),Sandy Loam,Organic Soil Conditioner (High Carbon),27.9,10,77.8
Sili (Chili Pepper),Sandy Loam,High Nitrogen & Fiber (N-Rich),27.1,10,72.1
Sili (Chili Pepper),Clay Loam,Balanced Organic (High C / Moderate K),17.7,10,94.3
Kangkong,Sandy Loam,Balanced Organic (High C / Moderate K),43.3,7,96.5
Sili (Chili Pepper),Sandy Loam,Organic Soil Conditioner (High Carbon),27.5,10,72.4
Sili (Chili Pepper),Sandy Loam,High Nitrogen & Fiber (N-Rich),27.3,10,76.2
Kamatis (Tomato),Volcanic / Silt Loam,Organic Soil Conditioner (High Carbon),39.1,14,70.3
Pechay,Clay Loam,Organic Soil Conditioner (High Carbon),28.7,7,76.6
Talong (Eggplant),Clay Loam,Balanced Organic (High C / Moderate K),20.7,14,88.6
Pechay,Clay Loam,High Phosphorus & Nitrogen (P-N Rich),30.3,7,66.4
Kamatis (Tomato),Sandy Loam,High Phosphorus & Nitrogen (P-N Rich),31.0,14,97.6
Talong (Eggplant),Sandy Loam,Organic Soil Conditioner (High Carbon),50.8,14,76.9
Sili (Chili Pepper),Volcanic / Silt Loam,Balanced Organic (High C / Moderate K),21.6,10,94.1
Kamatis (Tomato),Clay Loam,High Nitrogen & Fiber (N-Rich),34.7,14,73.9
Sili (Chili Pepper),Sandy Loam,High Phosphorus & Nitrogen (P-N Rich),28.1,10,73.3
Kangkong,Clay Loam,High Nitrogen & Fiber (N-Rich),16.8,7,89.8
Kamatis (Tomato),Volcanic / Silt Loam,High Phosphorus & Nitrogen (P-N Rich),26.5,14,89.6
Kangkong,Volcanic / Silt Loam,Balanced Organic (High C / Moderate K),35.7,7,90.1
Kamatis (Tomato),Volcanic / Silt Loam,Organic Soil Conditioner (High Carbon),41.0,14,71.6
Kamatis (Tomato),Clay Loam,High Nitrogen & Fiber (N-Rich),34.7,14,72.6
Kangkong,Sandy Loam,High Nitrogen & Fiber (N-Rich),24.8,7,98.3
Talong (Eggplant),Sandy Loam,Organic Soil Conditioner (High Carbon),51.3,14,74.7
Pechay,Volcanic / Silt Loam,High Nitrogen & Fiber (N-Rich),20.8,7,95.6
Sili (Chili Pepper),Sandy Loam,High Phosphorus & Nitrogen (P-N Rich),27.7,10,71.1
Kamatis (Tomato),Volcanic / Silt Loam,Organic Soil Conditioner (High Carbon),40.9,14,70.1
Sili (Chili Pepper),Clay Loam,High Phosphorus & Nitrogen (P-N Rich),19.7,10,75.4
Kangkong,Volcanic / Silt Loam,High Phosphorus & Nitrogen (P-N Rich),35.9,7,79.4
Sili (Chili Pepper),Clay Loam,Balanced Organic (High C / Moderate K),18.7,10,92.0
Kangkong,Volcanic / Silt Loam,High Phosphorus & Nitrogen (P-N Rich),34.2,7,80.8
Sili (Chili Pepper),Sandy Loam,Balanced Organic (High C / Moderate K),28.2,10,94.2
Pechay,Sandy Loam,High Nitrogen & Fiber (N-Rich),25.2,7,93.9
Pechay,Volcanic / Silt Loam,High Nitrogen & Fiber (N-Rich),19.2,7,91.5
Pechay,Sandy Loam,Balanced Organic (High C / Moderate K),43.9,7,88.6
Pechay,Sandy Loam,High Phosphorus & Nitrogen (P-N Rich),44.1,7,79.9
Pechay,Sandy Loam,Organic Soil Conditioner (High Carbon),43.9,7,76.5
Pechay,Clay Loam,Organic Soil Conditioner (High Carbon),28.0,7,76.5
Kangkong,Sandy Loam,Balanced Organic (High C / Moderate K),44.2,7,98.6
Kamatis (Tomato),Clay Loam,High Nitrogen & Fiber (N-Rich),33.7,14,80.7
Sili (Chili Pepper),Volcanic / Silt Loam,High Nitrogen & Fiber (N-Rich),21.9,10,76.4
Pechay,Sandy Loam,Organic Soil Conditioner (High Carbon),44.3,7,81.2
Kangkong,Sandy Loam,Balanced Organic (High C / Moderate K),41.4,7,95.7
Kangkong,Sandy Loam,Organic Soil Conditioner (High Carbon),42.8,7,74.6
Kangkong,Volcanic / Silt Loam,High Phosphorus & Nitrogen (P-N Rich),36.0,7,67.5
Kamatis (Tomato),Clay Loam,High Phosphorus & Nitrogen (P-N Rich),21.2,14,88.2
Sili (Chili Pepper),Clay Loam,Balanced Organic (High C / Moderate K),19.4,10,91.0
Kamatis (Tomato),Sandy Loam,Balanced Organic (High C / Moderate K),31.8,14,98.4
Talong (Eggplant),Volcanic / Silt Loam,High Phosphorus & Nitrogen (P-N Rich),25.2,14,94.7
Kangkong,Volcanic / Silt Loam,High Nitrogen & Fiber (N-Rich),19.9,7,96.5
Talong (Eggplant),Volcanic / Silt Loam,Balanced Organic (High C / Moderate K),25.4,14,94.3
Pechay,Volcanic / Silt Loam,High Phosphorus & Nitrogen (P-N Rich),35.2,7,77.1
Pechay,Volcanic / Silt Loam,High Phosphorus & Nitrogen (P-N Rich),33.9,7,71.3
Kamatis (Tomato),Clay Loam,High Nitrogen & Fiber (N-Rich),32.6,14,67.8
Sili (Chili Pepper),Clay Loam,High Nitrogen & Fiber (N-Rich),19.0,10,65.4
Talong (Eggplant),Clay Loam,High Nitrogen & Fiber (N-Rich),33.3,14,78.6
Sili (Chili Pepper),Sandy Loam,High Nitrogen & Fiber (N-Rich),28.4,10,81.8
Kamatis (Tomato),Volcanic / Silt Loam,Organic Soil Conditioner (High Carbon),38.7,14,80.9
Pechay,Sandy Loam,High Nitrogen & Fiber (N-Rich),25.8,7,89.8
Sili (Chili Pepper),Volcanic / Silt Loam,Organic Soil Conditioner (High Carbon),22.7,10,66.5
Sili (Chili Pepper),Clay Loam,Balanced Organic (High C / Moderate K),18.8,10,97.5
Pechay,Sandy Loam,High Phosphorus & Nitrogen (P-N Rich),42.1,7,74.0
Talong (Eggplant),Clay Loam,Organic Soil Conditioner (High Carbon),33.8,14,69.6
Pechay,Volcanic / Silt Loam,Balanced Organic (High C / Moderate K),35.6,7,88.5
Sili (Chili Pepper),Volcanic / Silt Loam,Balanced Organic (High C / Moderate K),20.1,10,91.3
Talong (Eggplant),Volcanic / Silt Loam,Organic Soil Conditioner (High Carbon),40.7,14,69.7
Talong (Eggplant),Clay Loam,Balanced Organic (High C / Moderate K),20.4,14,89.4
Pechay,Volcanic / Silt Loam,Balanced Organic (High C / Moderate K),33.8,7,94.8
Sili (Chili Pepper),Clay Loam,Organic Soil Conditioner (High Carbon),19.3,10,77.2
Kamatis (Tomato),Sandy Loam,Balanced Organic (High C / Moderate K),31.1,14,94.2
Sili (Chili Pepper),Volcanic / Silt Loam,High Nitrogen & Fiber (N-Rich),22.3,10,72.7
Kangkong,Volcanic / Silt Loam,High Nitrogen & Fiber (N-Rich),20.1,7,96.7
Kamatis (Tomato),Volcanic / Silt Loam,High Phosphorus & Nitrogen (P-N Rich),24.7,14,88.4
Talong (Eggplant),Sandy Loam,Balanced Organic (High C / Moderate K),29.6,14,91.5
Kamatis (Tomato),Volcanic / Silt Loam,High Phosphorus & Nitrogen (P-N Rich),25.4,14,95.7
Talong (Eggplant),Clay Loam,High Nitrogen & Fiber (N-Rich),34.6,14,81.8
Talong (Eggplant),Clay Loam,High Nitrogen & Fiber (N-Rich),34.3,14,69.6
Kamatis (Tomato),Volcanic / Silt Loam,High Nitrogen & Fiber (N-Rich),40.4,14,71.2
Talong (Eggplant),Volcanic / Silt Loam,Balanced Organic (High C / Moderate K),25.1,14,96.1
Talong (Eggplant),Sandy Loam,Balanced Organic (High C / Moderate K),31.1,14,93.9
Kangkong,Sandy Loam,High Nitrogen & Fiber (N-Rich),26.0,7,91.2
Sili (Chili Pepper),Sandy Loam,High Phosphorus & Nitrogen (P-N Rich),28.6,10,68.6
Sili (Chili Pepper),Volcanic / Silt Loam,High Phosphorus & Nitrogen (P-N Rich),23.5,10,65.5
Kangkong,Sandy Loam,Organic Soil Conditioner (High Carbon),42.3,7,79.9
Kamatis (Tomato),Sandy Loam,High Nitrogen & Fiber (N-Rich),51.3,14,80.8
Pechay,Clay Loam,High Phosphorus & Nitrogen (P-N Rich),29.9,7,72.5
Pechay,Sandy Loam,High Nitrogen & Fiber (N-Rich),24.6,7,96.2
Pechay,Clay Loam,High Phosphorus & Nitrogen (P-N Rich),28.8,7,75.8
Kangkong,Clay Loam,Organic Soil Conditioner (High Carbon),30.4,7,65.3
Kangkong,Sandy Loam,Organic Soil Conditioner (High Carbon),44.2,7,71.8
Talong (Eggplant),Clay Loam,High Nitrogen & Fiber (N-Rich),34.3,14,72.6
Pechay,Volcanic / Silt Loam,High Phosphorus & Nitrogen (P-N Rich),35.4,7,69.9
Kamatis (Tomato),Volcanic / Silt Loam,Balanced Organic (High C / Moderate K),25.5,14,91.6
Kamatis (Tomato),Sandy Loam,Organic Soil Conditioner (High Carbon),51.5,14,67.8
Pechay,Volcanic / Silt Loam,High Nitrogen & Fiber (N-Rich),20.2,7,91.4
Pechay,Clay Loam,High Nitrogen & Fiber (N-Rich),17.5,7,98.8
Pechay,Volcanic / Silt Loam,High Phosphorus & Nitrogen (P-N Rich),34.7,7,78.0
Kangkong,Sandy Loam,High Nitrogen & Fiber (N-Rich),26.6,7,91.8
Kangkong,Sandy Loam,Organic Soil Conditioner (High Carbon),42.5,7,79.7
Kangkong,Clay Loam,High Nitrogen & Fiber (N-Rich),18.1,7,92.6
Sili (Chili Pepper),Sandy Loam,High Nitrogen & Fiber (N-Rich),27.8,10,79.1
Kamatis (Tomato),Volcanic / Silt Loam,Balanced Organic (High C / Moderate K),24.9,14,90.0
Kamatis (Tomato),Sandy Loam,Balanced Organic (High C / Moderate K),30.3,14,95.3
Talong (Eggplant),Clay Loam,Organic Soil Conditioner (High Carbon),34.6,14,70.5
Kangkong,Sandy Loam,High Phosphorus & Nitrogen (P-N Rich),43.2,7,79.2
Sili (Chili Pepper),Volcanic / Silt Loam,Balanced Organic (High C / Moderate K),22.9,10,93.9
Sili (Chili Pepper),Clay Loam,High Phosphorus & Nitrogen (P-N Rich),18.6,10,66.0
Kamatis (Tomato),Volcanic / Silt Loam,Organic Soil Conditioner (High Carbon),38.8,14,66.5
Kangkong,Clay Loam,Balanced Organic (High C / Moderate K),29.9,7,97.3
Talong (Eggplant),Sandy Loam,High Phosphorus & Nitrogen (P-N Rich),31.3,14,95.6
Kangkong,Clay Loam,Balanced Organic (High C / Moderate K),31.5,7,98.3
Pechay,Clay Loam,Organic Soil Conditioner (High Carbon),30.7,7,81.6
Kangkong,Sandy Loam,Organic Soil Conditioner (High Carbon),45.2,7,75.9
Pechay,Volcanic / Silt Loam,Balanced Organic (High C / Moderate K),35.7,7,98.9
Pechay,Sandy Loam,High Phosphorus & Nitrogen (P-N Rich),42.8,7,66.5
Talong (Eggplant),Clay Loam,High Nitrogen & Fiber (N-Rich),34.8,14,75.9
Kamatis (Tomato),Sandy Loam,High Nitrogen & Fiber (N-Rich),49.7,14,75.3
Kangkong,Clay Loam,Balanced Organic (High C / Moderate K),29.4,7,94.8
Pechay,Sandy Loam,High Phosphorus & Nitrogen (P-N Rich),44.3,7,67.2
Kangkong,Sandy Loam,High Nitrogen & Fiber (N-Rich),24.6,7,91.6
Kamatis (Tomato),Volcanic / Silt Loam,Organic Soil Conditioner (High Carbon),41.2,14,73.3
Kamatis (Tomato),Clay Loam,High Phosphorus & Nitrogen (P-N Rich),20.0,14,96.3
Sili (Chili Pepper),Volcanic / Silt Loam,High Nitrogen & Fiber (N-Rich),22.0,10,80.3
Kamatis (Tomato),Clay Loam,High Phosphorus & Nitrogen (P-N Rich),21.3,14,90.5
Talong (Eggplant),Sandy Loam,Balanced Organic (High C / Moderate K),30.4,14,88.3
Pechay,Clay Loam,High Phosphorus & Nitrogen (P-N Rich),29.5,7,77.1
Sili (Chili Pepper),Volcanic / Silt Loam,High Nitrogen & Fiber (N-Rich),21.7,10,76.2
Talong (Eggplant),Volcanic / Silt Loam,Balanced Organic (High C / Moderate K),23.8,14,95.3
Kangkong,Volcanic / Silt Loam,High Phosphorus & Nitrogen (P-N Rich),34.4,7,72.3
Pechay,Clay Loam,Organic Soil Conditioner (High Carbon),29.7,7,71.8
Kamatis (Tomato),Volcanic / Silt Loam,High Nitrogen & Fiber (N-Rich),39.9,14,78.0
Pechay,Volcanic / Silt Loam,Balanced Organic (High C / Moderate K),35.6,7,92.7
Kangkong,Volcanic / Silt Loam,High Phosphorus & Nitrogen (P-N Rich),36.1,7,76.9
Sili (Chili Pepper),Sandy Loam,Organic Soil Conditioner (High Carbon),27.3,10,75.4
Sili (Chili Pepper),Sandy Loam,High Nitrogen & Fiber (N-Rich),26.6,10,66.9
Sili (Chili Pepper),Clay Loam,Organic Soil Conditioner (High Carbon),19.1,10,73.7
Kamatis (Tomato),Clay Loam,High Phosphorus & Nitrogen (P-N Rich),21.2,14,93.8
Talong (Eggplant),Volcanic / Silt Loam,High Phosphorus & Nitrogen (P-N Rich),25.8,14,91.1
Talong (Eggplant),Sandy Loam,Balanced Organic (High C / Moderate K),31.2,14,90.5
Pechay,Volcanic / Silt Loam,Organic Soil Conditioner (High Carbon),35.1,7,72.2
Kamatis (Tomato),Volcanic / Silt Loam,Balanced Organic (High C / Moderate K),24.9,14,90.1
Sili (Chili Pepper),Sandy Loam,High Nitrogen & Fiber (N-Rich),28.7,10,71.0
Sili (Chili Pepper),Sandy Loam,Balanced Organic (High C / Moderate K),27.6,10,92.0
Kangkong,Sandy Loam,High Nitrogen & Fiber (N-Rich),25.9,7,95.9
Kangkong,Clay Loam,High Phosphorus & Nitrogen (P-N Rich),29.5,7,80.2
Sili (Chili Pepper),Clay Loam,High Phosphorus & Nitrogen (P-N Rich),19.2,10,81.2
Sili (Chili Pepper),Volcanic / Silt Loam,Organic Soil Conditioner (High Carbon),22.7,10,65.4
Kamatis (Tomato),Clay Loam,High Nitrogen & Fiber (N-Rich),33.8,14,69.7
Talong (Eggplant),Sandy Loam,High Phosphorus & Nitrogen (P-N Rich),32.0,14,91.0
Kangkong,Sandy Loam,Organic Soil Conditioner (High Carbon),42.5,7,72.5
Talong (Eggplant),Clay Loam,Organic Soil Conditioner (High Carbon),34.2,14,77.4
Kamatis (Tomato),Volcanic / Silt Loam,Balanced Organic (High C / Moderate K),25.6,14,90.2
Sili (Chili Pepper),Volcanic / Silt Loam,Organic Soil Conditioner (High Carbon),21.5,10,80.9
Talong (Eggplant),Clay Loam,High Phosphorus & Nitrogen (P-N Rich),20.9,14,89.0
Sili (Chili Pepper),Volcanic / Silt Loam,Balanced Organic (High C / Moderate K),21.1,10,94.2
Sili (Chili Pepper),Volcanic / Silt Loam,High Nitrogen & Fiber (N-Rich),21.2,10,75.3
Pechay,Volcanic / Silt Loam,High Nitrogen & Fiber (N-Rich),19.4,7,97.0
Talong (Eggplant),Sandy Loam,High Phosphorus & Nitrogen (P-N Rich),31.9,14,90.7
Talong (Eggplant),Sandy Loam,High Phosphorus & Nitrogen (P-N Rich),30.7,14,98.6
Sili (Chili Pepper),Clay Loam,Balanced Organic (High C / Moderate K),17.1,10,95.8
Kamatis (Tomato),Sandy Loam,Balanced Organic (High C / Moderate K),31.7,14,94.5
Pechay,Volcanic / Silt Loam,High Phosphorus & Nitrogen (P-N Rich),33.5,7,77.4
Sili (Chili Pepper),Sandy Loam,High Phosphorus & Nitrogen (P-N Rich),27.5,10,65.7
Kangkong,Clay Loam,High Nitrogen & Fiber (N-Rich),16.8,7,89.5
Kangkong,Sandy Loam,High Nitrogen & Fiber (N-Rich),24.7,7,95.3
Pechay,Volcanic / Silt Loam,High Nitrogen & Fiber (N-Rich),18.9,7,90.2
Kamatis (Tomato),Volcanic / Silt Loam,High Phosphorus & Nitrogen (P-N Rich),25.3,14,94.0
Sili (Chili Pepper),Clay Loam,Organic Soil Conditioner (High Carbon),18.1,10,66.2
Talong (Eggplant),Sandy Loam,High Phosphorus & Nitrogen (P-N Rich),28.7,14,89.2
Pechay,Sandy Loam,High Phosphorus & Nitrogen (P-N Rich),44.4,7,81.2
Kamatis (Tomato),Sandy Loam,High Nitrogen & Fiber (N-Rich),50.4,14,81.1
Talong (Eggplant),Volcanic / Silt Loam,High Phosphorus & Nitrogen (P-N Rich),26.1,14,93.0
Kangkong,Clay Loam,Balanced Organic (High C / Moderate K),29.9,7,91.9
Kangkong,Sandy Loam,High Phosphorus & Nitrogen (P-N Rich),44.2,7,74.8
Talong (Eggplant),Volcanic / Silt Loam,High Phosphorus & Nitrogen (P-N Rich),24.5,14,90.6
Pechay,Volcanic / Silt Loam,High Phosphorus & Nitrogen (P-N Rich),33.5,7,66.9
Kangkong,Volcanic / Silt Loam,High Phosphorus & Nitrogen (P-N Rich),34.4,7,79.2
Sili (Chili Pepper),Sandy Loam,Organic Soil Conditioner (High Carbon),27.9,10,74.6
Talong (Eggplant),Sandy Loam,High Phosphorus & Nitrogen (P-N Rich),31.5,14,91.4
Talong (Eggplant),Sandy Loam,Balanced Organic (High C / Moderate K),31.0,14,92.4
Kangkong,Sandy Loam,Balanced Organic (High C / Moderate K),43.4,7,92.4
Pechay,Sandy Loam,High Phosphorus & Nitrogen (P-N Rich),42.9,7,79.8
Sili (Chili Pepper),Sandy Loam,High Nitrogen & Fiber (N-Rich),27.3,10,71.2
Pechay,Sandy Loam,Organic Soil Conditioner (High Carbon),43.5,7,79.7
Kamatis (Tomato),Sandy Loam,High Phosphorus & Nitrogen (P-N Rich),32.3,14,92.3
Kamatis (Tomato),Sandy Loam,High Phosphorus & Nitrogen (P-N Rich),31.6,14,89.5
Kangkong,Volcanic / Silt Loam,High Phosphorus & Nitrogen (P-N Rich),35.1,7,66.9
Kangkong,Sandy Loam,High Nitrogen & Fiber (N-Rich),25.2,7,94.5
Kangkong,Clay Loam,High Nitrogen & Fiber (N-Rich),18.2,7,96.5
Kamatis (Tomato),Volcanic / Silt Loam,High Nitrogen & Fiber (N-Rich),39.7,14,71.3
Pechay,Sandy Loam,Organic Soil Conditioner (High Carbon),43.3,7,69.1
Pechay,Clay Loam,Balanced Organic (High C / Moderate K),31.0,7,98.8
Kangkong,Sandy Loam,Organic Soil Conditioner (High Carbon),44.3,7,70.9
Sili (Chili Pepper),Clay Loam,High Nitrogen & Fiber (N-Rich),18.2,10,72.4
Pechay,Clay Loam,Balanced Organic (High C / Moderate K),31.1,7,98.1
Kamatis (Tomato),Clay Loam,Balanced Organic (High C / Moderate K),21.0,14,93.1
Talong (Eggplant),Clay Loam,High Nitrogen & Fiber (N-Rich),33.7,14,68.9
Talong (Eggplant),Volcanic / Silt Loam,High Nitrogen & Fiber (N-Rich),38.9,14,77.8
Talong (Eggplant),Volcanic / Silt Loam,Organic Soil Conditioner (High Carbon),39.1,14,75.3
Sili (Chili Pepper),Clay Loam,High Nitrogen & Fiber (N-Rich),19.5,10,73.2
Kangkong,Sandy Loam,Balanced Organic (High C / Moderate K),43.6,7,88.5
Kamatis (Tomato),Clay Loam,High Phosphorus & Nitrogen (P-N Rich),21.2,14,89.9
Sili (Chili Pepper),Volcanic / Silt Loam,High Nitrogen & Fiber (N-Rich),23.0,10,76.1
Kamatis (Tomato),Sandy Loam,High Nitrogen & Fiber (N-Rich),50.4,14,69.3
Kamatis (Tomato),Volcanic / Silt Loam,Organic Soil Conditioner (High Carbon),39.1,14,78.0
Kangkong,Volcanic / Silt Loam,Organic Soil Conditioner (High Carbon),35.9,7,74.3
Talong (Eggplant),Sandy Loam,High Nitrogen & Fiber (N-Rich),50.8,14,67.5
Kangkong,Clay Loam,Balanced Organic (High C / Moderate K),29.6,7,92.6
Sili (Chili Pepper),Clay Loam,Balanced Organic (High C / Moderate K),17.7,10,97.2
Sili (Chili Pepper),Clay Loam,High Phosphorus & Nitrogen (P-N Rich),19.0,10,74.9
Sili (Chili Pepper),Clay Loam,High Nitrogen & Fiber (N-Rich),17.9,10,73.6
Kangkong,Sandy Loam,Organic Soil Conditioner (High Carbon),43.5,7,72.1
Kamatis (Tomato),Sandy Loam,Balanced Organic (High C / Moderate K),31.1,14,88.8
Kamatis (Tomato),Sandy Loam,High Phosphorus & Nitrogen (P-N Rich),30.6,14,91.4
Pechay,Volcanic / Silt Loam,High Nitrogen & Fiber (N-Rich),21.1,7,98.2
Sili (Chili Pepper),Sandy Loam,Balanced Organic (High C / Moderate K),27.0,10,93.8
Kamatis (Tomato),Clay Loam,High Nitrogen & Fiber (N-Rich),35.0,14,77.0
Pechay,Volcanic / Silt Loam,High Nitrogen & Fiber (N-Rich),20.1,7,92.0
Kamatis (Tomato),Clay Loam,Balanced Organic (High C / Moderate K),20.1,14,89.1
Sili (Chili Pepper),Clay Loam,Balanced Organic (High C / Moderate K),18.6,10,94.9
Talong (Eggplant),Sandy Loam,Balanced Organic (High C / Moderate K),32.3,14,98.8
Sili (Chili Pepper),Sandy Loam,High Nitrogen & Fiber (N-Rich),27.4,10,73.6
Kangkong,Clay Loam,High Nitrogen & Fiber (N-Rich),16.4,7,93.5
Kamatis (Tomato),Clay Loam,High Phosphorus & Nitrogen (P-N Rich),22.0,14,94.0
Kamatis (Tomato),Volcanic / Silt Loam,Organic Soil Conditioner (High Carbon),39.4,14,68.8
Kangkong,Sandy Loam,High Nitrogen & Fiber (N-Rich),22.7,7,97.1
Kangkong,Volcanic / Silt Loam,Organic Soil Conditioner (High Carbon),34.8,7,80.2
Talong (Eggplant),Volcanic / Silt Loam,Balanced Organic (High C / Moderate K),25.0,14,97.5
Kamatis (Tomato),Volcanic / Silt Loam,High Nitrogen & Fiber (N-Rich),39.8,14,68.0
Kamatis (Tomato),Clay Loam,High Phosphorus & Nitrogen (P-N Rich),21.3,14,92.4
Talong (Eggplant),Volcanic / Silt Loam,High Phosphorus & Nitrogen (P-N Rich),24.9,14,98.8
Pechay,Volcanic / Silt Loam,Organic Soil Conditioner (High Carbon),34.3,7,70.2
Talong (Eggplant),Clay Loam,Balanced Organic (High C / Moderate K),21.0,14,98.0
Sili (Chili Pepper),Sandy Loam,Organic Soil Conditioner (High Carbon),27.9,10,66.4
Kamatis (Tomato),Sandy Loam,Balanced Organic (High C / Moderate K),32.3,14,94.9
Kangkong,Volcanic / Silt Loam,High Phosphorus & Nitrogen (P-N Rich),34.0,7,65.5
Sili (Chili Pepper),Clay Loam,Organic Soil Conditioner (High Carbon),17.9,10,67.3
Kamatis (Tomato),Sandy Loam,High Phosphorus & Nitrogen (P-N Rich),31.8,14,97.4
Talong (Eggplant),Volcanic / Silt Loam,High Phosphorus & Nitrogen (P-N Rich),26.4,14,88.6
Sili (Chili Pepper),Volcanic / Silt Loam,Balanced Organic (High C / Moderate K),21.5,10,90.0
Kamatis (Tomato),Clay Loam,Organic Soil Conditioner (High Carbon),33.3,14,75.4
Pechay,Volcanic / Silt Loam,Organic Soil Conditioner (High Carbon),35.9,7,79.1
Pechay,Sandy Loam,High Phosphorus & Nitrogen (P-N Rich),44.6,7,75.3
Kangkong,Clay Loam,High Phosphorus & Nitrogen (P-N Rich),28.1,7,74.8
Kamatis (Tomato),Sandy Loam,Balanced Organic (High C / Moderate K),29.9,14,89.8
Pechay,Sandy Loam,High Nitrogen & Fiber (N-Rich),24.2,7,92.4
Talong (Eggplant),Sandy Loam,High Nitrogen & Fiber (N-Rich),50.6,14,77.9
Kamatis (Tomato),Volcanic / Silt Loam,High Phosphorus & Nitrogen (P-N Rich),25.0,14,91.2
Talong (Eggplant),Volcanic / Silt Loam,High Nitrogen & Fiber (N-Rich),40.2,14,72.1
Talong (Eggplant),Sandy Loam,High Nitrogen & Fiber (N-Rich),51.2,14,74.3
Pechay,Sandy Loam,High Nitrogen & Fiber (N-Rich),23.8,7,88.6
Kamatis (Tomato),Clay Loam,High Nitrogen & Fiber (N-Rich),33.5,14,82.0
Sili (Chili Pepper),Clay Loam,High Phosphorus & Nitrogen (P-N Rich),19.0,10,70.2
Pechay,Volcanic / Silt Loam,High Nitrogen & Fiber (N-Rich),20.6,7,91.8
Pechay,Volcanic / Silt Loam,High Nitrogen & Fiber (N-Rich),19.6,7,94.0
Kamatis (Tomato),Clay Loam,Balanced Organic (High C / Moderate K),20.5,14,91.7
Kamatis (Tomato),Sandy Loam,High Phosphorus & Nitrogen (P-N Rich),32.1,14,88.5
Talong (Eggplant),Volcanic / Silt Loam,Organic Soil Conditioner (High Carbon),40.2,14,71.5
Kamatis (Tomato),Sandy Loam,Organic Soil Conditioner (High Carbon),48.9,14,77.6
Talong (Eggplant),Clay Loam,Balanced Organic (High C / Moderate K),22.4,14,89.6
Pechay,Volcanic / Silt Loam,Balanced Organic (High C / Moderate K),35.4,7,95.8
Kangkong,Volcanic / Silt Loam,High Phosphorus & Nitrogen (P-N Rich),35.7,7,65.3
Sili (Chili Pepper),Clay Loam,Organic Soil Conditioner (High Carbon),18.8,10,68.7
Pechay,Volcanic / Silt Loam,High Nitrogen & Fiber (N-Rich),19.4,7,96.3
Kamatis (Tomato),Clay Loam,Balanced Organic (High C / Moderate K),21.4,14,89.2
Sili (Chili Pepper),Volcanic / Silt Loam,Organic Soil Conditioner (High Carbon),23.0,10,76.7
Kangkong,Clay Loam,High Phosphorus & Nitrogen (P-N Rich),29.5,7,81.5
Kangkong,Volcanic / Silt Loam,High Nitrogen & Fiber (N-Rich),19.2,7,97.4
Talong (Eggplant),Sandy Loam,High Phosphorus & Nitrogen (P-N Rich),33.3,14,98.0
Sili (Chili Pepper),Sandy Loam,Balanced Organic (High C / Moderate K),27.6,10,95.8
Talong (Eggplant),Sandy Loam,Organic Soil Conditioner (High Carbon),50.1,14,79.2
Pechay,Volcanic / Silt Loam,Organic Soil Conditioner (High Carbon),34.8,7,73.2
Sili (Chili Pepper),Volcanic / Silt Loam,Organic Soil Conditioner (High Carbon),22.3,10,72.7
Pechay,Sandy Loam,Organic Soil Conditioner (High Carbon),41.6,7,81.1
Talong (Eggplant),Sandy Loam,High Nitrogen & Fiber (N-Rich),50.7,14,74.3
Sili (Chili Pepper),Clay Loam,High Nitrogen & Fiber (N-Rich),19.2,10,76.5
Talong (Eggplant),Clay Loam,High Phosphorus & Nitrogen (P-N Rich),22.1,14,94.7
Sili (Chili Pepper),Clay Loam,High Nitrogen & Fiber (N-Rich),18.9,10,79.0
Talong (Eggplant),Sandy Loam,Balanced Organic (High C / Moderate K),31.0,14,89.3
Kangkong,Sandy Loam,Balanced Organic (High C / Moderate K),44.6,7,90.8
Talong (Eggplant),Sandy Loam,Organic Soil Conditioner (High Carbon),51.1,14,79.8
Kangkong,Clay Loam,Balanced Organic (High C / Moderate K),29.5,7,90.9
Talong (Eggplant),Volcanic / Silt Loam,High Phosphorus & Nitrogen (P-N Rich),24.2,14,88.0
Sili (Chili Pepper),Sandy Loam,High Nitrogen & Fiber (N-Rich),27.5,10,77.8
Sili (Chili Pepper),Volcanic / Silt Loam,High Nitrogen & Fiber (N-Rich),21.3,10,69.7
Sili (Chili Pepper),Volcanic / Silt Loam,High Nitrogen & Fiber (N-Rich),21.9,10,69.9
Kamatis (Tomato),Volcanic / Silt Loam,Balanced Organic (High C / Moderate K),25.3,14,96.6
Pechay,Clay Loam,High Nitrogen & Fiber (N-Rich),16.2,7,98.1
Sili (Chili Pepper),Volcanic / Silt Loam,Organic Soil Conditioner (High Carbon),22.0,10,76.6
Kangkong,Sandy Loam,Organic Soil Conditioner (High Carbon),43.8,7,69.3
Sili (Chili Pepper),Clay Loam,Organic Soil Conditioner (High Carbon),19.4,10,80.2
Kamatis (Tomato),Sandy Loam,Balanced Organic (High C / Moderate K),32.3,14,95.3
Kangkong,Sandy Loam,High Nitrogen & Fiber (N-Rich),24.8,7,92.6
Kamatis (Tomato),Clay Loam,Balanced Organic (High C / Moderate K),22.8,14,97.9
Kangkong,Sandy Loam,High Nitrogen & Fiber (N-Rich),25.6,7,91.7
Talong (Eggplant),Sandy Loam,High Phosphorus & Nitrogen (P-N Rich),30.9,14,96.8
Pechay,Clay Loam,High Phosphorus & Nitrogen (P-N Rich),29.5,7,73.8
Pechay,Sandy Loam,Balanced Organic (High C / Moderate K),43.4,7,95.2
Kamatis (Tomato),Volcanic / Silt Loam,Organic Soil Conditioner (High Carbon),39.6,14,71.5
Pechay,Sandy Loam,Balanced Organic (High C / Moderate K),44.7,7,96.7
Kamatis (Tomato),Volcanic / Silt Loam,Organic Soil Conditioner (High Carbon),40.6,14,71.0
Kamatis (Tomato),Sandy Loam,High Nitrogen & Fiber (N-Rich),49.8,14,69.1
Kamatis (Tomato),Clay Loam,Organic Soil Conditioner (High Carbon),33.5,14,68.5
Pechay,Clay Loam,Organic Soil Conditioner (High Carbon),30.6,7,65.6
Kamatis (Tomato),Sandy Loam,High Nitrogen & Fiber (N-Rich),50.1,14,80.6
Pechay,Clay Loam,High Phosphorus & Nitrogen (P-N Rich),28.9,7,69.7
Kamatis (Tomato),Sandy Loam,High Nitrogen & Fiber (N-Rich),48.3,14,66.1
Sili (Chili Pepper),Clay Loam,Balanced Organic (High C / Moderate K),18.5,10,92.6
Kamatis (Tomato),Volcanic / Silt Loam,Balanced Organic (High C / Moderate K),25.2,14,98.2
Kangkong,Sandy Loam,Balanced Organic (High C / Moderate K),44.1,7,97.7
Kamatis (Tomato),Volcanic / Silt Loam,Balanced Organic (High C / Moderate K),26.2,14,91.5
Talong (Eggplant),Volcanic / Silt Loam,Balanced Organic (High C / Moderate K),23.8,14,94.9
Kamatis (Tomato),Sandy Loam,High Phosphorus & Nitrogen (P-N Rich),31.4,14,93.3
Kangkong,Volcanic / Silt Loam,High Phosphorus & Nitrogen (P-N Rich),35.0,7,79.0
Kangkong,Sandy Loam,Organic Soil Conditioner (High Carbon),43.0,7,72.4
Pechay,Volcanic / Silt Loam,Balanced Organic (High C / Moderate K),35.7,7,89.1
Sili (Chili Pepper),Sandy Loam,High Nitrogen & Fiber (N-Rich),27.3,10,71.0
Kamatis (Tomato),Sandy Loam,Balanced Organic (High C / Moderate K),31.2,14,97.0
Pechay,Clay Loam,High Phosphorus & Nitrogen (P-N Rich),29.2,7,71.1
Sili (Chili Pepper),Sandy Loam,Balanced Organic (High C / Moderate K),27.6,10,89.9
Kamatis (Tomato),Sandy Loam,High Phosphorus & Nitrogen (P-N Rich),31.7,14,97.8
Talong (Eggplant),Volcanic / Silt Loam,Organic Soil Conditioner (High Carbon),40.1,14,82.0
Kamatis (Tomato),Sandy Loam,Organic Soil Conditioner (High Carbon),50.6,14,71.3
Kangkong,Clay Loam,Organic Soil Conditioner (High Carbon),29.4,7,82.0
Kangkong,Volcanic / Silt Loam,High Phosphorus & Nitrogen (P-N Rich),35.5,7,75.7
Talong (Eggplant),Volcanic / Silt Loam,Balanced Organic (High C / Moderate K),25.5,14,91.9
Pechay,Clay Loam,Balanced Organic (High C / Moderate K),30.2,7,94.3
Sili (Chili Pepper),Volcanic / Silt Loam,High Nitrogen & Fiber (N-Rich),22.7,10,65.4
Kamatis (Tomato),Volcanic / Silt Loam,High Phosphorus & Nitrogen (P-N Rich),24.7,14,91.7
Kangkong,Volcanic / Silt Loam,High Nitrogen & Fiber (N-Rich),19.6,7,98.0
Pechay,Volcanic / Silt Loam,Organic Soil Conditioner (High Carbon),34.4,7,65.6
Talong (Eggplant),Clay Loam,Balanced Organic (High C / Moderate K),20.4,14,94.8
Kangkong,Clay Loam,High Phosphorus & Nitrogen (P-N Rich),29.3,7,74.1
Talong (Eggplant),Volcanic / Silt Loam,High Nitrogen & Fiber (N-Rich),39.6,14,69.0
Kamatis (Tomato),Volcanic / Silt Loam,High Nitrogen & Fiber (N-Rich),39.4,14,73.5
Sili (Chili Pepper),Clay Loam,High Nitrogen & Fiber (N-Rich),18.7,10,77.4
Kangkong,Clay Loam,Balanced Organic (High C / Moderate K),28.7,7,91.6
Kangkong,Clay Loam,Balanced Organic (High C / Moderate K),30.5,7,94.3
Kamatis (Tomato),Volcanic / Silt Loam,Balanced Organic (High C / Moderate K),24.9,14,96.5
Pechay,Volcanic / Silt Loam,High Phosphorus & Nitrogen (P-N Rich),35.2,7,70.7
Sili (Chili Pepper),Sandy Loam,Balanced Organic (High C / Moderate K),26.7,10,93.1
Kangkong,Clay Loam,High Phosphorus & Nitrogen (P-N Rich),29.7,7,70.9
Sili (Chili Pepper),Volcanic / Silt Loam,High Nitrogen & Fiber (N-Rich),22.4,10,67.5
Kangkong,Clay Loam,High Nitrogen & Fiber (N-Rich),17.1,7,99.0
Sili (Chili Pepper),Volcanic / Silt Loam,Organic Soil Conditioner (High Carbon),22.8,10,71.4
Talong (Eggplant),Clay Loam,Balanced Organic (High C / Moderate K),21.5,14,89.3
Kangkong,Volcanic / Silt Loam,High Nitrogen & Fiber (N-Rich),18.9,7,95.6
Sili (Chili Pepper),Sandy Loam,Balanced Organic (High C / Moderate K),27.2,10,92.4
Pechay,Sandy Loam,High Phosphorus & Nitrogen (P-N Rich),42.9,7,66.3
Talong (Eggplant),Clay Loam,High Nitrogen & Fiber (N-Rich),34.7,14,70.3
Talong (Eggplant),Volcanic / Silt Loam,Balanced Organic (High C / Moderate K),25.0,14,89.3
Pechay,Volcanic / Silt Loam,High Nitrogen & Fiber (N-Rich),20.9,7,94.3
Sili (Chili Pepper),Clay Loam,High Nitrogen & Fiber (N-Rich),17.7,10,74.7
Kamatis (Tomato),Volcanic / Silt Loam,Balanced Organic (High C / Moderate K),24.7,14,96.2
Pechay,Clay Loam,High Nitrogen & Fiber (N-Rich),17.2,7,89.4
Sili (Chili Pepper),Volcanic / Silt Loam,High Nitrogen & Fiber (N-Rich),21.5,10,68.6
Pechay,Clay Loam,High Nitrogen & Fiber (N-Rich),14.9,7,91.4
Pechay,Volcanic / Silt Loam,High Nitrogen & Fiber (N-Rich),19.0,7,95.8
Kangkong,Clay Loam,High Phosphorus & Nitrogen (P-N Rich),30.8,7,75.6
Sili (Chili Pepper),Volcanic / Silt Loam,High Nitrogen & Fiber (N-Rich),22.7,10,70.0
Kamatis (Tomato),Sandy Loam,Organic Soil Conditioner (High Carbon),48.6,14,70.5
Kangkong,Volcanic / Silt Loam,High Nitrogen & Fiber (N-Rich),19.5,7,98.8
Pechay,Clay Loam,Balanced Organic (High C / Moderate K),29.8,7,97.0
Pechay,Sandy Loam,Organic Soil Conditioner (High Carbon),42.9,7,79.6
Pechay,Volcanic / Silt Loam,High Phosphorus & Nitrogen (P-N Rich),34.6,7,77.5
Sili (Chili Pepper),Sandy Loam,Organic Soil Conditioner (High Carbon),26.4,10,73.6
Sili (Chili Pepper),Volcanic / Silt Loam,Organic Soil Conditioner (High Carbon),23.6,10,78.8
Kangkong,Sandy Loam,Organic Soil Conditioner (High Carbon),43.8,7,66.9
Kamatis (Tomato),Clay Loam,Balanced Organic (High C / Moderate K),20.9,14,94.2
Kangkong,Volcanic / Silt Loam,Balanced Organic (High C / Moderate K),33.8,7,95.0
Talong (Eggplant),Volcanic / Silt Loam,Balanced Organic (High C / Moderate K),24.8,14,90.8
Pechay,Clay Loam,High Phosphorus & Nitrogen (P-N Rich),29.4,7,68.8
Pechay,Sandy Loam,Balanced Organic (High C / Moderate K),43.2,7,98.9
Pechay,Clay Loam,Balanced Organic (High C / Moderate K),29.4,7,94.0
Kangkong,Clay Loam,Organic Soil Conditioner (High Carbon),28.8,7,79.6
Kangkong,Sandy Loam,Balanced Organic (High C / Moderate K),44.6,7,94.2
Pechay,Clay Loam,High Nitrogen & Fiber (N-Rich),17.7,7,95.9
Kangkong,Volcanic / Silt Loam,Balanced Organic (High C / Moderate K),36.0,7,97.6
Sili (Chili Pepper),Volcanic / Silt Loam,High Phosphorus & Nitrogen (P-N Rich),20.7,10,79.8
Sili (Chili Pepper),Volcanic / Silt Loam,High Phosphorus & Nitrogen (P-N Rich),23.5,10,75.9
Kangkong,Clay Loam,High Nitrogen & Fiber (N-Rich),16.9,7,97.0
Pechay,Volcanic / Silt Loam,High Phosphorus & Nitrogen (P-N Rich),33.9,7,79.8
Kangkong,Volcanic / Silt Loam,High Phosphorus & Nitrogen (P-N Rich),34.1,7,68.8
Kangkong,Volcanic / Silt Loam,Organic Soil Conditioner (High Carbon),34.9,7,71.7
Kangkong,Volcanic / Silt Loam,High Nitrogen & Fiber (N-Rich),18.9,7,89.9
Talong (Eggplant),Volcanic / Silt Loam,Organic Soil Conditioner (High Carbon),38.8,14,81.9
Sili (Chili Pepper),Volcanic / Silt Loam,Organic Soil Conditioner (High Carbon),22.3,10,81.9
Kamatis (Tomato),Clay Loam,Balanced Organic (High C / Moderate K),20.8,14,88.6
Kamatis (Tomato),Volcanic / Silt Loam,High Nitrogen & Fiber (N-Rich),39.6,14,65.5
Talong (Eggplant),Volcanic / Silt Loam,Balanced Organic (High C / Moderate K),24.5,14,93.7
Kangkong,Sandy Loam,Balanced Organic (High C / Moderate K),44.3,7,94.3
Talong (Eggplant),Clay Loam,Organic Soil Conditioner (High Carbon),33.4,14,70.3
Talong (Eggplant),Clay Loam,High Phosphorus & Nitrogen (P-N Rich),20.6,14,98.1
Pechay,Clay Loam,High Nitrogen & Fiber (N-Rich),18.5,7,96.7
Sili (Chili Pepper),Clay Loam,High Phosphorus & Nitrogen (P-N Rich),17.9,10,78.9
Kamatis (Tomato),Volcanic / Silt Loam,Organic Soil Conditioner (High Carbon),39.0,14,80.9
Kangkong,Volcanic / Silt Loam,Organic Soil Conditioner (High Carbon),35.0,7,67.8
Kamatis (Tomato),Sandy Loam,Organic Soil Conditioner (High Carbon),49.5,14,78.6
Kamatis (Tomato),Sandy Loam,Organic Soil Conditioner (High Carbon),50.1,14,78.1
Sili (Chili Pepper),Clay Loam,Organic Soil Conditioner (High Carbon),19.4,10,66.7
Kamatis (Tomato),Sandy Loam,Organic Soil Conditioner (High Carbon),49.8,14,75.0
Kamatis (Tomato),Sandy Loam,High Phosphorus & Nitrogen (P-N Rich),31.4,14,89.9
Talong (Eggplant),Clay Loam,Balanced Organic (High C / Moderate K),22.0,14,88.1
Sili (Chili Pepper),Clay Loam,High Phosphorus & Nitrogen (P-N Rich),18.9,10,76.4
Pechay,Sandy Loam,High Nitrogen & Fiber (N-Rich),24.5,7,98.8
Kangkong,Volcanic / Silt Loam,High Phosphorus & Nitrogen (P-N Rich),35.8,7,81.5
Kamatis (Tomato),Sandy Loam,Organic Soil Conditioner (High Carbon),50.3,14,69.9
Kangkong,Sandy Loam,High Phosphorus & Nitrogen (P-N Rich),45.0,7,67.0
Pechay,Volcanic / Silt Loam,Balanced Organic (High C / Moderate K),35.9,7,93.9
Kangkong,Volcanic / Silt Loam,High Nitrogen & Fiber (N-Rich),19.5,7,96.3
Pechay,Clay Loam,High Phosphorus & Nitrogen (P-N Rich),29.8,7,80.5
Talong (Eggplant),Clay Loam,Balanced Organic (High C / Moderate K),21.1,14,94.9
Kamatis (Tomato),Sandy Loam,High Phosphorus & Nitrogen (P-N Rich),29.9,14,98.9
Pechay,Volcanic / Silt Loam,High Nitrogen & Fiber (N-Rich),19.2,7,94.9
Kangkong,Clay Loam,High Phosphorus & Nitrogen (P-N Rich),31.3,7,79.0
Kamatis (Tomato),Sandy Loam,Organic Soil Conditioner (High Carbon),49.2,14,79.6
Talong (Eggplant),Volcanic / Silt Loam,High Phosphorus & Nitrogen (P-N Rich),24.5,14,93.4
Kamatis (Tomato),Sandy Loam,Balanced Organic (High C / Moderate K),30.9,14,88.0
Pechay,Clay Loam,High Phosphorus & Nitrogen (P-N Rich),29.5,7,77.2
Talong (Eggplant),Clay Loam,Balanced Organic (High C / Moderate K),20.9,14,91.3
Kangkong,Volcanic / Silt Loam,High Nitrogen & Fiber (N-Rich),21.3,7,94.2
Talong (Eggplant),Sandy Loam,High Phosphorus & Nitrogen (P-N Rich),30.5,14,88.6
Talong (Eggplant),Volcanic / Silt Loam,High Nitrogen & Fiber (N-Rich),38.3,14,67.1
Sili (Chili Pepper),Clay Loam,High Nitrogen & Fiber (N-Rich),18.7,10,70.0
Talong (Eggplant),Clay Loam,High Phosphorus & Nitrogen (P-N Rich),21.5,14,88.7
Talong (Eggplant),Sandy Loam,Balanced Organic (High C / Moderate K),31.8,14,89.3
Kamatis (Tomato),Sandy Loam,High Nitrogen & Fiber (N-Rich),51.3,14,66.1
Kangkong,Sandy Loam,High Nitrogen & Fiber (N-Rich),24.4,7,96.3
Kamatis (Tomato),Volcanic / Silt Loam,High Phosphorus & Nitrogen (P-N Rich),22.9,14,96.6
Kamatis (Tomato),Sandy Loam,High Phosphorus & Nitrogen (P-N Rich),30.6,14,88.1
Pechay,Sandy Loam,High Phosphorus & Nitrogen (P-N Rich),42.7,7,80.8
Kamatis (Tomato),Clay Loam,High Phosphorus & Nitrogen (P-N Rich),21.6,14,98.1
Sili (Chili Pepper),Clay Loam,High Phosphorus & Nitrogen (P-N Rich),19.0,10,80.6
Sili (Chili Pepper),Sandy Loam,Organic Soil Conditioner (High Carbon),27.8,10,68.9
Pechay,Sandy Loam,High Phosphorus & Nitrogen (P-N Rich),43.7,7,66.7
Kangkong,Clay Loam,Balanced Organic (High C / Moderate K),29.4,7,90.6
Kangkong,Sandy Loam,High Nitrogen & Fiber (N-Rich),24.4,7,95.6
Kamatis (Tomato),Volcanic / Silt Loam,Balanced Organic (High C / Moderate K),25.1,14,89.8
Kamatis (Tomato),Volcanic / Silt Loam,Balanced Organic (High C / Moderate K),25.4,14,92.3
Kamatis (Tomato),Volcanic / Silt Loam,Organic Soil Conditioner (High Carbon),39.5,14,72.1
Kangkong,Sandy Loam,High Phosphorus & Nitrogen (P-N Rich),43.0,7,66.6
Talong (Eggplant),Clay Loam,High Nitrogen & Fiber (N-Rich),34.0,14,67.2
Sili (Chili Pepper),Sandy Loam,Balanced Organic (High C / Moderate K),27.1,10,90.6
Talong (Eggplant),Sandy Loam,High Phosphorus & Nitrogen (P-N Rich),32.0,14,91.0
Talong (Eggplant),Clay Loam,High Phosphorus & Nitrogen (P-N Rich),22.0,14,94.0
Kangkong,Clay Loam,Organic Soil Conditioner (High Carbon),30.2,7,79.4
Talong (Eggplant),Clay Loam,Organic Soil Conditioner (High Carbon),34.0,14,76.5
Pechay,Volcanic / Silt Loam,Organic Soil Conditioner (High Carbon),35.5,7,80.5
Kamatis (Tomato),Sandy Loam,High Nitrogen & Fiber (N-Rich),49.6,14,81.5
Pechay,Clay Loam,Balanced Organic (High C / Moderate K),30.4,7,90.2
Sili (Chili Pepper),Sandy Loam,Organic Soil Conditioner (High Carbon),28.3,10,74.3
Kamatis (Tomato),Volcanic / Silt Loam,Organic Soil Conditioner (High Carbon),39.9,14,66.7
Talong (Eggplant),Volcanic / Silt Loam,Organic Soil Conditioner (High Carbon),39.7,14,69.4
Sili (Chili Pepper),Clay Loam,Balanced Organic (High C / Moderate K),18.9,10,91.5
Kamatis (Tomato),Clay Loam,Balanced Organic (High C / Moderate K),20.4,14,92.3
Talong (Eggplant),Sandy Loam,Organic Soil Conditioner (High Carbon),50.3,14,79.6
Pechay,Clay Loam,Organic Soil Conditioner (High Carbon),29.7,7,72.6
Kamatis (Tomato),Sandy Loam,High Phosphorus & Nitrogen (P-N Rich),31.9,14,91.0
Talong (Eggplant),Clay Loam,Organic Soil Conditioner (High Carbon),34.0,14,67.4
Pechay,Sandy Loam,High Nitrogen & Fiber (N-Rich),24.9,7,89.2
Sili (Chili Pepper),Sandy Loam,High Nitrogen & Fiber (N-Rich),26.2,10,71.7
Sili (Chili Pepper),Sandy Loam,Organic Soil Conditioner (High Carbon),28.0,10,68.0
Sili (Chili Pepper),Sandy Loam,Balanced Organic (High C / Moderate K),27.8,10,96.5
Sili (Chili Pepper),Volcanic / Silt Loam,High Phosphorus & Nitrogen (P-N Rich),21.9,10,70.4
Kangkong,Sandy Loam,Balanced Organic (High C / Moderate K),43.6,7,95.2
Kamatis (Tomato),Clay Loam,Organic Soil Conditioner (High Carbon),33.8,14,78.2
Kamatis (Tomato),Volcanic / Silt Loam,High Nitrogen & Fiber (N-Rich),39.9,14,74.0
Kangkong,Volcanic / Silt Loam,High Phosphorus & Nitrogen (P-N Rich),35.6,7,79.8
Talong (Eggplant),Sandy Loam,Balanced Organic (High C / Moderate K),31.9,14,92.9
Talong (Eggplant),Volcanic / Silt Loam,Balanced Organic (High C / Moderate K),24.7,14,97.3
Sili (Chili Pepper),Sandy Loam,Organic Soil Conditioner (High Carbon),27.0,10,68.6
Pechay,Clay Loam,High Phosphorus & Nitrogen (P-N Rich),29.9,7,79.2
Talong (Eggplant),Sandy Loam,High Nitrogen & Fiber (N-Rich),49.9,14,68.0
Pechay,Volcanic / Silt Loam,Organic Soil Conditioner (High Carbon),34.4,7,74.8
Kamatis (Tomato),Clay Loam,High Phosphorus & Nitrogen (P-N Rich),21.2,14,97.4
Pechay,Sandy Loam,Balanced Organic (High C / Moderate K),44.1,7,88.7
Kamatis (Tomato),Clay Loam,Organic Soil Conditioner (High Carbon),32.7,14,77.7
Kangkong,Clay Loam,Balanced Organic (High C / Moderate K),31.4,7,91.4
Kangkong,Volcanic / Silt Loam,Balanced Organic (High C / Moderate K),36.0,7,93.5
Sili (Chili Pepper),Clay Loam,Organic Soil Conditioner (High Carbon),18.1,10,74.2
Talong (Eggplant),Volcanic / Silt Loam,Organic Soil Conditioner (High Carbon),38.7,14,79.9
Sili (Chili Pepper),Clay Loam,Organic Soil Conditioner (High Carbon),18.9,10,79.5
Kamatis (Tomato),Sandy Loam,Organic Soil Conditioner (High Carbon),50.4,14,74.5
Sili (Chili Pepper),Clay Loam,Organic Soil Conditioner (High Carbon),17.7,10,71.1
Pechay,Sandy Loam,Balanced Organic (High C / Moderate K),45.1,7,97.3
Kamatis (Tomato),Sandy Loam,High Nitrogen & Fiber (N-Rich),49.7,14,66.6
Kangkong,Clay Loam,High Nitrogen & Fiber (N-Rich),16.6,7,92.4
Talong (Eggplant),Sandy Loam,Organic Soil Conditioner (High Carbon),49.4,14,70.6
Kamatis (Tomato),Clay Loam,Balanced Organic (High C / Moderate K),21.9,14,95.2
Kamatis (Tomato),Clay Loam,High Nitrogen & Fiber (N-Rich),34.7,14,73.7
Pechay,Sandy Loam,High Nitrogen & Fiber (N-Rich),24.2,7,96.9
Talong (Eggplant),Sandy Loam,High Nitrogen & Fiber (N-Rich),49.9,14,74.6
Kangkong,Volcanic / Silt Loam,Balanced Organic (High C / Moderate K),35.3,7,98.5
Kamatis (Tomato),Sandy Loam,Organic Soil Conditioner (High Carbon),51.1,14,76.0
Kamatis (Tomato),Volcanic / Silt Loam,Organic Soil Conditioner (High Carbon),38.5,14,80.8
Pechay,Sandy Loam,Organic Soil Conditioner (High Carbon),43.1,7,81.6
Sili (Chili Pepper),Clay Loam,High Phosphorus & Nitrogen (P-N Rich),18.4,10,79.7
Kangkong,Sandy Loam,High Phosphorus & Nitrogen (P-N Rich),42.2,7,72.1
Talong (Eggplant),Clay Loam,High Phosphorus & Nitrogen (P-N Rich),21.2,14,89.6
Kamatis (Tomato),Clay Loam,Balanced Organic (High C / Moderate K),21.7,14,97.6
Kamatis (Tomato),Clay Loam,High Nitrogen & Fiber (N-Rich),33.7,14,68.2
Kangkong,Volcanic / Silt Loam,High Nitrogen & Fiber (N-Rich),20.0,7,96.4
Sili (Chili Pepper),Sandy Loam,Balanced Organic (High C / Moderate K),27.1,10,94.4
Kamatis (Tomato),Clay Loam,Balanced Organic (High C / Moderate K),21.4,14,90.3
Kangkong,Clay Loam,Organic Soil Conditioner (High Carbon),30.4,7,66.3
Pechay,Volcanic / Silt Loam,Organic Soil Conditioner (High Carbon),33.8,7,74.6
Sili (Chili Pepper),Sandy Loam,High Phosphorus & Nitrogen (P-N Rich),26.1,10,75.4
Talong (Eggplant),Sandy Loam,High Phosphorus & Nitrogen (P-N Rich),31.5,14,90.7
Kamatis (Tomato),Volcanic / Silt Loam,Balanced Organic (High C / Moderate K),25.3,14,89.5
Kangkong,Volcanic / Silt Loam,High Phosphorus & Nitrogen (P-N Rich),35.8,7,68.2
Pechay,Sandy Loam,High Nitrogen & Fiber (N-Rich),25.3,7,89.9
Talong (Eggplant),Volcanic / Silt Loam,Balanced Organic (High C / Moderate K),25.5,14,95.3
Kangkong,Sandy Loam,Balanced Organic (High C / Moderate K),43.2,7,92.5
Kangkong,Sandy Loam,High Nitrogen & Fiber (N-Rich),25.8,7,97.3
Talong (Eggplant),Clay Loam,Organic Soil Conditioner (High Carbon),33.5,14,77.9
Pechay,Clay Loam,Organic Soil Conditioner (High Carbon),28.4,7,68.2
Pechay,Sandy Loam,High Nitrogen & Fiber (N-Rich),24.2,7,89.2
Sili (Chili Pepper),Sandy Loam,High Nitrogen & Fiber (N-Rich),28.2,10,78.9
Kamatis (Tomato),Sandy Loam,High Phosphorus & Nitrogen (P-N Rich),31.2,14,99.0
Talong (Eggplant),Sandy Loam,Balanced Organic (High C / Moderate K),30.6,14,96.8
Talong (Eggplant),Sandy Loam,High Phosphorus & Nitrogen (P-N Rich),30.7,14,96.7
Talong (Eggplant),Sandy Loam,High Nitrogen & Fiber (N-Rich),51.0,14,72.7
Pechay,Volcanic / Silt Loam,High Phosphorus & Nitrogen (P-N Rich),34.9,7,75.1
Kamatis (Tomato),Sandy Loam,High Nitrogen & Fiber (N-Rich),50.3,14,81.8
Sili (Chili Pepper),Volcanic / Silt Loam,High Phosphorus & Nitrogen (P-N Rich),23.8,10,76.4
Kangkong,Volcanic / Silt Loam,High Phosphorus & Nitrogen (P-N Rich),34.4,7,69.6
Kangkong,Sandy Loam,Organic Soil Conditioner (High Carbon),44.7,7,69.7
Talong (Eggplant),Sandy Loam,High Nitrogen & Fiber (N-Rich),49.4,14,75.3
Kamatis (Tomato),Volcanic / Silt Loam,High Phosphorus & Nitrogen (P-N Rich),25.2,14,89.1
Pechay,Volcanic / Silt Loam,Balanced Organic (High C / Moderate K),35.9,7,98.6
Kamatis (Tomato),Sandy Loam,High Phosphorus & Nitrogen (P-N Rich),31.2,14,95.4
Kamatis (Tomato),Sandy Loam,High Phosphorus & Nitrogen (P-N Rich),30.2,14,95.1
Pechay,Volcanic / Silt Loam,Balanced Organic (High C / Moderate K),34.6,7,88.3
Talong (Eggplant),Volcanic / Silt Loam,High Nitrogen & Fiber (N-Rich),38.7,14,73.3
Kamatis (Tomato),Volcanic / Silt Loam,Organic Soil Conditioner (High Carbon),40.7,14,67.3
Kangkong,Clay Loam,Organic Soil Conditioner (High Carbon),31.1,7,70.0
Pechay,Volcanic / Silt Loam,Organic Soil Conditioner (High Carbon),34.9,7,65.2
Sili (Chili Pepper),Clay Loam,Balanced Organic (High C / Moderate K),18.1,10,89.7
Talong (Eggplant),Sandy Loam,High Phosphorus & Nitrogen (P-N Rich),31.9,14,92.1
Pechay,Sandy Loam,High Nitrogen & Fiber (N-Rich),26.7,7,90.5
Sili (Chili Pepper),Volcanic / Silt Loam,High Phosphorus & Nitrogen (P-N Rich),22.8,10,70.8
Sili (Chili Pepper),Sandy Loam,Organic Soil Conditioner (High Carbon),27.8,10,77.8
Kamatis (Tomato),Sandy Loam,High Phosphorus & Nitrogen (P-N Rich),30.2,14,94.1
Kamatis (Tomato),Sandy Loam,Balanced Organic (High C / Moderate K),30.1,14,97.7
Kamatis (Tomato),Sandy Loam,Balanced Organic (High C / Moderate K),31.1,14,88.4
Pechay,Clay Loam,High Nitrogen & Fiber (N-Rich),17.1,7,94.7
Pechay,Clay Loam,High Nitrogen & Fiber (N-Rich),16.8,7,93.3
Talong (Eggplant),Volcanic / Silt Loam,Organic Soil Conditioner (High Carbon),39.6,14,80.1
Kamatis (Tomato),Volcanic / Silt Loam,High Nitrogen & Fiber (N-Rich),39.4,14,74.3
Sili (Chili Pepper),Volcanic / Silt Loam,High Phosphorus & Nitrogen (P-N Rich),21.9,10,77.1
Kangkong,Sandy Loam,Balanced Organic (High C / Moderate K),43.9,7,95.7
Talong (Eggplant),Sandy Loam,Balanced Organic (High C / Moderate K),33.2,14,92.8
Pechay,Clay Loam,Balanced Organic (High C / Moderate K),28.4,7,94.5
Talong (Eggplant),Clay Loam,High Nitrogen & Fiber (N-Rich),34.6,14,72.6
Talong (Eggplant),Volcanic / Silt Loam,Balanced Organic (High C / Moderate K),24.6,14,96.9
Talong (Eggplant),Clay Loam,Balanced Organic (High C / Moderate K),20.6,14,95.5
Talong (Eggplant),Clay Loam,Balanced Organic (High C / Moderate K),20.9,14,91.5
Kangkong,Clay Loam,Organic Soil Conditioner (High Carbon),30.0,7,78.0
Kamatis (Tomato),Clay Loam,Organic Soil Conditioner (High Carbon),32.5,14,66.2
Sili (Chili Pepper),Clay Loam,High Nitrogen & Fiber (N-Rich),19.5,10,69.0
Talong (Eggplant),Volcanic / Silt Loam,Balanced Organic (High C / Moderate K),25.2,14,94.8
Talong (Eggplant),Volcanic / Silt Loam,High Nitrogen & Fiber (N-Rich),40.0,14,81.7
Talong (Eggplant),Clay Loam,Balanced Organic (High C / Moderate K),20.9,14,95.0
Kamatis (Tomato),Volcanic / Silt Loam,Balanced Organic (High C / Moderate K),22.7,14,95.5
Pechay,Sandy Loam,Balanced Organic (High C / Moderate K),43.3,7,89.1
Pechay,Clay Loam,High Nitrogen & Fiber (N-Rich),16.8,7,88.8
Kangkong,Sandy Loam,High Nitrogen & Fiber (N-Rich),26.2,7,90.2
Pechay,Volcanic / Silt Loam,Balanced Organic (High C / Moderate K),34.9,7,93.3
Talong (Eggplant),Volcanic / Silt Loam,High Phosphorus & Nitrogen (P-N Rich),25.1,14,91.7
Talong (Eggplant),Sandy Loam,High Nitrogen & Fiber (N-Rich),49.3,14,69.6
Talong (Eggplant),Volcanic / Silt Loam,Organic Soil Conditioner (High Carbon),39.9,14,75.5
Kangkong,Clay Loam,High Nitrogen & Fiber (N-Rich),15.8,7,98.7
Talong (Eggplant),Sandy Loam,Balanced Organic (High C / Moderate K),31.0,14,96.5
Pechay,Clay Loam,High Phosphorus & Nitrogen (P-N Rich),30.3,7,81.9
Kamatis (Tomato),Sandy Loam,Balanced Organic (High C / Moderate K),31.1,14,89.1
Kamatis (Tomato),Volcanic / Silt Loam,Organic Soil Conditioner (High Carbon),39.8,14,81.5
Sili (Chili Pepper),Sandy Loam,High Nitrogen & Fiber (N-Rich),28.1,10,76.4
Pechay,Sandy Loam,High Nitrogen & Fiber (N-Rich),25.6,7,93.9
Talong (Eggplant),Clay Loam,Balanced Organic (High C / Moderate K),19.9,14,96.8
Kamatis (Tomato),Volcanic / Silt Loam,Balanced Organic (High C / Moderate K),25.7,14,94.2
Pechay,Clay Loam,Organic Soil Conditioner (High Carbon),30.9,7,74.1
Kamatis (Tomato),Volcanic / Silt Loam,High Phosphorus & Nitrogen (P-N Rich),24.6,14,89.1
Talong (Eggplant),Clay Loam,Organic Soil Conditioner (High Carbon),33.7,14,78.2
Kamatis (Tomato),Sandy Loam,High Phosphorus & Nitrogen (P-N Rich),31.2,14,92.0
Sili (Chili Pepper),Clay Loam,High Nitrogen & Fiber (N-Rich),17.9,10,75.4
Sili (Chili Pepper),Volcanic / Silt Loam,High Phosphorus & Nitrogen (P-N Rich),23.0,10,71.6
Kamatis (Tomato),Volcanic / Silt Loam,High Phosphorus & Nitrogen (P-N Rich),26.3,14,96.1
Pechay,Sandy Loam,High Nitrogen & Fiber (N-Rich),25.8,7,92.3
Pechay,Volcanic / Silt Loam,High Nitrogen & Fiber (N-Rich),18.7,7,93.4
Pechay,Clay Loam,High Nitrogen & Fiber (N-Rich),16.5,7,96.4
Kamatis (Tomato),Sandy Loam,Organic Soil Conditioner (High Carbon),49.6,14,78.0
Pechay,Volcanic / Silt Loam,High Nitrogen & Fiber (N-Rich),19.8,7,88.1
Talong (Eggplant),Volcanic / Silt Loam,Balanced Organic (High C / Moderate K),25.1,14,92.7
Sili (Chili Pepper),Clay Loam,High Nitrogen & Fiber (N-Rich),18.7,10,73.0
Talong (Eggplant),Clay Loam,High Nitrogen & Fiber (N-Rich),34.0,14,69.4
Pechay,Sandy Loam,High Nitrogen & Fiber (N-Rich),25.8,7,94.6
Talong (Eggplant),Volcanic / Silt Loam,High Phosphorus & Nitrogen (P-N Rich),25.5,14,89.1
Pechay,Clay Loam,Organic Soil Conditioner (High Carbon),29.6,7,75.0
Kamatis (Tomato),Sandy Loam,High Nitrogen & Fiber (N-Rich),50.6,14,70.9
Talong (Eggplant),Volcanic / Silt Loam,Organic Soil Conditioner (High Carbon),40.2,14,69.7
Kamatis (Tomato),Volcanic / Silt Loam,Balanced Organic (High C / Moderate K),25.6,14,93.6
Kamatis (Tomato),Sandy Loam,Balanced Organic (High C / Moderate K),32.4,14,95.5
Kangkong,Sandy Loam,High Nitrogen & Fiber (N-Rich),25.9,7,91.9
Pechay,Clay Loam,Balanced Organic (High C / Moderate K),28.8,7,90.4
Sili (Chili Pepper),Volcanic / Silt Loam,Organic Soil Conditioner (High Carbon),21.9,10,72.1
Pechay,Volcanic / Silt Loam,High Phosphorus & Nitrogen (P-N Rich),35.4,7,81.5
Sili (Chili Pepper),Volcanic / Silt Loam,High Nitrogen & Fiber (N-Rich),20.9,10,67.4
Pechay,Sandy Loam,Balanced Organic (High C / Moderate K),44.1,7,96.7
Kamatis (Tomato),Clay Loam,Organic Soil Conditioner (High Carbon),34.4,14,78.3
Talong (Eggplant),Volcanic / Silt Loam,Organic Soil Conditioner (High Carbon),39.0,14,81.8
Talong (Eggplant),Sandy Loam,Balanced Organic (High C / Moderate K),31.2,14,97.7
Kangkong,Volcanic / Silt Loam,Organic Soil Conditioner (High Carbon),35.3,7,66.8
Sili (Chili Pepper),Clay Loam,Organic Soil Conditioner (High Carbon),19.9,10,68.2
Sili (Chili Pepper),Volcanic / Silt Loam,High Nitrogen & Fiber (N-Rich),22.0,10,67.6
Sili (Chili Pepper),Clay Loam,Organic Soil Conditioner (High Carbon),17.8,10,76.2
Kamatis (Tomato),Clay Loam,Balanced Organic (High C / Moderate K),20.2,14,95.3
Sili (Chili Pepper),Volcanic / Silt Loam,High Nitrogen & Fiber (N-Rich),21.7,10,72.9
Talong (Eggplant),Volcanic / Silt Loam,Balanced Organic (High C / Moderate K),25.3,14,96.7
Kamatis (Tomato),Clay Loam,High Phosphorus & Nitrogen (P-N Rich),21.7,14,88.7
Pechay,Sandy Loam,Balanced Organic (High C / Moderate K),42.9,7,97.4
Sili (Chili Pepper),Clay Loam,Balanced Organic (High C / Moderate K),19.0,10,90.8
Sili (Chili Pepper),Volcanic / Silt Loam,High Nitrogen & Fiber (N-Rich),20.4,10,68.6
Pechay,Volcanic / Silt Loam,Organic Soil Conditioner (High Carbon),34.6,7,78.8
Sili (Chili Pepper),Sandy Loam,Balanced Organic (High C / Moderate K),27.8,10,93.1
Pechay,Clay Loam,High Nitrogen & Fiber (N-Rich),17.9,7,96.5
Kamatis (Tomato),Clay Loam,High Phosphorus & Nitrogen (P-N Rich),20.1,14,88.6
Talong (Eggplant),Clay Loam,High Nitrogen & Fiber (N-Rich),34.2,14,75.3
Pechay,Volcanic / Silt Loam,High Nitrogen & Fiber (N-Rich),19.8,7,91.9
Kangkong,Clay Loam,Organic Soil Conditioner (High Carbon),28.4,7,69.8
Pechay,Sandy Loam,Balanced Organic (High C / Moderate K),42.7,7,91.1
Sili (Chili Pepper),Volcanic / Silt Loam,High Phosphorus & Nitrogen (P-N Rich),22.2,10,80.5
Kamatis (Tomato),Volcanic / Silt Loam,High Nitrogen & Fiber (N-Rich),41.5,14,80.3
Kamatis (Tomato),Clay Loam,Balanced Organic (High C / Moderate K),21.3,14,91.4
Pechay,Sandy Loam,Balanced Organic (High C / Moderate K),46.0,7,93.4
Talong (Eggplant),Volcanic / Silt Loam,High Nitrogen & Fiber (N-Rich),40.5,14,72.8
Kangkong,Volcanic / Silt Loam,Balanced Organic (High C / Moderate K),34.4,7,93.0
Kamatis (Tomato),Clay Loam,High Nitrogen & Fiber (N-Rich),34.7,14,81.3
Sili (Chili Pepper),Clay Loam,High Nitrogen & Fiber (N-Rich),17.8,10,81.0
Sili (Chili Pepper),Sandy Loam,High Nitrogen & Fiber (N-Rich),27.6,10,76.3
Talong (Eggplant),Clay Loam,High Phosphorus & Nitrogen (P-N Rich),21.4,14,92.0
Kamatis (Tomato),Sandy Loam,High Nitrogen & Fiber (N-Rich),50.1,14,75.2
Pechay,Volcanic / Silt Loam,Organic Soil Conditioner (High Carbon),34.0,7,68.9
Sili (Chili Pepper),Sandy Loam,Balanced Organic (High C / Moderate K),25.5,10,96.2
Talong (Eggplant),Sandy Loam,High Phosphorus & Nitrogen (P-N Rich),31.9,14,91.0
Kamatis (Tomato),Sandy Loam,Balanced Organic (High C / Moderate K),31.0,14,99.0
Kamatis (Tomato),Volcanic / Silt Loam,High Phosphorus & Nitrogen (P-N Rich),25.3,14,98.7
Kamatis (Tomato),Clay Loam,Organic Soil Conditioner (High Carbon),35.1,14,67.4
Kamatis (Tomato),Volcanic / Silt Loam,High Phosphorus & Nitrogen (P-N Rich),25.3,14,92.0
Kamatis (Tomato),Clay Loam,High Phosphorus & Nitrogen (P-N Rich),20.3,14,98.8
Sili (Chili Pepper),Sandy Loam,High Phosphorus & Nitrogen (P-N Rich),27.3,10,72.9
Talong (Eggplant),Sandy Loam,Balanced Organic (High C / Moderate K),31.1,14,95.5
Kamatis (Tomato),Sandy Loam,High Nitrogen & Fiber (N-Rich),51.0,14,75.1
Kangkong,Sandy Loam,Balanced Organic (High C / Moderate K),42.5,7,90.9
Kangkong,Sandy Loam,High Nitrogen & Fiber (N-Rich),25.3,7,98.5
Talong (Eggplant),Clay Loam,Balanced Organic (High C / Moderate K),20.4,14,93.3
Pechay,Clay Loam,Organic Soil Conditioner (High Carbon),29.3,7,69.2
Pechay,Sandy Loam,Organic Soil Conditioner (High Carbon),44.4,7,79.2
Pechay,Volcanic / Silt Loam,High Phosphorus & Nitrogen (P-N Rich),35.2,7,68.9
Kangkong,Volcanic / Silt Loam,Organic Soil Conditioner (High Carbon),35.0,7,67.1
Pechay,Sandy Loam,High Phosphorus & Nitrogen (P-N Rich),43.6,7,82.0
Sili (Chili Pepper),Clay Loam,High Nitrogen & Fiber (N-Rich),19.3,10,76.8
Kamatis (Tomato),Volcanic / Silt Loam,Organic Soil Conditioner (High Carbon),39.7,14,78.3
Kangkong,Volcanic / Silt Loam,High Nitrogen & Fiber (N-Rich),19.5,7,88.2
Talong (Eggplant),Volcanic / Silt Loam,Balanced Organic (High C / Moderate K),25.7,14,89.6
Talong (Eggplant),Sandy Loam,High Nitrogen & Fiber (N-Rich),48.0,14,68.8
Kamatis (Tomato),Volcanic / Silt Loam,Balanced Organic (High C / Moderate K),24.2,14,91.2
Kangkong,Volcanic / Silt Loam,High Nitrogen & Fiber (N-Rich),19.4,7,89.9
Pechay,Volcanic / Silt Loam,High Nitrogen & Fiber (N-Rich),20.8,7,90.7
Pechay,Volcanic / Silt Loam,Organic Soil Conditioner (High Carbon),35.1,7,68.7
Sili (Chili Pepper),Clay Loam,High Nitrogen & Fiber (N-Rich),17.8,10,75.3
Sili (Chili Pepper),Sandy Loam,Organic Soil Conditioner (High Carbon),26.6,10,77.0
Pechay,Sandy Loam,Organic Soil Conditioner (High Carbon),44.6,7,70.6
Talong (Eggplant),Clay Loam,High Phosphorus & Nitrogen (P-N Rich),20.3,14,95.5
Talong (Eggplant),Clay Loam,High Phosphorus & Nitrogen (P-N Rich),20.8,14,92.1
Sili (Chili Pepper),Sandy Loam,Balanced Organic (High C / Moderate K),27.2,10,91.0
Kamatis (Tomato),Volcanic / Silt Loam,High Nitrogen & Fiber (N-Rich),40.4,14,66.1
Pechay,Volcanic / Silt Loam,Balanced Organic (High C / Moderate K),34.6,7,96.1
Sili (Chili Pepper),Sandy Loam,High Nitrogen & Fiber (N-Rich),26.5,10,66.1
Sili (Chili Pepper),Volcanic / Silt Loam,High Phosphorus & Nitrogen (P-N Rich),22.5,10,68.8
Pechay,Clay Loam,High Phosphorus & Nitrogen (P-N Rich),30.2,7,68.5
Pechay,Volcanic / Silt Loam,High Nitrogen & Fiber (N-Rich),21.2,7,91.7
Talong (Eggplant),Volcanic / Silt Loam,High Nitrogen & Fiber (N-Rich),40.2,14,79.3
Kamatis (Tomato),Volcanic / Silt Loam,High Phosphorus & Nitrogen (P-N Rich),24.0,14,96.9
Kamatis (Tomato),Sandy Loam,High Phosphorus & Nitrogen (P-N Rich),32.4,14,98.8
Pechay,Clay Loam,Balanced Organic (High C / Moderate K),29.4,7,95.3
Kangkong,Volcanic / Silt Loam,High Phosphorus & Nitrogen (P-N Rich),35.7,7,81.8
Sili (Chili Pepper),Sandy Loam,High Nitrogen & Fiber (N-Rich),28.7,10,67.7
Sili (Chili Pepper),Volcanic / Silt Loam,Balanced Organic (High C / Moderate K),22.1,10,92.8
Pechay,Clay Loam,High Nitrogen & Fiber (N-Rich),17.0,7,93.1
Kangkong,Volcanic / Silt Loam,Organic Soil Conditioner (High Carbon),35.2,7,75.3
Talong (Eggplant),Clay Loam,Balanced Organic (High C / Moderate K),21.6,14,88.6
Pechay,Volcanic / Silt Loam,High Nitrogen & Fiber (N-Rich),20.8,7,92.4
Pechay,Clay Loam,High Phosphorus & Nitrogen (P-N Rich),29.6,7,65.3
Sili (Chili Pepper),Volcanic / Silt Loam,Organic Soil Conditioner (High Carbon),22.0,10,65.0
Pechay,Clay Loam,High Nitrogen & Fiber (N-Rich),16.6,7,94.8
Pechay,Volcanic / Silt Loam,Balanced Organic (High C / Moderate K),34.6,7,95.2
Pechay,Volcanic / Silt Loam,High Nitrogen & Fiber (N-Rich),19.3,7,88.6
Sili (Chili Pepper),Sandy Loam,Organic Soil Conditioner (High Carbon),27.1,10,74.9
Talong (Eggplant),Sandy Loam,Balanced Organic (High C / Moderate K),30.5,14,95.3
Talong (Eggplant),Clay Loam,Organic Soil Conditioner (High Carbon),34.7,14,66.5
Pechay,Volcanic / Silt Loam,High Nitrogen & Fiber (N-Rich),20.5,7,88.9
Sili (Chili Pepper),Clay Loam,High Phosphorus & Nitrogen (P-N Rich),18.6,10,68.7
Talong (Eggplant),Sandy Loam,High Phosphorus & Nitrogen (P-N Rich),31.4,14,90.8
Talong (Eggplant),Clay Loam,High Nitrogen & Fiber (N-Rich),33.3,14,76.6
Talong (Eggplant),Clay Loam,High Nitrogen & Fiber (N-Rich),34.0,14,75.9
Sili (Chili Pepper),Sandy Loam,High Nitrogen & Fiber (N-Rich),28.4,10,67.3
Sili (Chili Pepper),Volcanic / Silt Loam,Balanced Organic (High C / Moderate K),22.9,10,91.2
Pechay,Clay Loam,Organic Soil Conditioner (High Carbon),31.0,7,74.0
Kamatis (Tomato),Sandy Loam,Organic Soil Conditioner (High Carbon),50.7,14,76.6
Talong (Eggplant),Volcanic / Silt Loam,Organic Soil Conditioner (High Carbon),40.2,14,75.0
Kamatis (Tomato),Sandy Loam,High Nitrogen & Fiber (N-Rich),50.6,14,78.2
Sili (Chili Pepper),Clay Loam,Organic Soil Conditioner (High Carbon),17.8,10,80.3
Sili (Chili Pepper),Volcanic / Silt Loam,High Nitrogen & Fiber (N-Rich),22.6,10,71.6
Sili (Chili Pepper),Volcanic / Silt Loam,Balanced Organic (High C / Moderate K),22.7,10,88.7
Kamatis (Tomato),Sandy Loam,High Phosphorus & Nitrogen (P-N Rich),31.2,14,94.4
Sili (Chili Pepper),Sandy Loam,High Nitrogen & Fiber (N-Rich),27.5,10,67.1
Pechay,Sandy Loam,High Nitrogen & Fiber (N-Rich),24.8,7,94.5
Sili (Chili Pepper),Volcanic / Silt Loam,High Phosphorus & Nitrogen (P-N Rich),21.9,10,74.2
Kangkong,Volcanic / Silt Loam,High Phosphorus & Nitrogen (P-N Rich),35.1,7,71.6
Kamatis (Tomato),Clay Loam,Balanced Organic (High C / Moderate K),21.5,14,97.0
Kangkong,Volcanic / Silt Loam,Organic Soil Conditioner (High Carbon),34.3,7,68.7
Sili (Chili Pepper),Clay Loam,High Nitrogen & Fiber (N-Rich),18.2,10,78.0
Pechay,Sandy Loam,Organic Soil Conditioner (High Carbon),44.3,7,81.1
Talong (Eggplant),Sandy Loam,High Nitrogen & Fiber (N-Rich),50.3,14,75.9
Sili (Chili Pepper),Volcanic / Silt Loam,Balanced Organic (High C / Moderate K),21.4,10,92.3
Pechay,Sandy Loam,High Phosphorus & Nitrogen (P-N Rich),43.6,7,65.5
Kamatis (Tomato),Sandy Loam,Balanced Organic (High C / Moderate K),32.6,14,95.7
Kangkong,Volcanic / Silt Loam,High Phosphorus & Nitrogen (P-N Rich),33.4,7,74.5
Kangkong,Clay Loam,Organic Soil Conditioner (High Carbon),27.8,7,69.7
Kangkong,Volcanic / Silt Loam,Organic Soil Conditioner (High Carbon),33.4,7,71.6
Kamatis (Tomato),Clay Loam,Balanced Organic (High C / Moderate K),23.0,14,97.0
Pechay,Volcanic / Silt Loam,High Phosphorus & Nitrogen (P-N Rich),34.2,7,80.2
Kamatis (Tomato),Volcanic / Silt Loam,Balanced Organic (High C / Moderate K),24.7,14,97.5
Kangkong,Sandy Loam,High Phosphorus & Nitrogen (P-N Rich),44.2,7,65.6
Sili (Chili Pepper),Volcanic / Silt Loam,High Phosphorus & Nitrogen (P-N Rich),22.4,10,69.4
Talong (Eggplant),Volcanic / Silt Loam,Organic Soil Conditioner (High Carbon),39.8,14,76.0
Kamatis (Tomato),Clay Loam,Organic Soil Conditioner (High Carbon),35.1,14,66.4
Kamatis (Tomato),Sandy Loam,High Phosphorus & Nitrogen (P-N Rich),31.9,14,97.5
Pechay,Clay Loam,High Phosphorus & Nitrogen (P-N Rich),29.2,7,81.0
Pechay,Clay Loam,High Phosphorus & Nitrogen (P-N Rich),29.0,7,69.1
Kamatis (Tomato),Sandy Loam,Organic Soil Conditioner (High Carbon),50.1,14,71.1
Kangkong,Sandy Loam,Organic Soil Conditioner (High Carbon),44.4,7,77.5
Talong (Eggplant),Sandy Loam,High Nitrogen & Fiber (N-Rich),51.4,14,73.3
Pechay,Volcanic / Silt Loam,High Phosphorus & Nitrogen (P-N Rich),35.2,7,68.7
Kangkong,Sandy Loam,High Nitrogen & Fiber (N-Rich),24.7,7,95.9
Sili (Chili Pepper),Sandy Loam,High Phosphorus & Nitrogen (P-N Rich),28.5,10,77.7
Pechay,Sandy Loam,Organic Soil Conditioner (High Carbon),44.6,7,71.9
Kangkong,Clay Loam,High Nitrogen & Fiber (N-Rich),17.6,7,98.9
Kangkong,Clay Loam,High Nitrogen & Fiber (N-Rich),16.1,7,91.8
Talong (Eggplant),Volcanic / Silt Loam,Balanced Organic (High C / Moderate K),24.8,14,90.2
Talong (Eggplant),Clay Loam,High Phosphorus & Nitrogen (P-N Rich),21.1,14,95.6
Sili (Chili Pepper),Volcanic / Silt Loam,Organic Soil Conditioner (High Carbon),22.6,10,68.1
Kangkong,Clay Loam,Balanced Organic (High C / Moderate K),28.3,7,91.1
Kangkong,Sandy Loam,Balanced Organic (High C / Moderate K),43.4,7,90.6
Talong (Eggplant),Clay Loam,High Phosphorus & Nitrogen (P-N Rich),21.3,14,96.1
Pechay,Volcanic / Silt Loam,Balanced Organic (High C / Moderate K),34.8,7,96.7
Pechay,Clay Loam,High Phosphorus & Nitrogen (P-N Rich),31.1,7,69.5
Kamatis (Tomato),Sandy Loam,Balanced Organic (High C / Moderate K),32.1,14,95.2
Talong (Eggplant),Volcanic / Silt Loam,High Phosphorus & Nitrogen (P-N Rich),25.8,14,92.9
Kamatis (Tomato),Sandy Loam,Organic Soil Conditioner (High Carbon),49.6,14,77.9
Talong (Eggplant),Sandy Loam,High Phosphorus & Nitrogen (P-N Rich),31.4,14,91.5
Sili (Chili Pepper),Volcanic / Silt Loam,High Phosphorus & Nitrogen (P-N Rich),21.3,10,65.9
Kangkong,Sandy Loam,High Nitrogen & Fiber (N-Rich),24.3,7,91.7
Sili (Chili Pepper),Sandy Loam,Organic Soil Conditioner (High Carbon),28.3,10,78.0
Talong (Eggplant),Clay Loam,Organic Soil Conditioner (High Carbon),34.7,14,77.7
Kangkong,Sandy Loam,Organic Soil Conditioner (High Carbon),43.0,7,77.7
Pechay,Sandy Loam,Balanced Organic (High C / Moderate K),43.8,7,92.4
Pechay,Sandy Loam,High Nitrogen & Fiber (N-Rich),23.8,7,98.1
Kamatis (Tomato),Sandy Loam,Organic Soil Conditioner (High Carbon),50.4,14,75.9
Talong (Eggplant),Volcanic / Silt Loam,Balanced Organic (High C / Moderate K),24.2,14,92.7
Talong (Eggplant),Clay Loam,Balanced Organic (High C / Moderate K),21.3,14,94.5
Pechay,Sandy Loam,Balanced Organic (High C / Moderate K),45.1,7,97.0
Sili (Chili Pepper),Sandy Loam,High Nitrogen & Fiber (N-Rich),26.7,10,77.3
Kangkong,Volcanic / Silt Loam,Balanced Organic (High C / Moderate K),35.3,7,97.2
Sili (Chili Pepper),Sandy Loam,High Nitrogen & Fiber (N-Rich),27.5,10,80.9
Sili (Chili Pepper),Volcanic / Silt Loam,High Phosphorus & Nitrogen (P-N Rich),21.1,10,69.4
Pechay,Clay Loam,Balanced Organic (High C / Moderate K),29.2,7,96.3
Pechay,Clay Loam,Organic Soil Conditioner (High Carbon),30.1,7,79.9
Pechay,Sandy Loam,Balanced Organic (High C / Moderate K),43.6,7,90.0
Kamatis (Tomato),Sandy Loam,High Phosphorus & Nitrogen (P-N Rich),32.4,14,91.6
Sili (Chili Pepper),Sandy Loam,High Phosphorus & Nitrogen (P-N Rich),27.9,10,67.7
Talong (Eggplant),Volcanic / Silt Loam,Balanced Organic (High C / Moderate K),24.2,14,94.1
Kangkong,Sandy Loam,High Phosphorus & Nitrogen (P-N Rich),44.4,7,67.1
Kamatis (Tomato),Sandy Loam,High Nitrogen & Fiber (N-Rich),50.8,14,66.0
